-- phpMyAdmin SQL Dump
-- version 4.5.2
-- http://www.phpmyadmin.net
--
-- Host: 127.0.0.1
-- Generation Time: May 22, 2018 at 12:47 PM
-- Server version: 5.7.9
-- PHP Version: 5.6.16

SET SQL_MODE = "NO_AUTO_VALUE_ON_ZERO";
SET time_zone = "+00:00";


/*!40101 SET @OLD_CHARACTER_SET_CLIENT=@@CHARACTER_SET_CLIENT */;
/*!40101 SET @OLD_CHARACTER_SET_RESULTS=@@CHARACTER_SET_RESULTS */;
/*!40101 SET @OLD_COLLATION_CONNECTION=@@COLLATION_CONNECTION */;
/*!40101 SET NAMES utf8mb4 */;

--
-- Database: `vision_plus`
--

DELIMITER $$
--
-- Functions
--
DROP FUNCTION IF EXISTS `getWorkingday`$$
CREATE DEFINER=`root`@`localhost` FUNCTION `getWorkingday` (`d1` DATETIME, `d2` DATETIME, `retType` VARCHAR(20)) RETURNS VARCHAR(255) CHARSET utf8 BEGIN
 DECLARE dow1, dow2,daydiff,workdays, weekenddays, retdays,hourdiff INT;
    declare newstrt_dt datetime;
   SELECT dd.iDiff, dd.iDiff - dd.iWeekEndDays AS iWorkDays, dd.iWeekEndDays into daydiff, workdays, weekenddays
  FROM (
   SELECT
     dd.iDiff,
     ((dd.iWeeks * 2) + 
      IF(dd.iSatDiff >= 0 AND dd.iSatDiff < dd.iDays, 1, 0) + 
      IF (dd.iSunDiff >= 0 AND dd.iSunDiff < dd.iDays, 1, 0)) AS iWeekEndDays
       FROM (
      SELECT  dd.iDiff, FLOOR(dd.iDiff / 7) AS iWeeks, dd.iDiff % 7 iDays, 5 - dd.iStartDay AS iSatDiff,  6 - dd.iStartDay AS iSunDiff
     FROM (
      SELECT
        1 + DATEDIFF(d2, d1) AS iDiff,
        WEEKDAY(d1) AS iStartDay
      ) AS dd
    ) AS dd
  ) AS dd ;
  if(retType = 'day_diffs') then
  set retdays = daydiff; 
 elseif(retType = 'work_days') then
  set retdays = workdays; 
 elseif(retType = 'weekend_days') then  
  set retdays = weekenddays; 
 end if; 
    RETURN retdays; 
    END$$

DELIMITER ;

-- --------------------------------------------------------

--
-- Table structure for table `frontweb_activity_photo_gallery`
--

DROP TABLE IF EXISTS `frontweb_activity_photo_gallery`;
CREATE TABLE IF NOT EXISTS `frontweb_activity_photo_gallery` (
  `activity_photo_gallery_id` int(11) NOT NULL AUTO_INCREMENT COMMENT 'primary key',
  `centre_id` int(11) DEFAULT NULL,
  `image_name` varchar(255) DEFAULT NULL,
  `added_date` datetime DEFAULT NULL,
  `added_type` tinyint(1) NOT NULL DEFAULT '1' COMMENT '1:Admin , 2:Campus manager',
  `status` tinyint(1) NOT NULL DEFAULT '1' COMMENT '1:Active , 0:inactive',
  `delete_flag` tinyint(1) NOT NULL DEFAULT '0' COMMENT '0:not delete and \r\n 1:deleted',
  PRIMARY KEY (`activity_photo_gallery_id`)
) ENGINE=MyISAM AUTO_INCREMENT=16 DEFAULT CHARSET=utf8;

--
-- Dumping data for table `frontweb_activity_photo_gallery`
--

INSERT INTO `frontweb_activity_photo_gallery` (`activity_photo_gallery_id`, `centre_id`, `image_name`, `added_date`, `added_type`, `status`, `delete_flag`) VALUES
(1, 67, '1524482950.jpg', '2018-04-23 10:49:02', 1, 1, 0),
(2, 67, '1524480560.jpg', '2018-04-23 10:49:20', 1, 1, 0),
(3, 36, '1524480583.jpg', '2018-04-23 10:49:43', 2, 1, 0),
(4, 36, '1524480596.jpg', '2018-04-23 10:49:56', 2, 1, 0),
(5, 6, '1524487608.jpg', '2018-04-23 12:46:48', 1, 1, 0),
(6, 6, '1524487632.jpg', '2018-04-23 12:47:12', 1, 1, 0),
(7, 6, '1524487803.jpg', '2018-04-23 12:50:03', 2, 1, 0),
(8, 6, '1524446146.jpg', '2018-04-23 13:15:46', 2, 1, 0),
(9, 6, '1524446183.jpg', '2018-04-23 13:16:23', 2, 1, 0),
(10, 6, '1524446229.jpg', '2018-04-23 13:16:38', 2, 1, 0),
(11, 6, '1524446216.jpg', '2018-04-23 13:16:56', 2, 1, 0),
(12, 6, '1524446345.jpg', '2018-04-23 13:17:53', 2, 1, 0),
(13, 6, '1524446284.jpg', '2018-04-23 13:18:04', 2, 1, 0),
(14, 3, '1524620710.jpg', '2018-04-25 13:45:10', 2, 1, 0),
(15, 3, '1524620722.jpg', '2018-04-25 13:45:22', 2, 1, 0);

-- --------------------------------------------------------

--
-- Table structure for table `frontweb_adult_course_brochure`
--

DROP TABLE IF EXISTS `frontweb_adult_course_brochure`;
CREATE TABLE IF NOT EXISTS `frontweb_adult_course_brochure` (
  `id` int(11) NOT NULL AUTO_INCREMENT COMMENT 'primary key',
  `file_name` varchar(255) DEFAULT NULL,
  `file_description` text,
  `course_id` int(11) NOT NULL COMMENT 'foreign key',
  PRIMARY KEY (`id`)
) ENGINE=MyISAM AUTO_INCREMENT=2 DEFAULT CHARSET=utf8;

--
-- Dumping data for table `frontweb_adult_course_brochure`
--

INSERT INTO `frontweb_adult_course_brochure` (`id`, `file_name`, `file_description`, `course_id`) VALUES
(1, '1514289779.pdf', 'BROCHURE', 13);

-- --------------------------------------------------------

--
-- Table structure for table `frontweb_adult_course_feature`
--

DROP TABLE IF EXISTS `frontweb_adult_course_feature`;
CREATE TABLE IF NOT EXISTS `frontweb_adult_course_feature` (
  `feature_id` int(11) NOT NULL AUTO_INCREMENT COMMENT 'primary key',
  `feature_title` varchar(100) DEFAULT NULL,
  `feature_description` text,
  `feature_image` varchar(200) DEFAULT NULL,
  `adult_course_id` int(11) NOT NULL COMMENT 'foreign key',
  PRIMARY KEY (`feature_id`)
) ENGINE=MyISAM AUTO_INCREMENT=11 DEFAULT CHARSET=utf8;

--
-- Dumping data for table `frontweb_adult_course_feature`
--

INSERT INTO `frontweb_adult_course_feature` (`feature_id`, `feature_title`, `feature_description`, `feature_image`, `adult_course_id`) VALUES
(1, 'Succeeding in your studies', '<p style="color: #999 !important; font-weight: normal !important; text-transform: none !important;">Whilst at university in the UK, students can benefit substantially through obtaining independent mentoring advice. PLUS takes two approaches:</p>\n<p style="color: #999 !important; font-weight: normal !important; text-transform: none !important;">- Offering regular advice to discuss current and upcoming academic challenges<br /> - Providing specific support at key times in the academic year<br /> - The aim of these services are to help students succeed academically and gain confidence in their academic ability.</p>\n<p style="color: #999 !important; font-weight: normal !important; text-transform: none !important;">This is delivered through a number of approaches including:</p>\n<p style="color: #999 !important; font-weight: normal !important; text-transform: none !important;">- Academic mentoring on all aspects of study including, project work, exam preparation and research skills<br /> - Specialist advice on dissertation and project selection<br /> - Proof reading services including stylistic writing advice<br /> - Selecting and applying for placements in industry<br /> - Gaining relevant work experience in university holidays.</p>', '1525845503.jpg', 1),
(2, 'Making your choice', '<p style="color: #999 !important; font-weight: normal !important; text-transform: none !important;">Choosing a degree course and university is often a daunting prospect. PLUS provide specialist support to make this process easier, providing carear advice and support in selecting your degree and university.</p>\n<p style="color: #999 !important; font-weight: normal !important; text-transform: none !important;">PLUS helps prospective undergraduate and postgraduate applicants (Masters Degrees and PhDs) to make the right choices, in the following subject areas:</p>\n<p style="color: #999 !important; font-weight: normal !important; text-transform: none !important;">- Science, Mathematics and Engineering<br /> - Humanities and Social Sciences<br /> - Law<br /> - Business Studies, Economics and Finance<br /> - Sports and Health<br /> - Art, Design and Fashion</p>', '1525435091.jpg', 1),
(3, 'About our academic staff', '<p style="color: #999 !important; font-weight: normal !important; text-transform: none !important;">The PLUS University Support was established to provide independent specialist advice and support to help prospective students make the right choice and submit a successful application to university.</p>\n<p style="color: #999 !important; font-weight: normal !important; text-transform: none !important;">Whilst support in applying to university is our most popular service, we recognize that this is just the start of your academic journey and we are able to support you throughout your time at university in the UK.</p>', '1525435117.jpg', 1),
(4, 'Taught undegradute and postgraduate courses', '<p style="color: #999 !important; font-weight: normal !important; text-transform: none !important;">Whilst every client is different and we pride ourselves on providing a personal and impartial service, our application support service has been designed to ensure our clients make the best choices and give themselves:</p>\n<p><br /><br /></p>\n<div style="width: 100%;">\n<p style="width: 40%; float: left; color: #999 !important; font-weight: normal !important; text-transform: none !important;">Initial Skype call to understand the clients interests and ability</p>\n<p style="width: 20%; float: left;"><img style="width: 65px;" src="../../../../../uploads/tinymce/right.png?1525435181908" /></p>\n<p style="width: 40%; float: left; color: #999 !important; font-weight: normal !important; text-transform: none !important;">Undertake research outlining at least 6 universities offering suitable courses</p>\n</div>\n<div style="width: 100%;">\n<p style="width: 70%; float: left;">&nbsp;</p>\n<p style="width: 30%; float: left;"><img style="width: 65px;" src="../../../../../uploads/tinymce/down.png?1525435181908" /></p>\n</div>\n<div style="width: 100%;">\n<p style="width: 40%; float: left; color: #999 !important; font-weight: normal !important; text-transform: none !important;">Skype calls to discuss the application process and personal statement</p>\n<p style="width: 20%; float: left;"><img style="width: 65px;" src="../../../../../uploads/tinymce/left.png?1525435181908" /></p>\n<p style="width: 40%; float: left; color: #999 !important; font-weight: normal !important; text-transform: none !important;">Follow up Skype call/s to discuss course options</p>\n</div>\n<div style="width: 100%;">\n<p style="width: 30%;"><img style="width: 65px;" src="../../../../../uploads/tinymce/down.png?1525435181908" /></p>\n<p style="width: 70%; float: left;">&nbsp;</p>\n</div>\n<div style="width: 100%;">\n<p style="width: 40%; float: left; color: #999 !important; font-weight: normal !important; text-transform: none !important;">Skype and written support to help the client develop the best possible application</p>\n<p style="width: 20%; float: left;"><img style="width: 65px;" src="../../../../../uploads/tinymce/right.png?1525435181908" /></p>\n<p style="width: 40%; float: left; color: #999 !important; font-weight: normal !important; text-transform: none !important;">Supporting submission through the UCAS process (undergraduate) and through direct applications (postgraduate). Advising on next steps</p>\n</div>\n<div class="clearfix">&nbsp;</div>\n<p><br /><br /></p>\n<p style="color: #999 !important; font-weight: normal !important; text-transform: none !important;">Some courses do, however, need more support requiring further input from PLUS this includes:</p>\n<p><br /><br /></p>\n<div style="width: 100%;">\n<p style="width: 50%; float: left; color: #999 !important; font-weight: normal !important; text-transform: none !important;">Specialist advice when applying for medicine, dentistry or veterinary science</p>\n<p style="width: 50%; float: left; color: #999 !important; font-weight: normal !important; text-transform: none !important;">Tailored support and interview preparation for Oxbridge applicants</p>\n</div>\n<div class="clearfix">&nbsp;</div>\n<div style="width: 100%;">\n<p style="width: 50%; float: left; color: #999 !important; font-weight: normal !important; text-transform: none !important;">Information and advice about moving to the UK and living in the different university cities</p>\n<p style="width: 50%; float: left; color: #999 !important; font-weight: normal !important; text-transform: none !important;">More in depth careers counselling to ensure those who a less sure of their plans make the right choices</p>\n</div>\n<div class="clearfix">&nbsp;</div>\n<p><br /><br /></p>\n<p style="color: #999 !important; font-weight: normal !important; text-transform: none !important;">Following a successful application, PLUS can help our clients throughout their time at University, through a range of mentoring and advisory services including:</p>\n<p><br /><br /></p>\n<div style="width: 100%;">\n<p style="width: 50%; float: left; color: #999 !important; font-weight: normal !important; text-transform: none !important;">Regular academic mentoring sessions</p>\n<p style="width: 50%; float: left; color: #999 !important; font-weight: normal !important; text-transform: none !important;">Advice and support on dissertations, projects and placement</p>\n</div>\n<div class="clearfix">&nbsp;</div>', '1525435328.jpg', 1),
(5, 'Prospective undergraduate students', '<p style="color: #999 !important; font-weight: normal !important; text-transform: none !important;">Services being provided to a prospective undergraduate student</p>\n<h2>PHASE 1</h2>\n<p>&nbsp;</p>\n<h3 style="color: #999 !important; font-weight: bold;">Phase 1 includes:</h3>\n<ul>\n<li style="display: list-item; margin-left: 30px;">Independent advice to help a student make the right choice of course and university</li>\n<li style="display: list-item; margin-left: 30px;">Research into 5 suitable course options that meet student&rsquo;s needs and expected educational attainment.</li>\n</ul>\n<p>&nbsp;</p>\n<h3 style="color: #999 !important; font-weight: bold;">Phase 1 Steps:</h3>\n<ul>\n<li style="margin-left: 30px;">1. Student completes enquiry form</li>\n<li style="margin-left: 30px;">2. Our consultant arranges a Skype call with the student</li>\n<li style="margin-left: 30px;">3. PLUS undertakes research into 5 suitable courses and universities based on the information identified above</li>\n<li style="margin-left: 30px;">4. Second Skype call to present research to a student and provide an opportunity to progress to Phase 2.</li>\n</ul>\n<p>&nbsp;</p>\n<p style="color: #999 !important; font-weight: normal !important; text-transform: none !important;">Price: &pound;500.00</p>\n<p>&nbsp;</p>\n<h2>PHASE 2</h2>\n<p>&nbsp;</p>\n<h3 style="color: #999 !important; font-weight: bold;">Phase 2 includes:</h3>\n<ul>\n<li style="display: list-item; margin-left: 30px;">Advice to ensure your UCAS form is completed and submitted correctly</li>\n<li style="display: list-item; margin-left: 30px;">Advice on writing an accompanying personal statement</li>\n<li style="display: list-item; margin-left: 30px;">Advice on other areas such as obtaining a suitable school reference and completing IELTS test</li>\n<li style="display: list-item; margin-left: 30px;">Advice on what course to select as your first and insured choice.</li>\n</ul>\n<p>&nbsp;</p>\n<h3 style="color: #999 !important; font-weight: bold;">Phase 2 Steps:</h3>\n<ul>\n<li style="display: list-item; margin-left: 30px;">Student registers with UCAS through PLUS which is a registered UCAS centre.</li>\n<li style="display: list-item; margin-left: 30px;">PLUS provides guidance on completing the UCAS form, obtaining school reference and undertaking additional tests like IELTS etc.</li>\n<li style="display: list-item; margin-left: 30px;">PLUS provides guidance on writing a personal statement. Student writes a draft version. PLUS reviews it and provides feedback.</li>\n<li style="display: list-item; margin-left: 30px;">Student completes administrative side of UCAS form including uploading the finalised personal statement.</li>\n<li style="display: list-item; margin-left: 30px;">Skype call(s) are scheduled with the student as necessary to ensure the form is completed correctly.</li>\n<li style="display: list-item; margin-left: 30px;">Student submits UCAS form.</li>\n</ul>\n<p>&nbsp;</p>\n<p style="color: #999 !important; font-weight: normal !important; text-transform: none !important;">Price: &pound;1,200.00</p>\n<p>&nbsp;</p>', '1525435422.jpg', 1),
(6, 'Our team', '<p style="color: #999 !important; font-weight: normal !important; text-transform: none !important;">All our Academic Team is here to provide a personalised and independent support for undergraduate and postgraduate students.</p>\n<p>&nbsp;</p>\n<p style="color: #999 !important; font-weight: normal !important; text-transform: none !important;">Having worked with students throughout their career, they will be the primary point of contact.</p>\n<p>&nbsp;</p>\n<p style="color: #999 !important; font-weight: normal !important; text-transform: none !important;">The team have experience working and lecturing at the UK universities across multidisciplinary fields such as science, social science and business.</p>\n<p>&nbsp;</p>\n<p style="color: #999 !important; font-weight: normal !important; text-transform: none !important;">Thanks to their experience we are able to provide unique and specialist support and advice.</p>\n<p>&nbsp;</p>\n<p style="color: #999 !important; font-weight: normal !important; text-transform: none !important;">Our associates work in specialist fields in academia, healthcare and industry.</p>\n<p>&nbsp;</p>', '1525435465.jpg', 1),
(7, 'Securing your place at university', '<p style="color: #999 !important; font-weight: normal !important; text-transform: none !important;">PLUS t supports you to secure your preferred course and university. In the UK, this process involves completing a UCAS application form, which requires you to submit a personal statement and for some courses attend an interview. We guide you through this process, considering your academic ability and interests, working with you to understand your strengths, and increasing your confidence to succeed in your applications.</p>\n<p>&nbsp;</p>\n<p style="color: #999 !important; font-weight: normal !important; text-transform: none !important;">Our expert advice provides support to students and their parents and guardians in considering the following aspects:</p>\n<p>&nbsp;</p>\n<p style="color: #999 !important; font-weight: normal !important; text-transform: none !important;">Careers counselling, professional advice, researching choices of degree and university to suit an applicant&rsquo;s academic ability and interests (a minimum of six courses are thoroughly researched).</p>\n<p style="color: #999 !important; font-weight: normal !important; text-transform: none !important;">Advice on English language requirements for courses, tuition fees and scholarships where possible</p>\n<p style="color: #999 !important; font-weight: normal !important; text-transform: none !important;">- Advice on all aspects of the UCAS process<br /> - Support in writing the accompanying personal statement<br /> - Interview preparation for undergraduates and postgraduates<br /> - Specialist support and advice in applying to Oxbridge<br /> Postgraduate service providing support to MPhil and PhD applicants in identifying academic specialists and preparing project proposals.</p>', '1525435496.jpg', 1),
(8, 'Living in the uk', '<p style="color: #999 !important; font-weight: normal !important; text-transform: none !important;">Coming to study in the UK from overseas is an amazing experience. However, moving to the UK is a big moment in a new students life. Ensuring that many of the practicalities of living in the UK are dealt with is important. PLUS provides advice on moving to and living in the UK.</p>\n<p>&nbsp;</p>\n<p style="color: #999 !important; font-weight: normal !important; text-transform: none !important;">Having a great time, making new friends and exploring new places are integral to studying successfully. All universities offer a wide range of clubs and societies which are really important in making friends with like minded people. Studying in the UK also provides an opportunity to explore the countries rich cultural heritage and many areas of outstanding natural beauty.</p>\n<p>&nbsp;</p>\n<p style="color: #999 !important; font-weight: normal !important; text-transform: none !important;">PLUS''s mentoring programme not only supports you to excel in your studies, but also to make the most of your time in the UK. We can help you in moving to the UK and once you have arrived.</p>\n<p>&nbsp;</p>\n<p style="color: #999 !important; font-weight: normal !important; text-transform: none !important;">Your university experience will be individual to you. Our independent personal support means we are always here if you need our help or guidance.</p>\n<p>&nbsp;</p>', '1525435529.jpg', 1),
(9, 'Postgraduate research course', '<p style="color: #999 !important; font-weight: normal !important; text-transform: none !important;">With the UK being a leading nation for excellence in research there are a wealth of opportunities for postgraduate students looking to develop their academic careers. PLUS offers a bespoke range of highly personalised services to support our clients in securing PhD, MPhil &amp; MRes studentships. <strong>This process is unique</strong> to <strong>each</strong> student but usually at the first stage follows the approach below:</p>\n<p>&nbsp;</p>\n<p style="color: #999 !important; font-weight: normal !important; text-transform: none !important;">Initial Skype call to understand the clients research interests and discuss application options</p>\n<div style="width: 100%;">\n<p style="width: 50%; float: left; text-align: center; margin-left: -60px;"><img style="width: 65px;" src="../../../../../uploads/tinymce/down.png?1525435713942" /></p>\n<p style="width: 50%; float: left; text-align: center;"><img style="width: 65px;" src="../../../../../uploads/tinymce/down.png?1525435713942" /></p>\n</div>\n<div style="width: 100%;">\n<p style="width: 50%; float: left; color: #999 !important; font-weight: normal !important; text-transform: none !important;"><u>Applying for advertised opportunity</u><br /> Undertake an initial review of currently advertised opportunities</p>\n<p style="width: 50%; float: left; color: #999 !important; font-weight: normal !important; text-transform: none !important;"><u>Proposing own project </u><br />Provide advice on how to draft a research proposal</p>\n</div>\n<div style="width: 100%;">\n<p style="width: 50%; float: left; text-align: center; margin-left: -60px;"><img style="width: 65px;" src="../../../../../uploads/tinymce/down.png?1525435713942" /></p>\n<p style="width: 50%; float: left; text-align: center;"><img style="width: 65px;" src="../../../../../uploads/tinymce/down.png?1525435713942" /></p>\n</div>\n<div style="width: 100%;">\n<p style="width: 50%; float: left; color: #999 !important; font-weight: normal !important; text-transform: none !important;">Skype call to discuss opportunities and<br /> advice on searching for further<br /> opportunities</p>\n<p style="width: 50%; float: left; color: #999 !important; font-weight: normal !important; text-transform: none !important;">Skype consultation to review students proposal and identify potential research groups</p>\n</div>\n<div class="clearfix">&nbsp;</div>\n<p>&nbsp;</p>\n<p style="width: 100%; float: left; text-align: center; color: #999 !important; font-weight: normal !important; text-transform: none !important;">Bespoke services</p>\n<p>&nbsp;</p>\n<div style="width: 100%;">\n<p style="width: 50%; float: left; text-align: center; margin-left: -60px;"><img style="width: 65px;" src="../../../../../uploads/tinymce/down.png?1525435713942" /></p>\n<p style="width: 50%; float: left; text-align: center;"><img style="width: 65px;" src="../../../../../uploads/tinymce/down.png?1525435713942" /></p>\n</div>\n<div style="width: 100%;">\n<p style="width: 50%; float: left; color: #999 !important; font-weight: normal !important; text-transform: none !important;">Skype and written support to develop the application and to</p>\n<p style="width: 50%; float: left; color: #999 !important; font-weight: normal !important; text-transform: none !important;">Skype and written support to develop and submit a full proposal</p>\n</div>\n<div class="clearfix">&nbsp;</div>\n<p>&nbsp;</p>\n<p style="color: #999 !important; font-weight: normal !important; text-transform: none !important;">Once the client receives their place within the research group the work begins. Postgraduate research is highly rewarding but equally challenging. PLUS supports our clients throughout their research through a range of mentoring and advisory services including:</p>\n<p>&nbsp;</p>\n<div style="width: 100%;">\n<p style="width: 50%; float: left; color: #999 !important; font-weight: normal !important; text-transform: none !important;">Regular academic mentoring sessions</p>\n<p style="width: 50%; float: left; color: #999 !important; font-weight: normal !important; text-transform: none !important;">Advice and support on thesis writing, publications and reports</p>\n</div>\n<div style="width: 100%;">\n<p style="width: 50%; float: left; color: #999 !important; font-weight: normal !important; text-transform: none !important;">Presentation skills and networking</p>\n<p style="width: 50%; float: left; color: #999 !important; font-weight: normal !important; text-transform: none !important;">Support in progressing their academic career post studies</p>\n</div>\n<div class="clearfix">&nbsp;</div>', '1525436068.jpg', 1),
(10, 'Prospective postgraduate students application process', '<p style="color: #999 !important; font-weight: normal !important; text-transform: none !important;">Services being provided to a prospective undergraduate student</p>\n<h2>PHASE 1</h2>\n<p>&nbsp;</p>\n<h3 style="color: #999 !important; font-weight: bold;">Phase 1 includes:</h3>\n<ul>\n<li style="display: list-item; margin-left: 30px;">Independent advice to help a student make the right choice of course and university</li>\n<li style="display: list-item; margin-left: 30px;">Research into 5 suitable course options that meet student&rsquo;s needs and expected educational attainment.</li>\n</ul>\n<p>&nbsp;</p>\n<h3 style="color: #999 !important; font-weight: bold;">Phase 1 Steps:</h3>\n<ul>\n<li style="margin-left: 30px;">1. Student completes enquiry form</li>\n<li style="margin-left: 30px;">2. Our consultant arranges a Skype call with the student</li>\n<li style="margin-left: 30px;">3. PLUS undertake research into 5 suitable courses and universities based on the information identified above</li>\n<li style="margin-left: 30px;">4. Second Skype call to present research to a student and provide an opportunity to progress to Phase 2.</li>\n</ul>\n<p>&nbsp;</p>\n<p style="color: #999 !important; font-weight: normal !important; text-transform: none !important;">Price: &pound;500.00</p>\n<p>&nbsp;</p>\n<h2>PHASE 2</h2>\n<p>&nbsp;</p>\n<h3 style="color: #999 !important; font-weight: bold;">Phase 2 includes:</h3>\n<ul>\n<li style="display: list-item; margin-left: 30px;">Advice to ensure each postgraduate application is completed and submitted correctly</li>\n<li style="display: list-item; margin-left: 30px;">Advice in writing an accompanying personal statement</li>\n<li style="display: list-item; margin-left: 30px;">Advice in writing a suitable CV</li>\n<li style="display: list-item; margin-left: 30px;">Support in other areas &ndash; e.g. obtaining a suitable reference and taking IELTS tests</li>\n<li style="display: list-item; margin-left: 30px;">Advice on what course to select when offers come through.</li>\n</ul>\n<p>&nbsp;</p>\n<h3 style="color: #999 !important; font-weight: bold;">Phase 2 Steps:</h3>\n<ul>\n<li style="display: list-item; margin-left: 30px;">Student registers with individual universities and completes administrative side of each application form.</li>\n<li style="display: list-item; margin-left: 30px;">PLUS provides advice on completing each form (via Skype calls), obtaining a reference and undertaking additional tests like IELTS etc.</li>\n<li style="display: list-item; margin-left: 30px;">PLUS reviews a student&rsquo;s CV and provides one round of feedback.</li>\n<li style="display: list-item; margin-left: 30px;">PLUS provides guidance on writing a personal statement. Student writes a draft version. PLUS reviews it and provides feedback.</li>\n<li style="display: list-item; margin-left: 30px;">With guidance, the student finalises their personal statement.</li>\n<li style="display: list-item; margin-left: 30px;">Student submits each application form.</li>\n<li style="display: list-item; margin-left: 30px;">When offers are through, a Skype call is arranged to provide advice on what should be student&rsquo;s first and insured choice.</li>\n</ul>\n<p>&nbsp;</p>\n<p style="color: #999 !important; font-weight: normal !important; text-transform: none !important;">Price: &pound;1,800.00</p>\n<p>&nbsp;</p>', '1525436126.jpg', 1);

-- --------------------------------------------------------

--
-- Table structure for table `frontweb_application_form_data`
--

DROP TABLE IF EXISTS `frontweb_application_form_data`;
CREATE TABLE IF NOT EXISTS `frontweb_application_form_data` (
  `application_form_data_id` int(11) NOT NULL AUTO_INCREMENT COMMENT 'primary key',
  `field_name` text,
  `field_value` text,
  `user` int(11) DEFAULT NULL,
  `added_date` datetime DEFAULT NULL,
  PRIMARY KEY (`application_form_data_id`)
) ENGINE=MyISAM AUTO_INCREMENT=69 DEFAULT CHARSET=utf8;

--
-- Dumping data for table `frontweb_application_form_data`
--

INSERT INTO `frontweb_application_form_data` (`application_form_data_id`, `field_name`, `field_value`, `user`, `added_date`) VALUES
(1, 'Name', 'test name', 1, '2017-12-29 06:29:06'),
(2, 'Gender', 'Female', 1, '2017-12-29 06:29:06'),
(3, 'Date of Birth', '2017-12-29', 1, '2017-12-29 06:29:06'),
(4, 'Telephone/Mobile', '1234567898', 1, '2017-12-29 06:29:06'),
(5, 'Email address', 'test@testsite.com', 1, '2017-12-29 06:29:06'),
(6, 'Skype name', 'test skype name', 1, '2017-12-29 06:29:06'),
(7, 'Address –including country of current residence', 'It is a long established fact that a reader will be distracted by the readable content of a page when looking at its layout. The point of using Lorem Ipsum is that it has a more-or-less normal distribution of letters, as opposed to using ''Content here, content here'', making it look like readable English. Many desktop publishing packages and web page editors now use Lorem Ipsum as their', 1, '2017-12-29 06:29:06'),
(8, 'Nationality', 'test nationality', 1, '2017-12-29 06:29:06'),
(9, 'What is the best time to speak and the time difference from where you are based with the UK GMT?', 'It is a long established fact that a reader will be distracted by the readable content of a page when looking at its layout. The point of using Lorem Ipsum is that it has a more-or-less normal distribution of letters, as opposed to using ''Content here, content here'', making it look like readable English. Many desktop publishing packages and web page editors now use Lorem Ipsum as their', 1, '2017-12-29 06:29:06'),
(10, 'How did you hear about University Direct?', 'It is a long established fact that a reader will be distracted by the readable content of a page when looking at its layout. The point of using Lorem Ipsum is that it has a more-or-less normal distribution of letters, as opposed to using ''Content here, content here'', making it look like readable English. Many desktop publishing packages and web page editors now use Lorem Ipsum as their', 1, '2017-12-29 06:29:06'),
(11, 'University Course(s) and level (e.g. BA/BSc/MA/MSc/PhD etc) you are interested in? ', 'It is a long established fact that a reader will be distracted by the readable content of a page when looking at its layout. The point of using Lorem Ipsum is that it has a more-or-less normal distribution of letters, as opposed to using ''Content here, content here'', making it look like readable English. Many desktop publishing packages and web page editors now use Lorem Ipsum as their', 1, '2017-12-29 06:29:06'),
(12, 'Desired university location in the UK if you have a preference e.g. London, Scotland?', 'It is a long established fact that a reader will be distracted by the readable content of a page when looking at its layout. The point of using Lorem Ipsum is that it has a more-or-less normal distribution of letters, as opposed to using ''Content here, content here'', making it look like readable English. Many desktop publishing packages and web page editors now use Lorem Ipsum as their', 1, '2017-12-29 06:29:06'),
(13, 'Please list your current and pending future educational qualifications and attainment/anticipated attainment (e.g. International Baccalaureate or equivalent and subject areas):', 'It is a long established fact that a reader will be distracted by the readable content of a page when looking at its layout. The point of using Lorem Ipsum is that it has a more-or-less normal distribution of letters, as opposed to using ''Content here, content here'', making it look like readable English. Many desktop publishing packages and web page editors now use Lorem Ipsum as their', 1, '2017-12-29 06:29:06'),
(14, 'Have you got any relevant work experience? ', 'It is a long established fact that a reader will be distracted by the readable content of a page when looking at its layout. The point of using Lorem Ipsum is that it has a more-or-less normal distribution of letters, as opposed to using ''Content here, content here'', making it look like readable English. Many desktop publishing packages and web page editors now use Lorem Ipsum as their', 1, '2017-12-29 06:29:06'),
(15, 'For non-English speakers, English Language qualifications held or expected scores (e.g. IELTS scores in listening, reading, writing and speaking):', 'It is a long established fact that a reader will be distracted by the readable content of a page when looking at its layout. The point of using Lorem Ipsum is that it has a more-or-less normal distribution of letters, as opposed to using ''Content here, content here'', making it look like readable English. Many desktop publishing packages and web page editors now use Lorem Ipsum as their', 1, '2017-12-29 06:29:06'),
(16, 'How do you plan on financing your studies including your tuition fees?', 'It is a long established fact that a reader will be distracted by the readable content of a page when looking at its layout. The point of using Lorem Ipsum is that it has a more-or-less normal distribution of letters, as opposed to using ''Content here, content here'', making it look like readable English. Many desktop publishing packages and web page editors now use Lorem Ipsum as their', 1, '2017-12-29 06:29:06'),
(17, 'Any other information that can help us advise you? (Work experience, disabilities, gap year information etc.):', 'It is a long established fact that a reader will be distracted by the readable content of a page when looking at its layout. The point of using Lorem Ipsum is that it has a more-or-less normal distribution of letters, as opposed to using ''Content here, content here'', making it look like readable English. Many desktop publishing packages and web page editors now use Lorem Ipsum as their', 1, '2017-12-29 06:29:06');

-- --------------------------------------------------------

--
-- Table structure for table `frontweb_centre_master_old`
--

DROP TABLE IF EXISTS `frontweb_centre_master_old`;
CREATE TABLE IF NOT EXISTS `frontweb_centre_master_old` (
  `centre_id` int(11) NOT NULL AUTO_INCREMENT COMMENT 'primary key',
  `centre_name` varchar(100) DEFAULT NULL,
  `centre_image` varchar(200) DEFAULT NULL,
  `region_id` int(11) NOT NULL COMMENT 'foreign key',
  PRIMARY KEY (`centre_id`)
) ENGINE=MyISAM AUTO_INCREMENT=19 DEFAULT CHARSET=utf8;

--
-- Dumping data for table `frontweb_centre_master_old`
--

INSERT INTO `frontweb_centre_master_old` (`centre_id`, `centre_name`, `centre_image`, `region_id`) VALUES
(1, 'BRIGHTON', 'brighton.jpg', 1),
(2, 'CANTERBURY', 'canterbury.jpg', 1),
(3, 'CHELMSFORD', 'chelmsford.jpg', 1),
(4, 'CHESTER', 'chester.jpg', 1),
(5, 'EDINBURGH', 'edinburgh.jpg', 1),
(6, 'EFFINGHAM', 'effingham.jpg', 1),
(7, 'LIVERPOOL', 'liverpool.jpg', 1),
(8, 'LONDON GREENWICH', 'london_greenwich.jpg', 1),
(9, 'LONDON KINGSTON', 'london_kingston.jpg', 1),
(10, 'LOUGHBOROUGH', 'loughborough.jpg', 1),
(11, 'STIRLING', 'stirling.jpg', 1),
(12, 'WINDSOR', 'windsor.jpg', 1),
(13, 'LOS ANGELES', 'los_angeles.jpg', 2),
(14, 'MIAMI', 'miami.jpg', 2),
(15, 'NEW YORK CENTRAL', 'new_york_central.jpg', 2),
(16, 'NEW YORK RIDER', 'new_york_rider.jpg', 2),
(17, 'DUBLIN', 'dublin.jpg', 3),
(18, 'MALTA VILLAGE', 'malta_village.jpg', 4);

-- --------------------------------------------------------

--
-- Table structure for table `frontweb_contentmst`
--

DROP TABLE IF EXISTS `frontweb_contentmst`;
CREATE TABLE IF NOT EXISTS `frontweb_contentmst` (
  `cont_contentid` int(8) NOT NULL AUTO_INCREMENT COMMENT 'Unique Identifier',
  `cont_menuid` int(8) NOT NULL COMMENT 'Unique Identifier (Id of the menu under which menubar is created.)',
  `cont_browser_title` varchar(100) NOT NULL COMMENT 'Used to display browser title',
  `cont_page_title` varchar(250) NOT NULL,
  `cont_url_name` varchar(80) NOT NULL COMMENT 'Unique page name which is used in url to display the contents of the particular offmenu',
  `cont_meta_description` varchar(200) NOT NULL COMMENT 'Used to display meta description which can be seen in page source',
  `cont_keywords` varchar(200) NOT NULL COMMENT 'Used to display meta keywords which can be seen in page source',
  `cont_content` text NOT NULL COMMENT 'Used to store content displayed in front end',
  `cont_pdf_file` varchar(100) NOT NULL,
  `cont_external_url` varchar(255) NOT NULL,
  `cont_content_type` int(1) NOT NULL DEFAULT '1' COMMENT '1=content,2=pdf,3=external link',
  `cont_created_on` datetime NOT NULL COMMENT 'Date on which content is added in menus, menubars or sidemenubars.',
  `cont_created_by` int(8) NOT NULL COMMENT 'Id of the user who added content in menus, menubars or sidemenubars',
  `cont_modified_on` datetime NOT NULL COMMENT 'Date on which content details are updated in menus, menubars or sidemenubars.',
  `cont_modified_by` int(8) NOT NULL COMMENT 'Id of the user who modified the content details in menus, menubars or sidemenubars',
  `is_deleted` int(1) NOT NULL DEFAULT '0',
  PRIMARY KEY (`cont_contentid`)
) ENGINE=MyISAM AUTO_INCREMENT=47 DEFAULT CHARSET=latin1 COMMENT='Content Master table';

--
-- Dumping data for table `frontweb_contentmst`
--

INSERT INTO `frontweb_contentmst` (`cont_contentid`, `cont_menuid`, `cont_browser_title`, `cont_page_title`, `cont_url_name`, `cont_meta_description`, `cont_keywords`, `cont_content`, `cont_pdf_file`, `cont_external_url`, `cont_content_type`, `cont_created_on`, `cont_created_by`, `cont_modified_on`, `cont_modified_by`, `is_deleted`) VALUES
(1, 1, 'Home', 'home', 'homepage', '', '', '<p>The above method takes <strong>three</strong> parameters as input:</p>\n<ol class="arabic simple"><li>The field name - the exact name you’ve given the form field.</li><li>A “human” name for this field, which will be inserted into the error\nmessage. For example, if your field is named “user” you might give it\na human name of “Username”.</li><li>The validation rules for this form field.</li><li>(optional) Set custom error messages on any rules given for current field. If not provided will use the default one.</li></ol>', '', '', 1, '2017-12-11 09:42:03', 0, '2017-12-11 09:42:03', 0, 0),
(2, 7, '', '', '', '', '', '', '1515392687_dummy.pdf', '', 2, '0000-00-00 00:00:00', 0, '0000-00-00 00:00:00', 0, 0),
(3, 8, '', '', '', '', '', '', '1515393152_dummy.pdf', '', 2, '0000-00-00 00:00:00', 0, '0000-00-00 00:00:00', 0, 0),
(4, 9, '', '', '', '', '', '<p class="MsoNormal" style="font-weight: normal; margin: 0 0 10px; font-size: 13px; color: #7b7b7b; line-height: 1.6;">Your new home abroad is an important part of your study experience, and we believe that time outside of school will help you learn more effectively in the classroom. We select all our accommodation carefully to ensure that you are comfortable, safe and happy during your stay.</p>\n<div class="row" style="clear: both; margin-right: -15px; margin-left: -15px;">\n<div class="col-12" style="padding: 10px;">\n<h2 class="negativo" style="padding-left: 4px; background-color: #3c7099; padding: 10px 0; color: #fff; border-radius: 4px 4px 4px 4px; font-size: 21px;"><span style="padding-left: 5px;">On Campus</span></h2>\n<div style="padding: 4px; background-color: #fafafa;"><img style="width: 100%; height: 183px;" src="../../../../uploads/tinymce/collegefrontale.jpg?1515412862363" alt="collegefrontale" />\n<p style="font-weight: normal; margin: 0 0 10px; font-size: 13px; color: #7b7b7b; line-height: 1.6;">Your new home abroad is an important part of your study experience, and we believe that time outside of school will help you learn more effectively in the classroom. We select all our accommodation carefully to ensure that you are comfortable, safe and happy during your stay.Our residences are a really fun, international environment where students from around the world live together and get to use English as the only true way of global communication. The residences are supervised by staff who are on hand to helps students day and night. Each residential centre differs slightly in the room and bathroom type, so please take a look at the programme pages in this brochure. Residential accommodation is popular with parents who are sending younger children or those who want their children to experience the tremendous fun of college life</p>\n</div>\n</div>\n<div class="col-12" style="padding: 10px;">\n<h2 class="negativo" style="padding-left: 4px; background-color: #3c7099; padding: 10px 0; color: #fff; border-radius: 4px 4px 4px 4px; font-size: 21px;"><span style="padding-left: 5px;">Home Stay</span></h2>\n<div style="padding: 4px; background-color: #fafafa;"><img style="width: 100%; height: 183px;" src="../../../../uploads/tinymce/casafamiglia.jpg?1515413045302" alt="casafamiglia" />\n<p style="font-weight: normal; margin: 0 0 10px; font-size: 13px; color: #7b7b7b; line-height: 1.6;">Our hosts have been chosen for their interest in welcoming young people from around the world. They are picked because of the care and comfort they can offer to students who may be travelling overseas for the first time. Choosing to stay in home stay is the right option for those who want to experience real life living in that country: it will give a student the opportunity to use English in a real environment and integrate with the family. Home stay is often the first choice for slightly older students.</p>\n</div>\n</div>\n</div>', '', '', 1, '2018-01-09 10:17:33', 0, '2018-01-09 10:17:33', 0, 0),
(5, 10, '', '', '', '', '', '<div class="col-12">\n<div style="padding: 4px; background-color: #fafafa;">\n<p style="margin-top: 10px; font-weight: normal; margin: 0 0 10px; font-size: 13px; color: #7b7b7b; line-height: 1.6;"><img style="width: 100%; height: 183px;" src="../../../../uploads/tinymce/carousel2.jpg?1515414171636" alt="carousel2" /></p>\n<p style="margin-top: 10px; font-weight: normal; margin: 0 0 10px; font-size: 13px; color: #7b7b7b; line-height: 1.6;">The members of our team have been carefully selected for their responsible and caring attitude and for being fun-loving and outgoing. They are the people you can turn to at any time for assistance. Our PLUS Team will ensure that students enjoy their holidays in an exciting and safe environment. PLUS promises a wonderful, memorable and enriching summer camp experience.</p>\n<ul style="font-weight: normal; margin-top: 10px; margin-bottom: 10px; font-size: 13px; color: #7b7b7b; line-height: 1.6; margin-left: 43px;">\n<li><span style="text-indent: -18pt;">- Qualified, experienced choreographers who are skilled to teach a variety of dance sessions.</span></li>\n<li><span style="text-indent: -18pt;">- Sports Leaders who are trained and experienced to a professional level.</span></li>\n<li><span style="text-indent: -18pt;">- Enthusiastic and energetic Activity Leaders who stimulate and entertain students.</span></li>\n</ul>\n</div>\n</div>', '', '', 1, '2018-01-09 10:20:39', 0, '2018-01-09 10:20:39', 0, 0),
(6, 11, '', '', '', '', '', '<div class="row" style="clear: both; margin-right: -15px; margin-left: -15px;">\n<div class="col-12">\n<div style="padding: 4px; background-color: #fafafa;"><img style="width: 100%; height: 183px;" src="../../../../uploads/tinymce/2015117-18245511-4544-group-study1.jpg?1515413764611" alt="2015117-18245511-4544-group-study1" /><br />\n<ul style="font-weight: normal; margin-top: 10px; margin-bottom: 10px;">\n<li><span style="text-indent: -18pt;">- Placement test - written and oral test</span></li>\n<li><span style="text-indent: -18pt;">- 15 hours English lessons per week</span></li>\n<li><span style="text-indent: -18pt;">- Maximum class size 15 students</span></li>\n<li><span style="text-indent: -18pt;">- PLUS text book and all supplementary material for the course</span></li>\n<li><span style="text-indent: -18pt;">- PLUS end of course certificate </span></li>\n</ul>\n</div>\n</div>\n</div>', '', '', 1, '2018-01-09 10:18:53', 0, '2018-01-09 10:18:53', 0, 0),
(7, 3, 'About us', 'About us', 'about-us', 'Plus Education Development', 'Plus,Vision', '<div class="col-md-12" style="width: 100%; float: left; position: relative;">\n<div class="col-lg-5 col-md-5 col-sm-12 col-xs-12" style="float: left; position: relative; min-height: 1px; padding-right: 15px; padding-left: 15px;">\n<h2 style="margin-top: 5px; color: #656565; margin-bottom: 10px; font-family: ''Roboto Condensed'', sans-serif;">Plus Educational</h2>\n<p>Professional Linguistic Upper Studies started operating in the EFL market in 1972.<br /> Today, our group with offices in London, Dublin, New York , Milan and Malta, represents one of the world''s largest and finest organisations in language teaching.</p>\n</div>\n<div class="col-lg-7 col-md-7 col-sm-12 col-xs-12" style="float: left; width: position: relative; min-height: 1px; padding-right: 15px; padding-left: 15px;">\n<h2 style="margin-top: 5px; color: #656565; margin-bottom: 10px; font-family: ''Roboto Condensed'', sans-serif;">General Accreditation and Quality Assurance Criteria</h2>\n<div class="list-group" style="padding-left: 0; margin-bottom: 20px;">\n<ul>\n<li class="list-group-item" style="position: relative; display: block; padding: 10px 15px; margin-bottom: -1px; background-color: #fff; border: 1px solid #ddd;">Legal requirements</li>\n<li class="list-group-item" style="position: relative; display: block; padding: 10px 15px; margin-bottom: -1px; background-color: #fff; border: 1px solid #ddd;">Premises</li>\n<li class="list-group-item" style="position: relative; display: block; padding: 10px 15px; margin-bottom: -1px; background-color: #fff; border: 1px solid #ddd;">Management</li>\n<li class="list-group-item" style="position: relative; display: block; padding: 10px 15px; margin-bottom: -1px; background-color: #fff; border: 1px solid #ddd;">Office systems</li>\n<li class="list-group-item" style="position: relative; display: block; padding: 10px 15px; margin-bottom: -1px; background-color: #fff; border: 1px solid #ddd;">Absence management and student retention</li>\n<li class="list-group-item" style="position: relative; display: block; padding: 10px 15px; margin-bottom: -1px; background-color: #fff; border: 1px solid #ddd;">Academic standards and student achievement</li>\n<li class="list-group-item" style="position: relative; display: block; padding: 10px 15px; margin-bottom: -1px; background-color: #fff; border: 1px solid #ddd;">Resources</li>\n<li class="list-group-item" style="position: relative; display: block; padding: 10px 15px; margin-bottom: -1px; background-color: #fff; border: 1px solid #ddd;">Welfare</li>\n<li class="list-group-item" style="position: relative; display: block; padding: 10px 15px; margin-bottom: -1px; background-color: #fff; border: 1px solid #ddd;">Student accommodation</li>\n</ul>\n</div>\n</div>\n</div>', '', '', 1, '2018-01-23 05:17:49', 0, '2018-01-23 05:17:49', 0, 0),
(8, 12, '', '', '', '', '', '', '1519824308_UKUNIVERSITYPLACEMENT_compressed.pdf', '', 2, '0000-00-00 00:00:00', 0, '0000-00-00 00:00:00', 0, 0),
(9, 13, '', '', '', '', '', '<ul class="list-unstyled" style="padding-left: 0; list-style: none; font-weight: normal; color: #8f8f8f;">\n<li>8-10 Grosvenor Gardens,</li>\n<li>Mezzanine floor,</li>\n<li>London, SW1W 0DH</li>\n<li><a href="tel:+ 44 (0)20 7730 2223">T. + 44 (0)20 7730 2223</a></li>\n<li><a href="tel:+ 44 (0)20 7730 9209">F: + 44 (0)20 7730 9209</a></li>\n<li><a href="mailto:plus@plus-ed.com">Email: plus@plus-ed.com</a></li>\n<li>&nbsp;</li>\n</ul>', '', '', 1, '2018-05-03 06:10:27', 0, '2018-05-03 06:10:27', 0, 0),
(10, 38, '', '', '', '', '', '', '1513318742_PLUSSocialMediaPolicy.pdf', '', 2, '0000-00-00 00:00:00', 0, '0000-00-00 00:00:00', 0, 0),
(11, 39, '', '', '', '', '', '', '1513318761_PLUSFireSafetyPolicy.pdf', '', 2, '0000-00-00 00:00:00', 0, '0000-00-00 00:00:00', 0, 0),
(12, 40, '', '', '', '', '', '', '1513318773_PLUSSafeguardingandChildProtectionPolicy2017JFrevisedv2trackchanges2.pdf', '', 2, '0000-00-00 00:00:00', 0, '0000-00-00 00:00:00', 0, 0),
(13, 37, ' Terms and conditions', ' Terms and conditions', 'terms-and-condition', '', '', '<div class="col-md-12" style="float: left;width: 100%;position: relative;min-height: 1px;padding-right: 15px;padding-left: 15px;">\n			<div style="padding-left: 0;margin-bottom: 20px;" class="list-group">\n				<li style="position: relative;display: block;padding: 10px 15px;margin-bottom: -1px;background-color: #fff;border: 1px solid #ddd;" class="list-group-item">\n					<span style="color: #396192;font-weight: bold;">\n						1. BOOKING CONDITIONS\n					</span>\n				</li>\n				<li style="position: relative;display: block;padding: 10px 15px;margin-bottom: -1px;background-color: #fff;border: 1px solid #ddd;" class="list-group-item">\n					By submitting the Booking Application, the Agent formally agrees to abide by PLUS Terms &amp; Conditions set herein.\n				</li>\n			</div>\n		</div>\n\n		<div class="col-md-12" style="float: left;width: 100%;position: relative;min-height: 1px;padding-right: 15px;padding-left: 15px;">\n			<div style="padding-left: 0;margin-bottom: 20px;" class="list-group">\n				<li style="position: relative;display: block;padding: 10px 15px;margin-bottom: -1px;background-color: #fff;border: 1px solid #ddd;" class="list-group-item">\n					<span style="color: #396192;font-weight: bold;">\n						2. DEPOSITS\n					</span>\n				</li>\n				<li style="position: relative;display: block;padding: 10px 15px;margin-bottom: -1px;background-color: #fff;border: 1px solid #ddd;" class="list-group-item">\n					If the booking is accepted, the Agent must pay by the date indicated, a non-refundable deposit of £ 120.00 for UK and $ 120.00 for USA per person upon&nbsp;\n					confirmation of the booking. Failing this, the places will be automatically released with no further communication. Partial payments, payment falling short of the&nbsp;\n					full amount due and/or notification of payments will not be sufficient to retain bookings. The deposit paid will be deducted from the total amount due to be paid&nbsp;\n					21 days before arrival (please refer to par 7).\n				</li>\n			</div>\n		</div>\n\n		<div class="col-md-12" style="float: left;width: 100%;position: relative;min-height: 1px;padding-right: 15px;padding-left: 15px;">\n			<div style="padding-left: 0;margin-bottom: 20px;" class="list-group">\n				<li style="position: relative;display: block;padding: 10px 15px;margin-bottom: -1px;background-color: #fff;border: 1px solid #ddd;" class="list-group-item">\n					<span style="color: #396192;font-weight: bold;">\n						3. PRICES\n					</span>\n				</li>\n				<li style="position: relative;display: block;padding: 10px 15px;margin-bottom: -1px;background-color: #fff;border: 1px solid #ddd;" class="list-group-item">\n					All prices are exclusive of any value added or any sales tax or any other tax which may become applicable and for which the Agent shall be additionally liable.\n				</li>\n			</div>\n		</div>\n\n		<div class="col-md-12" style="float: left;width: 100%;position: relative;min-height: 1px;padding-right: 15px;padding-left: 15px;">\n			<div style="padding-left: 0;margin-bottom: 20px;" class="list-group">\n				<li style="position: relative;display: block;padding: 10px 15px;margin-bottom: -1px;background-color: #fff;border: 1px solid #ddd;" class="list-group-item">\n					<span style="color: #396192;font-weight: bold;">\n						4. SERVICES\n					</span>\n				</li>\n				<li style="position: relative;display: block;padding: 10px 15px;margin-bottom: -1px;background-color: #fff;border: 1px solid #ddd;" class="list-group-item">\n					In return for the payment of the appropriate fees PLUS will provide board, tuition and activities as specified on the website. Not included in the fees are: general&nbsp;\n					expenses (except where clearly indicated), entrance to museums and attractions, airport transfers.\n					Changes of services, facilities or dates of programmes are avoided whenever possible. On rare occasions generally due to circumstances beyond PLUS’ control, or&nbsp;\n					where the bookings in a centre do not reach the minimum numbers required to viably operate it, changes may be necessary. In these circumstances PLUS shall&nbsp;\n					either offer equivalent services/facilities or refund in full all fees paid. No other claims for compensation or expenses can be considered. Neither PLUS, nor the&nbsp;\n					Agent shall be in any way liable to the client if a service cannot be supplied by reason of industrial dispute, or other cause outside their control. There is no&nbsp;\n					reduction in the course fee where a course includes a public holiday.\n				</li>\n			</div>\n		</div>\n\n		<div class="col-md-12" style="float: left;width: 100%;position: relative;min-height: 1px;padding-right: 15px;padding-left: 15px;">\n			<div style="padding-left: 0;margin-bottom: 20px;" class="list-group">\n				<li style="position: relative;display: block;padding: 10px 15px;margin-bottom: -1px;background-color: #fff;border: 1px solid #ddd;" class="list-group-item">\n					<span style="color: #396192;font-weight: bold;">\n						5. INSURANCE\n					</span>\n				</li>\n				<li style="position: relative;display: block;padding: 10px 15px;margin-bottom: -1px;background-color: #fff;border: 1px solid #ddd;" class="list-group-item">\n					The Agent shall, at its own expense, obtain and maintain throughout the duration of the courses an insurance cover for public liability, event and personal injury&nbsp;\n					liability to or the death of any person and any loss or destruction of or damage to property not attributable to any fault or neglect of the clients with an&nbsp;\n					insurance company of repute. Copies of all such insurance policies and evidence that all premiums have been paid shall be presented on PLUS’ demand.\n				</li>\n			</div>\n		</div>\n\n		<div class="col-md-12" style="float: left;width: 100%;position: relative;min-height: 1px;padding-right: 15px;padding-left: 15px;">\n			<div style="padding-left: 0;margin-bottom: 20px;" class="list-group">\n				<li style="position: relative;display: block;padding: 10px 15px;margin-bottom: -1px;background-color: #fff;border: 1px solid #ddd;" class="list-group-item">\n					<span style="color: #396192;font-weight: bold;">\n						6. WARRANTY &amp; LIABILITY&nbsp;\n					</span>\n				</li>\n				<li style="position: relative;display: block;padding: 10px 15px;margin-bottom: -1px;background-color: #fff;border: 1px solid #ddd;" class="list-group-item">\n					PLUS, its staff and representatives will not be liable for any loss, damage, illness or injury to persons or property however caused, except where such liability is&nbsp;\n					imposed by statute. Clients must have personal insurance against medical expenses, third parties, travel insurance, including inability to attend or continue a&nbsp;\n					course.\n				</li>\n			</div>\n		</div>\n\n		<div class="col-md-12" style="float: left;width: 100%;position: relative;min-height: 1px;padding-right: 15px;padding-left: 15px;">\n			<div style="padding-left: 0;margin-bottom: 20px;" class="list-group">\n				<li style="position: relative;display: block;padding: 10px 15px;margin-bottom: -1px;background-color: #fff;border: 1px solid #ddd;" class="list-group-item">\n					<span style="color: #396192;font-weight: bold;">\n						6.1. STUDENT WELFARE AND GROUP LEADERS’ RESPONSIBILITIES\n					</span>\n				</li>\n				<li style="position: relative;display: block;padding: 10px 15px;margin-bottom: -1px;background-color: #fff;border: 1px solid #ddd;" class="list-group-item">\n					PLUS only accepts closed groups accompanied by their group leader.&nbsp;\n					Except for Intensive English bookings (UK), the Group Leader must be at least 25 years old and speak fluent English.\n					The Group Leader is the ultimate person responsible for supervising his/her group constantly day and night and must comply with the student welfare, security&nbsp;\n					and safety rules set by PLUS. Group leaders’ duties and responsibilities are well defined and encompassed in the Handbook. Agents/schools are required to hand&nbsp;\n					it out to their selected staff members, drawtheir attention to the student Welfare paragraph and ultimately invite them to sign a statement of acceptance prior&nbsp;\n					to their departure.\n				</li>\n			</div>\n		</div>\n\n		<div class="col-md-12" style="float: left;width: 100%;position: relative;min-height: 1px;padding-right: 15px;padding-left: 15px;">\n			<div style="padding-left: 0;margin-bottom: 20px;" class="list-group">\n				<li style="position: relative;display: block;padding: 10px 15px;margin-bottom: -1px;background-color: #fff;border: 1px solid #ddd;" class="list-group-item">\n					<span style="color: #396192;font-weight: bold;">\n						7. PAYMENTS\n					</span>\n				</li>\n				<li style="position: relative;display: block;padding: 10px 15px;margin-bottom: -1px;background-color: #fff;border: 1px solid #ddd;" class="list-group-item">\n					The balance with final number of students is due 21 days before the arrival date. Payments must be credited to the PLUS bank account, without deduction or&nbsp;\n					setoff and free from any taxes, levies or other charges or encumbrances. If the sums due are not accredited on the date indicated, all agent’s bookings are&nbsp;\n					subject to immediate release and the deposit paid will be forfeited to PLUS. If by the term indicated on relevant invoice (s) the Agent fails to pay for clients, staff&nbsp;\n					booked over and above the places initially secured at the centre or for any extra services requested, PLUS is entitled to cancel or suspend any further service to&nbsp;\n					the Agents’ clients at any or all the centres.\n				</li>\n			</div>\n		</div>\n\n		<div class="col-md-12" style="float: left;width: 100%;position: relative;min-height: 1px;padding-right: 15px;padding-left: 15px;">\n			<div style="padding-left: 0;margin-bottom: 20px;" class="list-group">\n				<li style="position: relative;display: block;padding: 10px 15px;margin-bottom: -1px;background-color: #fff;border: 1px solid #ddd;" class="list-group-item">\n					<span style="color: #396192;font-weight: bold;">\n						8. CANCELLATION FEES\n					</span>\n				</li>\n				<li style="position: relative;display: block;padding: 10px 15px;margin-bottom: -1px;background-color: #fff;border: 1px solid #ddd;" class="list-group-item">\n					In case of cancellation, the deposit paid is forfeited to PLUS. For places cancelled the following penalties will be levied. If the booking is cancelled between:\n					• 21 days before arrival, loss of deposit paid\n					• 15 days before arrival, 70%\n					• 7 days before arrival, 100% of the total package cost.\n				</li>\n			</div>\n		</div>\n\n		<div class="col-md-12" style="float: left;width: 100%;position: relative;min-height: 1px;padding-right: 15px;padding-left: 15px;">\n			<div style="padding-left: 0;margin-bottom: 20px;" class="list-group">\n				<li style="position: relative;display: block;padding: 10px 15px;margin-bottom: -1px;background-color: #fff;border: 1px solid #ddd;" class="list-group-item">\n					<span style="color: #396192;font-weight: bold;">\n						9. SCHOOL REGULATIONS\n					</span>\n				</li>\n				<li style="position: relative;display: block;padding: 10px 15px;margin-bottom: -1px;background-color: #fff;border: 1px solid #ddd;" class="list-group-item">\n					PLUS uncompromisingly prohibits illicit drugs, violence, racism, classroom disruption and dishonesty. No drugs, tobacco products or alcohol are permitted at any&nbsp;\n					centre, function or when on excursions. Clients are expected to abide by the College disciplinary regulations, and demonstrate reasonable standards of conduct&nbsp;\n					within and outside the classroom. Failure to do this may result in expulsion from the course. In this event, no refunds become applicable.\n				</li>\n			</div>\n		</div>\n\n		<div class="col-md-12" style="float: left;width: 100%;position: relative;min-height: 1px;padding-right: 15px;padding-left: 15px;">\n			<div style="padding-left: 0;margin-bottom: 20px;" class="list-group">\n				<li style="position: relative;display: block;padding: 10px 15px;margin-bottom: -1px;background-color: #fff;border: 1px solid #ddd;" class="list-group-item">\n					<span style="color: #396192;font-weight: bold;">\n						10. VISA STUDENTS\n					</span>\n				</li>\n				<li style="position: relative;display: block;padding: 10px 15px;margin-bottom: -1px;background-color: #fff;border: 1px solid #ddd;" class="list-group-item">\n					If, in spite of a PLUS sponsorship letter, the British Embassy or American Embassy does not grant a visa, PLUS shall reimburse the initial deposit of £ 120.00 for UK&nbsp;\n					and $ 120.00 for USA upon receiving a copy of the formal Embassy document confirming such refusal. Cancellation charges still apply (please refer to par 8).\n				</li>\n			</div>\n		</div>\n\n		<div class="col-md-12" style="float: left;width: 100%;position: relative;min-height: 1px;padding-right: 15px;padding-left: 15px;">\n			<div style="padding-left: 0;margin-bottom: 20px;" class="list-group">\n				<li style="position: relative;display: block;padding: 10px 15px;margin-bottom: -1px;background-color: #fff;border: 1px solid #ddd;" class="list-group-item">\n					<span style="color: #396192;font-weight: bold;">\n						11. COMPLAINTS APPLICABLE TO UK\n					</span>\n				</li>\n				<li style="position: relative;display: block;padding: 10px 15px;margin-bottom: -1px;background-color: #fff;border: 1px solid #ddd;" class="list-group-item">\n					Over the years PLUS has been able to fully respond to students’ requirements and to minimize cause for complaints. This does not necessarily mean, however,&nbsp;\n					that something cannot go wrong. If a student is unhappy or dissatisfied with any part of the programme ie teaching, leisure activities, host family and so on, he/\n					she should observe the following procedure:&nbsp;\n					STEP 1 Discuss the problem with his/her leader who will report the problem to the Campus Manager, who should solve it within 36 working hours.&nbsp;\n					STEP 2 If the problem persists, the student can call or ask his/her group leader to office (0207 7302223 ). Necessary steps will then be taken without delay.&nbsp;\n					STEP 3 If the problem still cannot be solved, then the student may refer the complaint to: ABLS PO BOX 312, GREAT YARMOUTH NR30 9EP.&nbsp;\n					The complaint can also be sent to British Council: Customer Services, Accreditation Unit Bridgewater House, 58 Whitworth Street, Manchester M1 6BB, UK.\n					Or emailed to: accreditation.unit@britishcouncil.org The complaint must be written in English, specifying whether action has already been taken by PLUS, and\n					signed. The student should also state whether he/she is happy for the complaint to be copied to PLUS.\n				</li>\n			</div>\n		</div>\n\n		<div class="col-md-12" style="float: left;width: 100%;position: relative;min-height: 1px;padding-right: 15px;padding-left: 15px;">\n			<div style="padding-left: 0;margin-bottom: 20px;" class="list-group">\n				<li style="position: relative;display: block;padding: 10px 15px;margin-bottom: -1px;background-color: #fff;border: 1px solid #ddd;" class="list-group-item">\n					<span style="color: #396192;font-weight: bold;">\n						12. FORCE MAJEURE\n					</span>\n				</li>\n				<li style="position: relative;display: block;padding: 10px 15px;margin-bottom: -1px;background-color: #fff;border: 1px solid #ddd;" class="list-group-item">\n					If PLUS or the Agent is affected by Force Majeure it shall forthwith notify the other party of the nature and extent thereof. Neither party shall be deemed to be&nbsp;\n					in breach of this Agreement. Neither party shall or otherwise be liable to the other, by reason of any delay in performance, or non performance, of any of its\n					obligations.\n				</li>\n			</div>\n		</div>\n\n		<div class="col-md-12" style="float: left;width: 100%;position: relative;min-height: 1px;padding-right: 15px;padding-left: 15px;">\n			<div style="padding-left: 0;margin-bottom: 20px;" class="list-group">\n				<li style="position: relative;display: block;padding: 10px 15px;margin-bottom: -1px;background-color: #fff;border: 1px solid #ddd;" class="list-group-item">\n					<span style="color: #396192;font-weight: bold;">\n						13. PROPER LAW\n					</span>\n				</li>\n				<li style="position: relative;display: block;padding: 10px 15px;margin-bottom: -1px;background-color: #fff;border: 1px solid #ddd;" class="list-group-item">\n					These Terms &amp; Conditions are construed in accordance with the English Law. All disputes, controversies or claims shall be referred to and finally settled under&nbsp;\n					the rules of Arbitration of the International Chamber of Commerce of London by three arbitrators appointed in accordance with those Rules that are known and&nbsp;\n					accepted by the Parties. It is hereby agreed that the Commercial Court of London shall have exclusive jurisdiction over any judicial proceedings howsoever&nbsp;\n					related to the interpretation of these Terms &amp; Conditions which may not be deferred to arbitration.\n					Previous Terms &amp; Conditions are superseded. London, 21 December 2017 .\n				</li>\n			</div>\n		</div>', '', '', 1, '2017-12-15 06:54:51', 0, '2017-12-15 06:54:51', 0, 0),
(14, 41, '', '', '', '', '', '<p style="color: #999;text-transform: none;font-weight: normal;margin-bottom: 1em;"><b><u>Examinations- </u></b></p>\n<p style="color: #999;text-transform: none;font-weight: normal;margin-bottom: 1em;">Prior to arrival, students can book and enrol to take The Trinity Graded Examination in Spoken English exam. This is a face to face oral exam at 12 different levels from Elementary to Advanced. Students will obtain an official internationally-recognised certificate from Trinity if successful. Trinity preparation lessons can also be offered (usually in the afternoons and as an extra to the study course) at an additional cost.</p>\n<p style="color: #999;text-transform: none;font-weight: normal;margin-bottom: 1em;"><b><u>Excursions and attractions- </u></b></p>\n<p style="color: #999;text-transform: none;font-weight: normal;margin-bottom: 1em;">Thanks to our PLUS Vision system, you can now include more excursions to your preferred destinations in the UK and Ireland. Vision allows you to tailor your package - making it more appealing and less costly for your specific clients. You will be able to book per seat on coaches for these excursions. This provides you with the ability to create a better package at a lower rate. Various destinations are available and more information can be found in the agent’s area. </p>\n\n<p style="color: #999;text-transform: none;font-weight: normal;margin-bottom: 1em;">In addition to the included sites you can make a “tailor made package” by adding additional entry places into attractions at an extra charge. The attractions offered are different per centre and dependent on location and availability. </p>', '', '', 1, '2017-12-22 07:21:02', 0, '2017-12-22 07:21:02', 0, 0),
(15, 15, '', '', '', '', '', '', '1515394480_dummy.pdf', '', 2, '0000-00-00 00:00:00', 0, '0000-00-00 00:00:00', 0, 0),
(16, 16, '', '', '', '', '', '', '1515394490_dummy.pdf', '', 2, '0000-00-00 00:00:00', 0, '0000-00-00 00:00:00', 0, 0),
(17, 18, '', '', '', '', '', '', '1516709856_choreographerjob.pdf', '', 2, '0000-00-00 00:00:00', 0, '0000-00-00 00:00:00', 0, 0),
(18, 17, '', '', '', '', '', '', '1516709870_campusmanagerjob.pdf', '', 2, '0000-00-00 00:00:00', 0, '0000-00-00 00:00:00', 0, 0),
(19, 20, '', '', '', '', '', '', '1516709881_activityleaderjob.pdf', '', 2, '0000-00-00 00:00:00', 0, '0000-00-00 00:00:00', 0, 0),
(20, 21, '', '', '', '', '', '', '1516709954_directorjob.pdf', '', 2, '0000-00-00 00:00:00', 0, '0000-00-00 00:00:00', 0, 0),
(21, 19, '', '', '', '', '', '', '1516709965_teacherjob.pdf', '', 2, '0000-00-00 00:00:00', 0, '0000-00-00 00:00:00', 0, 0),
(22, 22, '', '', '', '', '', '', '1515394562_dummy.pdf', '', 2, '0000-00-00 00:00:00', 0, '0000-00-00 00:00:00', 0, 0),
(23, 23, '', '', '', '', '', '', '1515394572_dummy.pdf', '', 2, '0000-00-00 00:00:00', 0, '0000-00-00 00:00:00', 0, 0),
(24, 24, '', '', '', '', '', '', '1515394580_dummy.pdf', '', 2, '0000-00-00 00:00:00', 0, '0000-00-00 00:00:00', 0, 0),
(25, 25, '', '', '', '', '', '', '1515394590_dummy.pdf', '', 2, '0000-00-00 00:00:00', 0, '0000-00-00 00:00:00', 0, 0),
(26, 26, '', '', '', '', '', '', '1515394599_dummy.pdf', '', 2, '0000-00-00 00:00:00', 0, '0000-00-00 00:00:00', 0, 0),
(27, 27, '', '', '', '', '', '', '1515394607_dummy.pdf', '', 2, '0000-00-00 00:00:00', 0, '0000-00-00 00:00:00', 0, 0),
(28, 28, '', '', '', '', '', '', '1515394617_dummy.pdf', '', 2, '0000-00-00 00:00:00', 0, '0000-00-00 00:00:00', 0, 0),
(29, 29, '', '', '', '', '', '', '1515394627_dummy.pdf', '', 2, '0000-00-00 00:00:00', 0, '0000-00-00 00:00:00', 0, 0),
(30, 30, '', '', '', '', '', '', '1515394636_dummy.pdf', '', 2, '0000-00-00 00:00:00', 0, '0000-00-00 00:00:00', 0, 0),
(31, 31, '', '', '', '', '', '', '1515394645_dummy.pdf', '', 2, '0000-00-00 00:00:00', 0, '0000-00-00 00:00:00', 0, 0),
(32, 32, '', '', '', '', '', '', '1515394655_dummy.pdf', '', 2, '0000-00-00 00:00:00', 0, '0000-00-00 00:00:00', 0, 0),
(33, 33, '', '', '', '', '', '', '1515394666_dummy.pdf', '', 2, '0000-00-00 00:00:00', 0, '0000-00-00 00:00:00', 0, 0),
(34, 34, '', '', '', '', '', '', '1515394676_dummy.pdf', '', 2, '0000-00-00 00:00:00', 0, '0000-00-00 00:00:00', 0, 0),
(35, 35, '', '', '', '', '', '', '1515394687_dummy.pdf', '', 2, '0000-00-00 00:00:00', 0, '0000-00-00 00:00:00', 0, 0),
(36, 36, '', '', '', '', '', '', '1515394697_dummy.pdf', '', 2, '0000-00-00 00:00:00', 0, '0000-00-00 00:00:00', 0, 0),
(37, 4, 'Contact us', 'Contact us', 'contact-us', 'Plus Education Development', 'Plus,Vision', '<p style="padding-left: 15px;">Dear user,&nbsp;</p>\n<p style="padding-left: 15px;">To provide you with the information you require as quickly and as precisely as possible, please select one of the topics listed below:</p>\n<div class="col-lg-4 col-md-4 col-sm-12 col-xs-12" style="margin-top: 30px;">\n<h3 style="font-size: 24px; font-family: ''Roboto Condensed'', sans-serif; color: #959795;">PLUS General Enquiries</h3>\n<address class="margin-bottom-30px">\n<ul class="list-unstyled" style="padding-left: 0; list-style: none; font-weight: normal; color: #8f8f8f;">\n<li>Professional Linguistic Upper Studies</li>\n<li>8-10 Grosvenor Gardens,</li>\n<li>Mezzanine floor,</li>\n<li>London, SW1W 0DH</li>\n<li style="font-size: 16px; color: #00b3f0;">Switchboard:</li>\n<li>T. + 44 (0)20 7730 2223</li>\n<li>F: + 44 (0)20 7730 9209</li>\n<li style="font-size: 16px; color: #00b3f0;">Email:</li>\n<li>plus@plus-ed.com</li>\n</ul>\n</address></div>\n<div class="col-lg-4 col-md-4 col-sm-12 col-xs-12" style="margin-top: 30px;">\n<h3 style="font-size: 24px; font-family: ''Roboto Condensed'', sans-serif; color: #959795;">PLUS Academic</h3>\n<address class="margin-bottom-30px">\n<ul class="list-unstyled" style="padding-left: 0; list-style: none; font-weight: normal; color: #8f8f8f;">\n<li>Professional Linguistic Upper Studies</li>\n<li>8-10 Grosvenor Gardens,</li>\n<li>Mezzanine floor,</li>\n<li>London, SW1W 0DH</li>\n<li style="font-size: 16px; color: #00b3f0;">Switchboard:</li>\n<li>T. + 44 (0)20 7730 2223</li>\n<li>F: + 44 (0)20 7730 9209</li>\n<li style="font-size: 16px; color: #00b3f0;">Email:</li>\n<li>recruitment@plus-ed.com</li>\n</ul>\n</address></div>\n<div class="col-lg-4 col-md-4 col-sm-12 col-xs-12" style="margin-top: 30px;">\n<h3 style="font-size: 24px; font-family: ''Roboto Condensed'', sans-serif; color: #959795;">PLUS Management</h3>\n<address class="margin-bottom-30px">\n<ul class="list-unstyled" style="padding-left: 0; list-style: none; font-weight: normal; color: #8f8f8f;">\n<li>Professional Linguistic Upper Studies</li>\n<li>8-10 Grosvenor Gardens,</li>\n<li>Mezzanine floor,</li>\n<li>London, SW1W 0DH</li>\n<li style="font-size: 16px; color: #00b3f0;">Switchboard:</li>\n<li>T. + 44 (0)20 7730 2223</li>\n<li>F: + 44 (0)20 7730 9209</li>\n<li style="font-size: 16px; color: #00b3f0;">Email:</li>\n<li>Leisure@plus-ed.com</li>\n</ul>\n</address></div>\n<div class="col-lg-4 col-md-4 col-sm-12 col-xs-12" style="margin-top: 30px;">\n<h3 style="font-size: 24px; font-family: ''Roboto Condensed'', sans-serif; color: #959795;">PLUS Finance</h3>\n<address class="margin-bottom-30px">\n<ul class="list-unstyled" style="padding-left: 0; list-style: none; font-weight: normal; color: #8f8f8f;">\n<li>Professional Linguistic Upper Studies</li>\n<li>8-10 Grosvenor Gardens,</li>\n<li>Mezzanine floor,</li>\n<li>London, SW1W 0DH</li>\n<li style="font-size: 16px; color: #00b3f0;">Switchboard:</li>\n<li>T. + 44 (0)20 7730 2223</li>\n<li>F: + 44 (0)20 7730 9209</li>\n<li style="font-size: 16px; color: #00b3f0;">Email:</li>\n<li>finance@plus-ed.com</li>\n</ul>\n</address></div>\n<div class="col-lg-4 col-md-4 col-sm-12 col-xs-12" style="margin-top: 30px;">\n<h3 style="font-size: 24px; font-family: ''Roboto Condensed'', sans-serif; color: #959795;">PLUS Operational</h3>\n<address class="margin-bottom-30px">\n<ul class="list-unstyled" style="padding-left: 0; list-style: none; font-weight: normal; color: #8f8f8f;">\n<li>Professional Linguistic Upper Studies</li>\n<li>8-10 Grosvenor Gardens,</li>\n<li>Mezzanine floor,</li>\n<li>London, SW1W 0DH</li>\n<li style="font-size: 16px; color: #00b3f0;">Switchboard:</li>\n<li>T. + 44 (0)20 7730 2223</li>\n<li>F: + 44 (0)20 7730 9209</li>\n<li style="font-size: 16px; color: #00b3f0;">Email:</li>\n<li>bookings@plus-ed.com</li>\n</ul>\n</address></div>\n<div class="col-lg-4 col-md-4 col-sm-12 col-xs-12" style="margin-top: 30px;">\n<h3 style="font-size: 24px; font-family: ''Roboto Condensed'', sans-serif; color: #959795;">PLUS Agencies</h3>\n<address class="margin-bottom-30px">\n<ul class="list-unstyled" style="padding-left: 0; list-style: none; font-weight: normal; color: #8f8f8f;">\n<li>Professional Linguistic Upper Studies</li>\n<li>8-10 Grosvenor Gardens,</li>\n<li>Mezzanine floor,</li>\n<li>London, SW1W 0DH</li>\n<li style="font-size: 16px; color: #00b3f0;">Switchboard:</li>\n<li>T. + 44 (0)20 7730 2223</li>\n<li>F: + 44 (0)20 7730 9209</li>\n<li style="font-size: 16px; color: #00b3f0;">Email:</li>\n<li>plus@plus-ed.com</li>\n</ul>\n</address></div>', '', '', 1, '2018-01-30 13:37:55', 0, '2018-01-30 13:37:55', 0, 0),
(38, 42, '', '', '', '', '', '<p><img style="min-height: 300px; width: 100%;" src="../../../../uploads/tinymce/Mainmast-Room-2-1920x500.jpg?1517207045039" alt="Mainmast-Room-2-1920x500" /></p>\n<p>&nbsp;</p>\n<p>Every centre chosen by PLUS Team has been carefully analized in order to give students the best possible experience according to the type of infrastructure it offers.</p>\n<p>&nbsp;</p>\n<p>When PLUS selects a centre we carefully analyze the location, type of facilities, typology of the type of bedrooms, classes and all the logistical aspects. PLUS is able to promote a centre, once all answers from an operational organizational as well as from a clients prospective is positive.</p>', '', '', 1, '2018-01-29 06:33:37', 0, '2018-01-29 06:33:37', 0, 0),
(39, 43, '', '', '', '', '', '<p><img style="min-height: 300px; width: 100%;" src="../../../../uploads/tinymce/DLD-Homepage-banner-2017-Layout-10.jpg?1517208364367" alt="DLD-Homepage-banner-2017-Layout-10" /></p>\n<p>&nbsp;</p>\n<p>Plus provides a number of programmes between the USA and Europe in order for your students to choose the right location with the right package at the right price.</p>\n<p>&nbsp;</p>\n<p><strong>Destinations: </strong>United Kingdom, Ireland, USA &amp; Malta.</p>', '', '', 1, '2018-01-29 06:46:35', 0, '2018-01-29 06:46:35', 0, 0),
(40, 44, '', '', '', '', '', '<p><img style="min-height: 300px; width: 100%;" src="../../../../uploads/tinymce/New-International-Arrival-Student-Tour-Cropped-1920x500.jpg?1517208432910" alt="New-International-Arrival-Student-Tour-Cropped-1920x500" /></p>\n<p>&nbsp;</p>\n<p>As a provider of British Council and ABLS accredited courses, it is our mission to raise the standard and quality of experience for students, making sure that our students experience the best lessons and extra curricular activities in a safe and supervised environment.</p>\n<p>Our on-site welfare and support staff are on hand 24 hours a day- should you need any help while you are with us. All PLUS Staff undergo induction training by our Head of Operations Staff. Teachers and Leisure organisers are all specifically trained to work with non English speakers and all teachers must have a minimum TEFL qualification.</p>\n<p>&nbsp;</p>\n<h2 class="negativo" style="padding-left: 4px; background-color: #3c7099; padding: 10px 0; color: #fff; border-radius: 4px 4px 4px 4px; font-size: 21px;"><span style="padding-left: 5px;">Who''s Who on campus?</span></h2>\n<p>&nbsp;</p>\n<p><span style="color: #3c7099;"><u>Course Director</u></span></p>\n<p>The Course Director has overall responsibility for the academic side of the programme.</p>\n<p>&nbsp;</p>\n<p><span style="color: #3c7099;"><u>Campus Manager</u></span></p>\n<p>The Campus Manager has overall responsibility for the wellbeing of all students while staying at our PLUS centre. anything!!</p>\n<p>&nbsp;</p>\n<p><span style="color: #3c7099;"><u>Activity Leader</u></span></p>\n<p>Activity Leaders run the afternoon and evening activities on campus. Students can recognise them by their PLUS T-shirts and sweatshirts.</p>\n<p>&nbsp;</p>\n<p><span style="color: #3c7099;"><u>Teacher</u></span></p>\n<p>PLUS teachers lead classes every morning and students will get to know their teacher very well.</p>', '', '', 1, '2018-01-29 06:47:28', 0, '2018-01-29 06:47:28', 0, 0),
(41, 45, 'Accomodation', 'Accomodation', 'accomodation', 'Plus Education Development', 'Plus,Vision', '<p><img style="min-height: 300px; width: 100%;" src="../../../../uploads/tinymce/Mainmast-Room-2-1920x500.jpg?1517207045039" alt="Mainmast-Room-2-1920x500" /></p>\n<p>&nbsp;</p>\n<p>Every centre chosen by PLUS Team has been carefully analized in order to give students the best possible experience according to the type of infrastructure it offers.</p>\n<p>&nbsp;</p>\n<p>When PLUS selects a centre we carefully analyze the location, type of facilities, typology of the type of bedrooms, classes and all the logistical aspects. PLUS is able to promote a centre, once all answers from an operational organizational as well as from a clients prospective is positive.</p>', '', '', 1, '2018-01-29 08:59:12', 0, '2018-01-29 08:59:12', 0, 0),
(42, 46, 'Activities On Campus', 'Activities On Campus', 'activity-on-campus', 'Plus Education Development', 'Plus,Vision', '<p><img style="min-height: 300px; width: 100%;" src="../../../../uploads/tinymce/DLD-Homepage-banner-2017-Layout-10.jpg?1517208364367" alt="DLD-Homepage-banner-2017-Layout-10" /></p>\n<p>&nbsp;</p>\n<p>Plus provides a number of programmes between the USA and Europe in order for your students to choose the right location with the right package at the right price.</p>\n<p>&nbsp;</p>\n<p><strong>Destinations: </strong>United Kingdom, Ireland, USA &amp; Malta.</p>', '', '', 1, '2018-01-29 09:00:15', 0, '2018-01-29 09:00:15', 0, 0),
(43, 47, 'Our Team', 'Our Team', 'our-team', 'Plus Education Development', 'Plus,Vision', '<p><img style="min-height: 300px; width: 100%;" src="../../../../uploads/tinymce/New-International-Arrival-Student-Tour-Cropped-1920x500.jpg?1517208432910" alt="New-International-Arrival-Student-Tour-Cropped-1920x500" /></p>\n<p>&nbsp;</p>\n<p>As a provider of British Council and ABLS accredited courses, it is our mission to raise the standard and quality of experience for students, making sure that our students experience the best lessons and extra curricular activities in a safe and supervised environment.</p>\n<p>Our on-site welfare and support staff are on hand 24 hours a day- should you need any help while you are with us. All PLUS Staff undergo induction training by our Head of Operations Staff. Teachers and Leisure organisers are all specifically trained to work with non English speakers and all teachers must have a minimum TEFL qualification.</p>\n<p>&nbsp;</p>\n<h2 class="negativo" style="padding-left: 4px; background-color: #3c7099; padding: 10px 0; color: #fff; border-radius: 4px 4px 4px 4px; font-size: 21px;"><span style="padding-left: 5px;">Who''s Who on campus?</span></h2>\n<p>&nbsp;</p>\n<p><span style="color: #3c7099;"><u>Course Director</u></span></p>\n<p>The Course Director has overall responsibility for the academic side of the programme.</p>\n<p>&nbsp;</p>\n<p><span style="color: #3c7099;"><u>Campus Manager</u></span></p>\n<p>The Campus Manager has overall responsibility for the wellbeing of all students while staying at our PLUS centre. anything!!</p>\n<p>&nbsp;</p>\n<p><span style="color: #3c7099;"><u>Activity Leader</u></span></p>\n<p>Activity Leaders run the afternoon and evening activities on campus. Students can recognise them by their PLUS T-shirts and sweatshirts.</p>\n<p>&nbsp;</p>\n<p><span style="color: #3c7099;"><u>Teacher</u></span></p>\n<p>PLUS teachers lead classes every morning and students will get to know their teacher very well.</p>', '', '', 1, '2018-01-29 09:00:59', 0, '2018-01-29 09:00:59', 0, 0),
(44, 50, '', '', '', '', '', '<div>Direct Download</div>', '', '', 1, '2018-02-13 06:23:23', 0, '2018-02-13 06:23:23', 0, 0),
(45, 51, '', '', '', '', '', '<div>Direct Download</div>', '', '', 1, '2018-02-13 06:24:01', 0, '2018-02-13 06:24:01', 0, 0),
(46, 52, '', '', '', '', '', '<ol class="iosInstruction">\n<li>Go to App Store&nbsp;&nbsp;&nbsp;<img style="width: 70px; height: 60px;" src="../../../../uploads/tinymce/app_store.png?1518503588199" alt="app_store" /></li>\n<li>Open and search for Document by Readdle&nbsp;<img style="width: 100%; margin-left: -40px;" src="../../../../uploads/tinymce/document.png?1518503619294" alt="document" /></li>\n<li>Click OPEN to Download</li>\n<li>Click on the button on the bottom right hand side (indicated)&nbsp;<img style="width: 100%; margin-left: -25px;" src="../../../../uploads/tinymce/main_screen.png?1518503631700" alt="main_screen" /></li>\n<li>Insert the following link <u style="color: blue;">http://plus-ed.com/betaweb/plus-walking-tour</u></li>\n<li>Select YOUR Centre</li>\n<li>Insert the password (provided by the PLUS Campus Manager)</li>\n<li>Click on your walking tour or activity plan</li>\n<li>Choose the file you wish to download</li>\n<li>Click on the Harrow to save it on your IOS (Red Circle)&nbsp;<img style="width: 100%; margin-left: -25px;" src="../../../../uploads/tinymce/download.png?1518503645081" alt="download" /></li>\n<li>Once the download is terminated you can view the walking tour <strong>OFF LINE</strong></li>\n</ol>', '', '', 1, '2018-02-13 07:10:33', 0, '2018-02-13 07:10:33', 0, 0);

-- --------------------------------------------------------

--
-- Table structure for table `frontweb_course_feature`
--

DROP TABLE IF EXISTS `frontweb_course_feature`;
CREATE TABLE IF NOT EXISTS `frontweb_course_feature` (
  `course_feature_id` int(11) NOT NULL AUTO_INCREMENT COMMENT 'primary key',
  `feature_title` varchar(100) DEFAULT NULL,
  `feature_description` text,
  `feature_image` varchar(200) DEFAULT NULL,
  `course_id` int(11) NOT NULL COMMENT 'foreign key',
  PRIMARY KEY (`course_feature_id`)
) ENGINE=MyISAM AUTO_INCREMENT=82 DEFAULT CHARSET=utf8;

--
-- Dumping data for table `frontweb_course_feature`
--

INSERT INTO `frontweb_course_feature` (`course_feature_id`, `feature_title`, `feature_description`, `feature_image`, `course_id`) VALUES
(38, ' COURSE LEVELS BOXED', '								<u>Level 1- Elementary:</u><br>\n								The course covers basic vocabulary such as places, families, jobs, times, interests and hobbies, food and drink. It introduces grammar for initial communication. Students also learn to introduce themselves, talk about jobs, ask questions, give a description, plan a trip, and talk about their likes and dislikes.<br>\n								<br><u>Level 2- Pre- intermediate:</u><br>\n								This level builds on students’ vocabulary, revising and developing lexis for more sophisticated interaction. Students learn to communicate on a variety of topics: talking about daily lives and routines, making comparisons, talking about free-time activities and life experiences, describing activities, people and feelings, talking about past events.<br>\n								<br><u>Level 3- Intermediate:</u><br>\n								At this level students are taught a range of techniques to increase their vocabulary while grammatical concepts are revised and reinforced. Skills and functions include: introducing themselves and each other, discussing differences, planning a trip, completing and collating surveys, making complaints, giving advice and creating an advertisement.<br>\n								<br><u>Level 4- Upper-Intermediate:</u><br>\n								Students are expected to refine and develop vocabulary topics and areas of grammatical competency. Functions include: asking for and giving personal information, making future predictions, participating in an interview, talking about character and emotions, discussing hypothetical situations, writing a magazine article.<br>\n								<br><u>Level 5- Advanced:</u><br>\n								At this level students take an active role in discovering which areas of language they need to work on and improve, and to learn ways of doing this effectively. Students work with authentic texts and begin to identify aspects of phonology such as word stress and intonation. Functions covered include: debating, hypothesising, evaluating, identifying and participating in debates on contemporary topics.<br>', '15119465581.jpg', 1),
(41, 'THE PLUS COURSE BOOK BOXED', '<div style="position: relative;padding-bottom:56.25%;padding-top:30px;height:0;overflow:hidden;"><iframe style="position: absolute;top: 0;left: 0;width: 100%;height: 100%;" src="https://www.youtube.com/embed/RKhfXO0g-PY" allowfullscreen="" width="484" height="315" frameborder="0"></iframe></div><br>', '15119465585.jpg', 1),
(40, ' EXAMS BOXED', '								PLUS is a registered centre for the Trinity Graded Examinations in Spoken English. We encourage students to take this exam because it is a spoken exam and particularly suits the emphasis of our courses.<br>\n								The Trinity examination, offered at 12 levels, tests the students’ abilities in fluency, pronunciation, accuracy of language, vocabulary range, and communication strategies. Students can enroll to take this exam before arrival and we will then organise an exam for them at the centre they are studying. Trinity preparation lessons can also be offered (usually in the afternoons and as an extra to the study course) at an additional cost.\n', '15119465582.jpg', 1),
(39, 'COURSE AIMS BOXED', '							1. Students will develop and increase their vocabulary.<br>\n								2. Students will improve their speaking and listening skills.<br>\n								3. Students will be introduced to British culture.<br>\n								4. Students will be provided with lots of opportunities to use their English in and outside the classroom.<br>\n								5. Students will build their confidence in using English.<br>6. Students will make new friends.', '1511946558.jpg', 1),
(42, 'OUR TEACHERS BOXED', 'All our teachers are professional, well-prepared and have been selected for their experience, friendliness and enthusiasm. They hold at least a certificate in ELT/TESOL or have a qualified teacher status in conformity with the British Council criteria.', '15119465583.jpg', 1),
(43, 'SYLLABUS BOXED', '								PLUS courses are designed for students who wish to become more proficient in English and more confident in their speaking and listening skills. Our highly-interactive course reflects our students’ needs and is focused on functional and communicative language studies with a specific focus on vocabulary and pronunciation. Reading and writing skills are also enhanced through course book work as well as through diary writing which is included in the daily schedule. We strongly believe that students will learn much more if they are enjoying their study so our lessons are always fun and educational.', '15119465584.jpg', 1),
(68, 'In Family', '<p style="color: #999 !important;font-weight: normal !important;text-transform: none !important;">PLUS families have hosted students for many years. They are made up of friendly, caring,\nkind, courteous individuals who are well aware of the apprehension you may have when\ncoming to a new house. They will try their best to make you feel like a member of the family.\nBreakfast and dinner are taken with the family who will also provide students with a packed\nlunch (this may be also purchased at the school).</p>\n<p style="color: #999 !important;font-weight: normal !important;text-transform: none !important;">Families generally live no more than 45-60 minutes away from the centre.</p><p>\n</p><p style="color: #999 !important;font-weight: normal !important;text-transform: none !important;">Family stay is mostly advisable for students who are more independent with at least\nan intermediate level of English.</p><p style="color: #999 !important;font-weight: normal !important;text-transform: none !important;">Families are selected either directly by PLUS Host Family Organizers or in most cases\nby a reputable British Council accredited agency in the UK.</p>\n', '1513333639.jpg', 14),
(65, 'On Campus', '<p style="color: #999 !important;font-weight: normal !important;text-transform: none !important;">If you are looking for a more independent lifestyle and enjoy a fun atmosphere shared with\nold and new friends from different countries, living on campus is the ideal choice for you.</p>\n<p style="color: #999 !important;font-weight: normal !important;text-transform: none !important;">You will experience real college life in a supported and secure environment and you will be\nable to take advantage of all the facilities the campus has to offer.</p><p style="color: #999 !important;font-weight: normal !important;text-transform: none !important;">These amenities are generally all close to each other: classrooms, first class sports facilities,\nthe cafeteria and other social and recreational facilities.</p>', '1513333115.jpg', 14),
(66, 'English Course', '<p style="color: #999 !important;font-weight: normal !important;text-transform: none !important;">The courses have been designed to\nenhance students’ verbal and written\ncommunication skills in the language.\nOur EFL qualified teachers focus on\nlively learning and encourage group\ninteraction to stimulate the constant\nuse of vocabulary both within and outside\nthe class. To encourage effective\ninteraction between the students and\nteachers, the classes are small with a\nmaximum class size of 15. The courses\nare planned around 20 lessons per\nweek (45 minute each i.e. 15 hours per\nweek) at up to five different levels from\nElementary to Advanced.\nStudents are placed on a level depending\non the result of the student placement\ntest taken on the first day of\nlessons. Since students are accepted\nand taught in closed groups, it is very\nimportant that group enrolments are\ndone with students of same or similar\nlevels of English language proficiency.\nThe course books and learning supplementary\nmaterials are provided\nfree of charge and at the end of your\nstay, you will be awarded a PLUS End\nof Course Certificate.</p>', '15133336391.jpg', 14),
(67, 'Add-on Package', '<p style="color: #999 !important;font-weight: normal !important;text-transform: none !important;">All our programmes are based on a standard package which includes:</p>\n<ul>\n<li style="display: block;">--Boarding</li>\n<li style="display: block;">--15 hours of General English Tuition</li>\n<li style="display: block;">--A maximum class size of 15 students</li>\n<li style="display: block;">--Orientation tour of campus and its facilities</li>\n<li style="display: block;">--Daily 24 hour assistance</li>\n</ul><br>\n<p style="color: #999 !important;font-weight: normal !important;text-transform: none !important;">As a PLUS partner through our online system you can Add on Package\nto the standard programme by:</p>\n<ul>\n<li style="display: block;">--Adding additional full day or half day excursions</li>\n<li style="display: block;">--Purchasing attraction tickets for the included or extra excursions</li>\n<li style="display: block;">--Adding extra hours of tuition</li>\n<li style="display: block;">--Decreasing number of students per class</li>\n<li style="display: block;">--Increasing number of lessons provided</li>\n<li style="display: block;">--Arranging activities on and off campus such as sport tournaments, discos, etc.</li>\n<li style="display: block;">--Adding Trinity Exams</li>\n</ul>\n<p style="color: #999 !important;font-weight: normal !important;text-transform: none !important;">In our agency area you can download a suggested activity programme which will provide you with an\nexample of how a programme can be arranged and a pricing structure.</p>\n<p style="color: #999 !important;font-weight: normal !important;text-transform: none !important;">You can however create an ad hoc service according to your budget, length of stay and group size. If\nthis is needed our sales team is more than happy to guide you through the booking process and provide\na programme which will best suit you and your client needs.</p>', '15133336392.jpg', 14),
(74, 'Succeeding in your studies', '<p style="color: #999 !important;font-weight: normal !important;text-transform: none !important;">Whilst at university in the UK, students can benefit substantially through obtaining\nindependent mentoring advice. PLUS takes two approaches:</p>\n<p style="color: #999 !important;font-weight: normal !important;text-transform: none !important;">\n- Offering regular advice to discuss current and upcoming academic challenges<br>\n- Providing specific support at key times in the academic year<br>\n- The aim of these services are to help students succeed academically and gain\nconfidence in their academic ability.\n</p>\n<p style="color: #999 !important;font-weight: normal !important;text-transform: none !important;">This is delivered through a number of approaches including:</p>\n- Academic mentoring on all aspects of study including, project work, exam preparation\nand research skills<br>\n- Specialist advice on dissertation and project selection<br>\n- Proof reading services including stylistic writing advice<br>\n- Selecting and applying for placements in industry<br>\n- Gaining relevant work experience in university holidays.<br>\n\n', '15139427532.jpg', 13),
(72, 'Making your choice', '<p style="color: #999 !important;font-weight: normal !important;text-transform: none !important;">Choosing a degree course and university is often a daunting prospect. PLUS provide\nspecialist support to make this process easier, providing carear advice and support in\nselecting your degree and university.</p>\n<p style="color: #999 !important;font-weight: normal !important;text-transform: none !important;">PLUS helps prospective undergraduate and postgraduate applicants (Masters Degrees\nand PhDs) to make the right choices, in the following subject areas:</p>\n- Science, Mathematics and Engineering<br>\n- Humanities and Social Sciences<br>\n- Law<br>\n- Business Studies, Economics and Finance<br>\n- Sports and Health<br>\n- Art, Design and Fashion<br>', '1513942753.jpg', 13),
(73, 'About our academic staff', '<p style="color: #999 !important;font-weight: normal !important;text-transform: none !important;">The PLUS University Support was established to provide independent specialist advice\nand support to help prospective students make the right choice and submit a successful\napplication to university.</p>\n<p style="color: #999 !important;font-weight: normal !important;text-transform: none !important;">Whilst support in applying to university is our most popular service, we recognize that\nthis is just the start of your academic journey and we are able to support you\nthroughout your time at university in the UK.</p>\n', '15139427531.jpg', 13),
(75, 'Taught undegradute and postgraduate courses', '<p style="color: #999 !important;font-weight: normal !important;text-transform: none !important;">\n									Whilst every client is different and we pride ourselves on providing a personal and impartial service,\n									our application support service has been designed to ensure our clients make the best choices and give\n									themselves:\n								</p><br><br>\n								<div style="width: 100%;">\n									<p style="width:40%;float:left; color: #999 !important;font-weight: normal !important;text-transform: none !important;">\n										Initial Skype call to understand the clients interests and ability\n									</p>\n									<p style="width: 20%;float: left"><img style="width: 65px;" src="images/right.png"></p>\n									<p style="width:40%;float:left;color: #999 !important;font-weight: normal !important;text-transform: none !important;">\n										Undertake research outlining at least 6 universities offering suitable courses\n									</p>\n								</div>\n								<div style="width: 100%;">\n									<p style="width: 70%;float: left;"></p>\n									<p style="width: 30%;float: left"><img style="width: 65px;" src="images/down.png"></p>\n								</div>\n								<div style="width: 100%;">\n									<p style="width:40%;float:left; color: #999 !important;font-weight: normal !important;text-transform: none !important;">\n										Skype calls to discuss the application process and personal statement\n									</p>\n									<p style="width: 20%;float: left"><img style="width: 65px;" src="images/left.png"></p>\n									<p style="width:40%;float:left;color: #999 !important;font-weight: normal !important;text-transform: none !important;">\n										Follow up Skype call/s to discuss course options\n									</p>\n								</div>\n								<div style="width: 100%;">\n									<p style="width: 30%;"><img style="width: 65px;" src="images/down.png"></p>\n									<p style="width: 70%;float: left;"></p>\n								</div>\n								<div style="width: 100%;">\n									<p style="width:40%;float:left; color: #999 !important;font-weight: normal !important;text-transform: none !important;">\n										Skype and written support to help the client develop the best possible application\n									</p>\n									<p style="width: 20%;float: left"><img style="width: 65px;" src="images/right.png"></p>\n									<p style="width:40%;float:left;color: #999 !important;font-weight: normal !important;text-transform: none !important;">\n										Supporting submission through the UCAS process (undergraduate) and through direct applications (postgraduate). Advising on next steps\n									</p>\n								</div>\n								<div class="clearfix"></div><br><br>\n								<p style="color: #999 !important;font-weight: normal !important;text-transform: none !important;">\n									Some courses do, however, need more support requiring further input from PLUS this includes:\n								</p><br><br>\n								<div style="width: 100%;">\n									<p style="width:50%;float:left; color: #999 !important;font-weight: normal !important;text-transform: none !important;">\n										Specialist advice when applying for medicine, dentistry or veterinary science\n									</p>\n									<p style="width:50%;float:left;color: #999 !important;font-weight: normal !important;text-transform: none !important;">\n										Tailored support and interview preparation for Oxbridge applicants\n									</p>\n								</div>\n								<div class="clearfix"></div>\n								<div style="width: 100%;">\n									<p style="width:50%;float:left; color: #999 !important;font-weight: normal !important;text-transform: none !important;">\n										Information and advice about moving to the UK and living in the different university cities\n									</p>\n									<p style="width:50%;float:left;color: #999 !important;font-weight: normal !important;text-transform: none !important;">\n										More in depth careers counselling to ensure those who a less sure of their plans make the right choices\n									</p>\n								</div>\n								<div class="clearfix"></div><br><br>\n								<p style="color: #999 !important;font-weight: normal !important;text-transform: none !important;">\n									Following a successful application, PLUS can help our clients throughout their time at University,\n									through a range of mentoring and advisory services including:\n								</p><br><br>\n								<div style="width: 100%;">\n									<p style="width:50%;float:left; color: #999 !important;font-weight: normal !important;text-transform: none !important;">\n										Regular academic mentoring sessions\n									</p>\n									<p style="width:50%;float:left;color: #999 !important;font-weight: normal !important;text-transform: none !important;">\n										Advice and support on dissertations, projects and placement\n									</p>\n								</div>\n								<div class="clearfix"></div>', '1514281190.jpg', 13),
(76, 'Prospective undergraduate students', '<p style="color: #999 !important;font-weight: normal !important;text-transform: none !important;">\n									Services being provided to a prospective undergraduate student\n								</p>\n								<h2>PHASE 1</h2><br>\n								<h3 style="color: #999 !important;font-weight: bold;">Phase 1 includes:</h3>\n								<ul>\n									<li style="display: list-item;margin-left: 30px;">Independent advice to help a student make the right choice of course and university</li>\n									<li style="display: list-item;margin-left: 30px;">Research into 5 suitable course options that meet student’s needs and expected educational attainment.</li>\n								</ul><br>\n								<h3 style="color: #999 !important;font-weight: bold;">Phase 1 Steps:</h3>\n								<ul>\n									<li style="margin-left: 30px;">1. Student completes enquiry form</li>\n									<li style="margin-left: 30px;">2. Our consultant arranges a Skype call with the student</li>\n									<li style="margin-left: 30px;">3. PLUS undertakes research into 5 suitable courses and universities based on the information identified above</li>\n									<li style="margin-left: 30px;">4. Second Skype call to present research to a student and provide an opportunity to progress to Phase 2.</li>\n								</ul><br>\n								<p style="color: #999 !important;font-weight: normal !important;text-transform: none !important;">Price: £500.00</p><br>\n								<h2>PHASE 2</h2><br>\n								<h3 style="color: #999 !important;font-weight: bold;">Phase 2 includes:</h3>\n								<ul>\n									<li style="display: list-item;margin-left: 30px;">\n										Advice to ensure your UCAS form is completed and submitted correctly\n									</li>\n									<li style="display: list-item;margin-left: 30px;">\n										Advice on writing an accompanying personal statement\n									</li>\n									<li style="display: list-item;margin-left: 30px;">\n										Advice on other areas such as obtaining a suitable school reference and completing IELTS test\n									</li>\n									<li style="display: list-item;margin-left: 30px;">\n										Advice on what course to select as your first and insured choice.\n									</li>\n								</ul><br>\n								<h3 style="color: #999 !important;font-weight: bold;">Phase 2 Steps:</h3>\n								<ul>\n									<li style="display: list-item;margin-left: 30px;">\n										Student registers with UCAS through PLUS which is a registered UCAS centre.\n									</li>\n									<li style="display: list-item;margin-left: 30px;">\n										PLUS provides guidance on completing the UCAS form, obtaining school reference and undertaking additional tests like IELTS etc.\n									</li>\n									<li style="display: list-item;margin-left: 30px;">\n										PLUS provides guidance on writing a personal statement. Student writes a draft version. PLUS reviews it and provides feedback.\n									</li>\n									<li style="display: list-item;margin-left: 30px;">\n										Student completes administrative side of UCAS form including uploading the finalised personal statement.\n									</li>\n									<li style="display: list-item;margin-left: 30px;">\n										Skype call(s) are scheduled with the student as necessary to ensure the form is completed correctly.\n									</li>\n									<li style="display: list-item;margin-left: 30px;">\n										Student submits UCAS form.\n									</li>\n								</ul><br>\n								<p style="color: #999 !important;font-weight: normal !important;text-transform: none !important;">Price: £1,200.00</p><br>', '1514281190.png', 13),
(77, 'Our team', '<p style="color: #999 !important;font-weight: normal !important;text-transform: none !important;">\nAll our Academic Team is here to provide\na personalised and independent support\nfor undergraduate and postgraduate\nstudents.\n</p><br>\n<p style="color: #999 !important;font-weight: normal !important;text-transform: none !important;">\nHaving worked with students throughout\ntheir career, they will be the primary\npoint of contact.\n</p><br>\n\n<p style="color: #999 !important;font-weight: normal !important;text-transform: none !important;">\nThe team have experience working and\nlecturing at the UK universities across\nmultidisciplinary fields such as science,\nsocial science and business.\n</p><br>\n\n<p style="color: #999 !important;font-weight: normal !important;text-transform: none !important;">\nThanks to their experience we are able to\nprovide unique and specialist support and\nadvice.\n</p><br>\n\n<p style="color: #999 !important;font-weight: normal !important;text-transform: none !important;">\nOur associates work in specialist fields in\nacademia, healthcare and industry.\n</p><br>', '15142811901.jpg', 13),
(78, 'Securing your place at university', '<p style="color: #999 !important;font-weight: normal !important;text-transform: none !important;">\nPLUS t supports you to secure your preferred course and university. In the UK, this\nprocess involves completing a UCAS application form, which requires you to submit a\npersonal statement and for some courses attend an interview. We guide you through\nthis process, considering your academic ability and interests, working with you to\nunderstand your strengths, and increasing your confidence to succeed\nin your applications.\n</p><br>\n\n<p style="color: #999 !important;font-weight: normal !important;text-transform: none !important;">\nOur expert advice provides support to students and their parents and guardians in\nconsidering the following aspects:\n</p><br>\n\n<p style="color: #999 !important;font-weight: normal !important;text-transform: none !important;">\nCareers counselling, professional advice, researching choices of degree and university to\nsuit an applicant’s academic ability and interests (a minimum of six courses are\nthoroughly researched).\n</p>\n\n<p style="color: #999 !important;font-weight: normal !important;text-transform: none !important;">\nAdvice on English language requirements for courses, tuition fees and scholarships\nwhere possible\n</p>\n<p style="color: #999 !important;font-weight: normal !important;text-transform: none !important;">\n- Advice on all aspects of the UCAS process<br>\n- Support in writing the accompanying personal statement<br>\n- Interview preparation for undergraduates and postgraduates<br>\n- Specialist support and advice in applying to Oxbridge<br>\nPostgraduate service providing support to MPhil and PhD applicants in identifying\nacademic specialists and preparing project proposals.\n</p>', '15142811902.jpg', 13),
(79, 'Living in the uk', '<p style="color: #999 !important;font-weight: normal !important;text-transform: none !important;">\nComing to study in the UK from overseas is an amazing experience.\nHowever, moving to the UK is a big moment in a new students life. Ensuring that many\nof the practicalities of living in the UK are dealt with is important. PLUS provides advice\non moving to and living in the UK.\n</p><br>\n<p style="color: #999 !important;font-weight: normal !important;text-transform: none !important;">\nHaving a great time, making new friends and exploring new places are integral to\nstudying successfully. All universities offer a wide range of clubs and societies which are\nreally important in making friends with like minded people. Studying in the UK also\nprovides an opportunity to explore the countries rich cultural heritage and many areas\nof outstanding natural beauty.\n</p><br>\n<p style="color: #999 !important;font-weight: normal !important;text-transform: none !important;">\nPLUS''s mentoring programme not only supports you to excel in your studies, but also to\nmake the most of your time in the UK. We can help you in moving to the UK and once\nyou have arrived.\n</p><br>\n<p style="color: #999 !important;font-weight: normal !important;text-transform: none !important;">\nYour university experience will be individual to you. Our independent personal support\nmeans we are always here if you need our help or guidance.\n</p><br>', '15142811903.jpg', 13),
(80, 'Postgraduate research course', '<p style="color: #999 !important;font-weight: normal !important;text-transform: none !important;">\n									With the UK being a leading nation for excellence in research there are a wealth of opportunities for\n									postgraduate students looking to develop their academic careers. PLUS offers a bespoke range of highly\n									personalised services to support our clients in securing PhD, MPhil &amp; MRes studentships.\n									<b>This process is unique</b> to <b>each</b> student but usually at the first stage follows the approach below:\n								</p><br>\n								<p style="color: #999 !important;font-weight: normal !important;text-transform: none !important;">\n									Initial Skype call to understand the clients research interests and discuss application options\n								</p>\n								<div style="width: 100%;">\n									<p style="width: 50%;float: left;text-align: center;margin-left: -60px;"><img style="width: 65px;" src="images/down.png"></p>\n									<p style="width: 50%;float: left;text-align: center;"><img style="width: 65px;" src="images/down.png"></p>\n								</div>\n								<div style="width: 100%;">\n									<p style="width:50%;float:left; color: #999 !important;font-weight: normal !important;text-transform: none !important;">\n										<u>Applying for advertised opportunity</u><br> Undertake an initial review of currently advertised opportunities\n									</p>\n									<p style="width:50%;float:left;color: #999 !important;font-weight: normal !important;text-transform: none !important;">\n										<u>Proposing own project </u><br>Provide advice on how to draft a research proposal\n									</p>\n								</div>\n								<div style="width: 100%;">\n									<p style="width: 50%;float: left;text-align: center;margin-left: -60px;"><img style="width: 65px;" src="images/down.png"></p>\n									<p style="width: 50%;float: left;text-align: center;"><img style="width: 65px;" src="images/down.png"></p>\n								</div>\n								<div style="width: 100%;">\n									<p style="width:50%;float:left; color: #999 !important;font-weight: normal !important;text-transform: none !important;">\n										Skype call to discuss opportunities and<br> advice on searching for further<br> opportunities\n									</p>\n									<p style="width:50%;float:left;color: #999 !important;font-weight: normal !important;text-transform: none !important;">\n										Skype consultation to review students proposal and identify potential research groups\n									</p>\n								</div>\n								<div class="clearfix"></div>\n								<br>\n								<p style="width:100%;float:left;text-align: center; color: #999 !important;font-weight: normal !important;text-transform: none !important;">\n									Bespoke services\n								</p><br>\n								<div style="width: 100%;">\n									<p style="width: 50%;float: left;text-align: center;margin-left: -60px;"><img style="width: 65px;" src="images/down.png"></p>\n									<p style="width: 50%;float: left;text-align: center;"><img style="width: 65px;" src="images/down.png"></p>\n								</div>\n								<div style="width: 100%;">\n									<p style="width:50%;float:left; color: #999 !important;font-weight: normal !important;text-transform: none !important;">\n										Skype and written support to develop the application and to\n									</p>\n									<p style="width:50%;float:left;color: #999 !important;font-weight: normal !important;text-transform: none !important;">\n										Skype and written support to develop and submit a full proposal\n									</p>\n								</div>\n								<div class="clearfix"></div><br>\n								<p style="color: #999 !important;font-weight: normal !important;text-transform: none !important;">\n									Once the client receives their place within the research group the work begins. Postgraduate research\n									is highly rewarding but equally challenging. PLUS supports our clients throughout their research\n									through a range of mentoring and advisory services including:\n								</p><br>\n								<div style="width: 100%;">\n									<p style="width:50%;float:left; color: #999 !important;font-weight: normal !important;text-transform: none !important;">\n										Regular academic mentoring sessions\n									</p>\n									<p style="width:50%;float:left;color: #999 !important;font-weight: normal !important;text-transform: none !important;">\n										Advice and support on thesis writing, publications and reports\n									</p>\n								</div>\n								<div style="width: 100%;">\n									<p style="width:50%;float:left; color: #999 !important;font-weight: normal !important;text-transform: none !important;">\n										Presentation skills and networking\n									</p>\n									<p style="width:50%;float:left;color: #999 !important;font-weight: normal !important;text-transform: none !important;">\n										Support in progressing their academic career post studies\n									</p>\n								</div>\n								<div class="clearfix"></div>', '15142811901.png', 13),
(81, 'Prospective postgraduate students application process', '<p style="color: #999 !important;font-weight: normal !important;text-transform: none !important;">\n									Services being provided to a prospective undergraduate student\n								</p>\n								<h2>PHASE 1</h2><br>\n								<h3 style="color: #999 !important;font-weight: bold;">Phase 1 includes:</h3>\n								<ul>\n									<li style="display: list-item;margin-left: 30px;">\n										Independent advice to help a student make the right choice of course and university\n									</li>\n									<li style="display: list-item;margin-left: 30px;">\n										Research into 5 suitable course options that meet student’s needs and expected educational attainment.\n									</li>\n								</ul><br>\n								<h3 style="color: #999 !important;font-weight: bold;">Phase 1 Steps:</h3>\n								<ul>\n									<li style="margin-left: 30px;">1. Student completes enquiry form</li>\n									<li style="margin-left: 30px;">2. Our consultant arranges a Skype call with the student</li>\n									<li style="margin-left: 30px;">3. PLUS undertake research into 5 suitable courses and universities based on the information identified above</li>\n									<li style="margin-left: 30px;">4. Second Skype call to present research to a student and provide an opportunity to progress to Phase 2.</li>\n								</ul><br>\n								<p style="color: #999 !important;font-weight: normal !important;text-transform: none !important;">Price: £500.00</p><br>\n								<h2>PHASE 2</h2><br>\n								<h3 style="color: #999 !important;font-weight: bold;">Phase 2 includes:</h3>\n								<ul>\n									<li style="display: list-item;margin-left: 30px;">\n										Advice to ensure each postgraduate application is completed and submitted correctly\n									</li>\n									<li style="display: list-item;margin-left: 30px;">\n										Advice in writing an accompanying personal statement\n									</li>\n									<li style="display: list-item;margin-left: 30px;">\n										Advice in writing a suitable CV\n									</li>\n									<li style="display: list-item;margin-left: 30px;">\n										Support in other areas – e.g. obtaining a suitable reference and taking IELTS tests\n									</li>\n									<li style="display: list-item;margin-left: 30px;">\n										Advice on what course to select when offers come through.\n									</li>\n								</ul><br>\n								<h3 style="color: #999 !important;font-weight: bold;">Phase 2 Steps:</h3>\n								<ul>\n									<li style="display: list-item;margin-left: 30px;">\n										Student registers with individual universities and completes administrative side of each application form.\n									</li>\n									<li style="display: list-item;margin-left: 30px;">\n										PLUS provides advice on completing each form (via Skype calls), obtaining a reference and undertaking additional tests like IELTS etc.\n									</li>\n									<li style="display: list-item;margin-left: 30px;">\n										PLUS reviews a student’s CV and provides one round of feedback.\n									</li>\n									<li style="display: list-item;margin-left: 30px;">\n										PLUS provides guidance on writing a personal statement. Student writes a draft version. PLUS reviews it and provides feedback.\n									</li>\n									<li style="display: list-item;margin-left: 30px;">\n										With guidance, the student finalises their personal statement.\n									</li>\n									<li style="display: list-item;margin-left: 30px;">\n										Student submits each application form.\n									</li>\n									<li style="display: list-item;margin-left: 30px;">\n										When offers are through, a Skype call is arranged to provide advice on what should be student’s first and insured choice.\n									</li>\n								</ul><br>\n								<p style="color: #999 !important;font-weight: normal !important;text-transform: none !important;">Price: £1,800.00</p><br>', '15142811902.png', 13);

-- --------------------------------------------------------

--
-- Table structure for table `frontweb_course_language`
--

DROP TABLE IF EXISTS `frontweb_course_language`;
CREATE TABLE IF NOT EXISTS `frontweb_course_language` (
  `course_language_id` int(11) NOT NULL AUTO_INCREMENT COMMENT 'primary key',
  `course_name` varchar(100) DEFAULT NULL,
  `corse_description` text,
  `language_id` int(11) DEFAULT NULL,
  `course_id` int(11) NOT NULL COMMENT 'foreign key',
  PRIMARY KEY (`course_language_id`)
) ENGINE=MyISAM AUTO_INCREMENT=15 DEFAULT CHARSET=utf8;

--
-- Dumping data for table `frontweb_course_language`
--

INSERT INTO `frontweb_course_language` (`course_language_id`, `course_name`, `corse_description`, `language_id`, `course_id`) VALUES
(1, 'JUNIOR SUMMER COURSES', 'Our summer school offers students opportunities to practice their English under the supervision of qualified and experienced teachers. Classes are learner-centred with all students being given the opportunity to speak as much as possible. Lessons involve the use of pair and group work, as well as whole class participation. We use specially designed text books which have been specifically written for teenage students on short summer courses. At the end of the course, students are given an end-of-course-certificate which includes assessment comments from his/her teachers.', 1, 1),
(13, 'ADULT COURSES', '<p>PLUS provides independent specialist advice and support to help prospective students\nmake the right choice and submit a successful application to university.</p><br>\n\n<p>Whilst support to prospective undergraduate and postgraduate students in applying to\nuniversity is our most popular service, we recognise that this is just the start of\nyour academic journey and we are able to support you throughout your time at\nuniversity.</p><br>\n\n<p>PLUS student focused approach is in the heart of what we do and what makes our work\nso rewarding.</p><br>\n\n<p>No one person is the same so we support the candidate and their family to make the\nbest decision and guide through every step of their university journey.</p><br>', 1, 13),
(14, 'JUNIOR MINI STAY', '<p>The quest for excellence and the client’s satisfaction has been PLUS’s mission since it\nstarted operating in 1972. Over the years, our staff, our centres and our programmes have\nchanged considerably, however, our principles have remained the same.\nWhether you stay at one of our Summer Centres or take part in one of our Mini Stay\nprogrammes in the United Kingdom, or the United States, you will enjoy\nyour study course and free time activities. More importantly, you will receive the same\nexcellent levels of care and supervision you require.</p><br>\n<p>Today PLUS, with offices in London, New York, Beijing, Milan, is among the world’s finest\norganizations specialising in the teaching of English language to students from all over the\nworld who wish to improve their proficiency of the language.</p><br>\n<p>Each Year PLUS all year round mini stay programmes run from September to May.</p><br>\n<p>The programme has been designed to offer students and Groups high quality english lessons\nand an opportunity to build a suitable package of their choice according to their own budget.\nThis has been achieved by giving each group a basic package consisting of General English lessons\nand full board accommodation as well as free time built into the programme during which groups\ncan organize varies social activities such as sports and excursions as well as attractions\nat an additional costs.</p><br>\n<p>The PLUS staff can supervise all activities and ultimetely be responsibile for students welfare.</p><br>\n\n<p><b>LEISURE ORGANIZERS</b><br>Leisure organizers run the afternoon sports, social and entertainment programmes as well the\nevening activities on campus.\nThey can also have students practise their english while playing sport and enjoy many leisure\nactivities.</p><br>\n<p><b>QUALIFIED TEACHERS</b><br>On request professional and creative staff will follow the organization of the Academy courses\nsuch as multi sport, dance, performing arts, horse riding, golf and tennis.</p>', 1, 14);

-- --------------------------------------------------------

--
-- Table structure for table `frontweb_course_master`
--

DROP TABLE IF EXISTS `frontweb_course_master`;
CREATE TABLE IF NOT EXISTS `frontweb_course_master` (
  `course_master_id` int(11) NOT NULL AUTO_INCREMENT COMMENT 'primary key',
  `course_image` varchar(200) DEFAULT NULL,
  `course_front_image` varchar(200) DEFAULT NULL,
  `course_status` tinyint(1) NOT NULL DEFAULT '1' COMMENT '1:Active , 0:inactive',
  `delete_flag` tinyint(1) NOT NULL DEFAULT '0' COMMENT '0 = not deleted and 1 = deleted',
  PRIMARY KEY (`course_master_id`)
) ENGINE=MyISAM AUTO_INCREMENT=15 DEFAULT CHARSET=utf8;

--
-- Dumping data for table `frontweb_course_master`
--

INSERT INTO `frontweb_course_master` (`course_master_id`, `course_image`, `course_front_image`, `course_status`, `delete_flag`) VALUES
(1, '1511946212.jpg', '1511946212.jpg', 1, 0),
(14, '1513332289.jpg', '1513332289.JPG', 1, 0),
(13, '1513329286.jpg', '1513329286.jpg', 1, 0);

-- --------------------------------------------------------

--
-- Table structure for table `frontweb_course_specification`
--

DROP TABLE IF EXISTS `frontweb_course_specification`;
CREATE TABLE IF NOT EXISTS `frontweb_course_specification` (
  `course_specification_id` int(11) NOT NULL AUTO_INCREMENT COMMENT 'primary key',
  `specification_option` varchar(100) DEFAULT NULL,
  `specification_value` varchar(200) DEFAULT NULL,
  `course_id` int(11) NOT NULL COMMENT 'foreign key',
  PRIMARY KEY (`course_specification_id`)
) ENGINE=MyISAM AUTO_INCREMENT=37 DEFAULT CHARSET=utf8;

--
-- Dumping data for table `frontweb_course_specification`
--

INSERT INTO `frontweb_course_specification` (`course_specification_id`, `specification_option`, `specification_value`, `course_id`) VALUES
(34, 'Class Size', '15 students per class', 1),
(33, 'Time', 'Morning or/and afternoon', 1),
(32, 'Class hours', '15 hours per week', 1),
(31, 'Level', 'Elementary - Advanced', 1),
(30, 'Age', '11-17', 1),
(35, 'Course Length', 'min. 2-4 weeks', 1);

-- --------------------------------------------------------

--
-- Table structure for table `frontweb_extra_day_activity`
--

DROP TABLE IF EXISTS `frontweb_extra_day_activity`;
CREATE TABLE IF NOT EXISTS `frontweb_extra_day_activity` (
  `extra_day_activity_id` int(11) NOT NULL AUTO_INCREMENT COMMENT 'primary key',
  `extra_master_activity_id` int(11) DEFAULT NULL COMMENT 'foreign key',
  `date` date DEFAULT NULL,
  PRIMARY KEY (`extra_day_activity_id`)
) ENGINE=MyISAM AUTO_INCREMENT=568 DEFAULT CHARSET=utf8;

--
-- Dumping data for table `frontweb_extra_day_activity`
--

INSERT INTO `frontweb_extra_day_activity` (`extra_day_activity_id`, `extra_master_activity_id`, `date`) VALUES
(1, 1, '2018-07-17'),
(2, 1, '2018-07-18'),
(3, 1, '2018-07-19'),
(4, 1, '2018-07-20'),
(5, 1, '2018-07-21'),
(6, 1, '2018-07-22'),
(7, 1, '2018-07-23'),
(8, 1, '2018-07-24'),
(9, 1, '2018-07-25'),
(10, 1, '2018-07-26'),
(11, 1, '2018-07-27'),
(12, 1, '2018-07-28'),
(13, 1, '2018-07-29'),
(14, 1, '2018-07-30'),
(15, 1, '2018-07-31'),
(567, 35, '2018-06-01'),
(566, 35, '2018-05-31'),
(565, 35, '2018-05-30'),
(564, 35, '2018-05-29'),
(31, 3, '2018-07-10'),
(32, 3, '2018-07-11'),
(33, 3, '2018-07-12'),
(34, 3, '2018-07-13'),
(35, 3, '2018-07-14'),
(36, 3, '2018-07-15'),
(37, 3, '2018-07-16'),
(38, 3, '2018-07-17'),
(39, 3, '2018-07-18'),
(40, 3, '2018-07-19'),
(41, 3, '2018-07-20'),
(42, 3, '2018-07-21'),
(43, 3, '2018-07-22'),
(44, 3, '2018-07-23'),
(45, 3, '2018-07-24'),
(563, 35, '2018-05-28'),
(60, 5, '2018-07-01'),
(61, 5, '2018-07-02'),
(62, 5, '2018-07-03'),
(63, 5, '2018-07-04'),
(64, 5, '2018-07-05'),
(65, 5, '2018-07-06'),
(66, 5, '2018-07-07'),
(67, 5, '2018-07-08'),
(68, 5, '2018-07-09'),
(69, 5, '2018-07-10'),
(70, 5, '2018-07-11'),
(71, 5, '2018-07-12'),
(72, 5, '2018-07-13'),
(73, 5, '2018-07-14'),
(74, 5, '2018-07-15'),
(75, 6, '2018-07-01'),
(76, 6, '2018-07-02'),
(77, 6, '2018-07-03'),
(78, 6, '2018-07-04'),
(79, 6, '2018-07-05'),
(80, 6, '2018-07-06'),
(81, 6, '2018-07-07'),
(82, 6, '2018-07-08'),
(83, 6, '2018-07-09'),
(84, 6, '2018-07-10'),
(85, 6, '2018-07-11'),
(86, 6, '2018-07-12'),
(87, 6, '2018-07-13'),
(88, 6, '2018-07-14'),
(89, 6, '2018-07-15'),
(90, 7, '2018-07-18'),
(91, 7, '2018-07-19'),
(92, 7, '2018-07-20'),
(93, 7, '2018-07-21'),
(94, 7, '2018-07-22'),
(95, 7, '2018-07-23'),
(96, 7, '2018-07-24'),
(97, 7, '2018-07-25'),
(98, 7, '2018-07-26'),
(99, 7, '2018-07-27'),
(100, 7, '2018-07-28'),
(101, 7, '2018-07-29'),
(102, 7, '2018-07-30'),
(103, 7, '2018-07-31'),
(174, 12, '2018-07-31'),
(173, 12, '2018-07-30'),
(172, 12, '2018-07-29'),
(171, 12, '2018-07-28'),
(170, 12, '2018-07-27'),
(169, 12, '2018-07-26'),
(168, 12, '2018-07-25'),
(167, 12, '2018-07-24'),
(166, 12, '2018-07-23'),
(165, 12, '2018-07-22'),
(164, 12, '2018-07-21'),
(163, 12, '2018-07-20'),
(162, 12, '2018-07-19'),
(161, 12, '2018-07-18'),
(118, 9, '2018-07-04'),
(119, 9, '2018-07-05'),
(120, 9, '2018-07-06'),
(121, 9, '2018-07-07'),
(122, 9, '2018-07-08'),
(123, 9, '2018-07-09'),
(124, 9, '2018-07-10'),
(125, 9, '2018-07-11'),
(126, 9, '2018-07-12'),
(127, 9, '2018-07-13'),
(128, 9, '2018-07-14'),
(129, 9, '2018-07-15'),
(130, 9, '2018-07-16'),
(131, 9, '2018-07-17'),
(132, 10, '2018-07-04'),
(133, 10, '2018-07-05'),
(134, 10, '2018-07-06'),
(135, 10, '2018-07-07'),
(136, 10, '2018-07-08'),
(137, 10, '2018-07-09'),
(138, 10, '2018-07-10'),
(139, 10, '2018-07-11'),
(140, 10, '2018-07-12'),
(141, 10, '2018-07-13'),
(142, 10, '2018-07-14'),
(143, 10, '2018-07-15'),
(144, 10, '2018-07-16'),
(145, 10, '2018-07-17'),
(146, 11, '2018-07-18'),
(147, 11, '2018-07-19'),
(148, 11, '2018-07-20'),
(149, 11, '2018-07-21'),
(150, 11, '2018-07-22'),
(151, 11, '2018-07-23'),
(152, 11, '2018-07-24'),
(153, 11, '2018-07-25'),
(154, 11, '2018-07-26'),
(155, 11, '2018-07-27'),
(156, 11, '2018-07-28'),
(157, 11, '2018-07-29'),
(158, 11, '2018-07-30'),
(159, 11, '2018-07-31'),
(160, 11, '2018-08-01'),
(202, 14, '2018-07-23'),
(201, 14, '2018-07-22'),
(200, 14, '2018-07-21'),
(199, 14, '2018-07-20'),
(198, 14, '2018-07-19'),
(197, 14, '2018-07-18'),
(196, 14, '2018-07-17'),
(195, 14, '2018-07-16'),
(194, 14, '2018-07-15'),
(193, 14, '2018-07-14'),
(192, 14, '2018-07-13'),
(191, 14, '2018-07-12'),
(190, 14, '2018-07-11'),
(189, 14, '2018-07-10'),
(519, 32, '2018-07-05'),
(518, 32, '2018-07-04'),
(517, 32, '2018-07-03'),
(516, 31, '2018-08-04'),
(515, 31, '2018-08-03'),
(514, 31, '2018-08-02'),
(513, 31, '2018-08-01'),
(512, 31, '2018-07-31'),
(511, 31, '2018-07-30'),
(510, 31, '2018-07-29'),
(509, 31, '2018-07-28'),
(508, 31, '2018-07-27'),
(507, 31, '2018-07-26'),
(506, 31, '2018-07-25'),
(505, 31, '2018-07-24'),
(218, 16, '2018-07-11'),
(219, 16, '2018-07-12'),
(220, 16, '2018-07-13'),
(221, 16, '2018-07-14'),
(222, 16, '2018-07-15'),
(223, 16, '2018-07-16'),
(224, 16, '2018-07-17'),
(225, 16, '2018-07-18'),
(226, 16, '2018-07-19'),
(227, 16, '2018-07-20'),
(228, 16, '2018-07-21'),
(229, 16, '2018-07-22'),
(230, 16, '2018-07-23'),
(231, 16, '2018-07-24'),
(366, 22, '2018-07-31'),
(365, 22, '2018-07-30'),
(364, 22, '2018-07-29'),
(363, 22, '2018-07-28'),
(362, 22, '2018-07-27'),
(361, 22, '2018-07-26'),
(360, 22, '2018-07-25'),
(359, 22, '2018-07-24'),
(358, 22, '2018-07-23'),
(357, 22, '2018-07-22'),
(356, 22, '2018-07-21'),
(355, 22, '2018-07-20'),
(354, 22, '2018-07-19'),
(353, 22, '2018-07-18'),
(352, 22, '2018-07-17'),
(351, 22, '2018-07-16'),
(350, 22, '2018-07-15'),
(349, 22, '2018-07-14'),
(348, 22, '2018-07-13'),
(347, 22, '2018-07-12'),
(346, 22, '2018-07-11'),
(393, 23, '2018-08-05'),
(392, 23, '2018-08-04'),
(391, 23, '2018-08-03'),
(390, 23, '2018-08-02'),
(389, 23, '2018-08-01'),
(388, 23, '2018-07-31'),
(387, 23, '2018-07-30'),
(386, 23, '2018-07-29'),
(385, 23, '2018-07-28'),
(384, 23, '2018-07-27'),
(383, 23, '2018-07-26'),
(382, 23, '2018-07-25'),
(381, 23, '2018-07-24'),
(380, 23, '2018-07-23'),
(379, 23, '2018-07-22'),
(378, 23, '2018-07-21'),
(377, 23, '2018-07-20'),
(376, 23, '2018-07-19'),
(375, 23, '2018-07-18'),
(374, 23, '2018-07-17'),
(373, 23, '2018-07-16'),
(372, 23, '2018-07-15'),
(371, 23, '2018-07-14'),
(370, 23, '2018-07-13'),
(369, 23, '2018-07-12'),
(368, 23, '2018-07-11'),
(367, 23, '2018-07-10'),
(345, 22, '2018-07-10'),
(394, 23, '2018-08-06'),
(395, 24, '2018-07-24'),
(396, 24, '2018-07-25'),
(397, 24, '2018-07-26'),
(398, 24, '2018-07-27'),
(399, 24, '2018-07-28'),
(400, 24, '2018-07-29'),
(401, 24, '2018-07-30'),
(402, 24, '2018-07-31'),
(403, 24, '2018-08-01'),
(404, 24, '2018-08-02'),
(405, 24, '2018-08-03'),
(406, 24, '2018-08-04'),
(407, 24, '2018-08-05'),
(408, 24, '2018-08-06'),
(409, 24, '2018-08-07'),
(410, 25, '2018-07-18'),
(411, 25, '2018-07-19'),
(412, 25, '2018-07-20'),
(413, 25, '2018-07-21'),
(414, 25, '2018-07-22'),
(415, 25, '2018-07-23'),
(416, 25, '2018-07-24'),
(417, 25, '2018-07-25'),
(418, 25, '2018-07-26'),
(419, 25, '2018-07-27'),
(420, 25, '2018-07-28'),
(421, 25, '2018-07-29'),
(422, 25, '2018-07-30'),
(423, 25, '2018-07-31'),
(424, 25, '2018-08-01'),
(425, 26, '2018-07-17'),
(426, 26, '2018-07-18'),
(427, 26, '2018-07-19'),
(428, 26, '2018-07-20'),
(429, 26, '2018-07-21'),
(430, 26, '2018-07-22'),
(431, 26, '2018-07-23'),
(432, 26, '2018-07-24'),
(433, 26, '2018-07-25'),
(434, 26, '2018-07-26'),
(435, 26, '2018-07-27'),
(436, 26, '2018-07-28'),
(437, 26, '2018-07-29'),
(438, 26, '2018-07-30'),
(439, 27, '2018-07-13'),
(440, 27, '2018-07-14'),
(441, 27, '2018-07-15'),
(442, 27, '2018-07-16'),
(443, 27, '2018-07-17'),
(444, 27, '2018-07-18'),
(445, 27, '2018-07-19'),
(446, 27, '2018-07-20'),
(447, 27, '2018-07-21'),
(448, 27, '2018-07-22'),
(449, 27, '2018-07-23'),
(450, 27, '2018-07-24'),
(451, 27, '2018-07-25'),
(452, 27, '2018-07-26'),
(453, 27, '2018-07-27'),
(476, 29, '2018-07-03'),
(477, 29, '2018-07-04'),
(478, 29, '2018-07-05'),
(479, 29, '2018-07-06'),
(480, 29, '2018-07-07'),
(481, 29, '2018-07-08'),
(482, 29, '2018-07-09'),
(483, 29, '2018-07-10'),
(484, 29, '2018-07-11'),
(485, 29, '2018-07-12'),
(486, 29, '2018-07-13'),
(487, 29, '2018-07-14'),
(488, 29, '2018-07-15'),
(489, 29, '2018-07-16'),
(490, 30, '2018-07-10'),
(491, 30, '2018-07-11'),
(492, 30, '2018-07-12'),
(493, 30, '2018-07-13'),
(494, 30, '2018-07-14'),
(495, 30, '2018-07-15'),
(496, 30, '2018-07-16'),
(497, 30, '2018-07-17'),
(498, 30, '2018-07-18'),
(499, 30, '2018-07-19'),
(500, 30, '2018-07-20'),
(501, 30, '2018-07-21'),
(502, 30, '2018-07-22'),
(503, 30, '2018-07-23'),
(504, 30, '2018-07-24'),
(520, 32, '2018-07-06'),
(521, 32, '2018-07-07'),
(522, 32, '2018-07-08'),
(523, 32, '2018-07-09'),
(524, 32, '2018-07-10'),
(525, 32, '2018-07-11'),
(526, 32, '2018-07-12'),
(527, 32, '2018-07-13'),
(528, 32, '2018-07-14'),
(529, 32, '2018-07-15'),
(530, 32, '2018-07-16'),
(531, 32, '2018-07-17'),
(532, 33, '2018-07-03'),
(533, 33, '2018-07-04'),
(534, 33, '2018-07-05'),
(535, 33, '2018-07-06'),
(536, 33, '2018-07-07'),
(537, 33, '2018-07-08'),
(538, 33, '2018-07-09'),
(539, 33, '2018-07-10'),
(540, 33, '2018-07-11'),
(541, 33, '2018-07-12'),
(542, 33, '2018-07-13'),
(543, 33, '2018-07-14'),
(544, 33, '2018-07-15'),
(545, 33, '2018-07-16'),
(546, 33, '2018-07-17');

-- --------------------------------------------------------

--
-- Table structure for table `frontweb_extra_day_activity_details`
--

DROP TABLE IF EXISTS `frontweb_extra_day_activity_details`;
CREATE TABLE IF NOT EXISTS `frontweb_extra_day_activity_details` (
  `extra_day_activity_details_id` int(11) NOT NULL AUTO_INCREMENT COMMENT 'primary key',
  `program_name` varchar(255) DEFAULT NULL,
  `location` varchar(255) DEFAULT NULL,
  `activity` varchar(255) DEFAULT NULL,
  `from_time` time DEFAULT NULL,
  `to_time` time DEFAULT NULL,
  `extra_day_activity_id` int(11) NOT NULL COMMENT 'foreign key',
  `extra_flag` tinyint(1) NOT NULL DEFAULT '1' COMMENT '1 : Not extra activity & 2 : Extra activity',
  PRIMARY KEY (`extra_day_activity_details_id`)
) ENGINE=MyISAM AUTO_INCREMENT=2695 DEFAULT CHARSET=utf8;

--
-- Dumping data for table `frontweb_extra_day_activity_details`
--

INSERT INTO `frontweb_extra_day_activity_details` (`extra_day_activity_details_id`, `program_name`, `location`, `activity`, `from_time`, `to_time`, `extra_day_activity_id`, `extra_flag`) VALUES
(1, 'Arrival', 'Campus', 'Arrival on campus', '09:00:00', '10:45:00', 1, 1),
(2, 'Arrival', 'Campus', 'Arrival on campus', '11:15:00', '13:55:00', 1, 1),
(3, 'Departure', 'Campus', 'Departure', '11:15:00', '13:55:00', 15, 1),
(4, 'Departure', 'Campus', 'Departure', '09:00:00', '10:45:00', 15, 1),
(5, 'Excursion', 'Canbridge', 'Full day in Canbridge', '09:00:00', '10:45:00', 4, 1),
(6, 'Excursion', 'Canbridge', 'Full day in Canbridge', '11:15:00', '13:55:00', 8, 1),
(9, 'Arrival on Campus', 'Check in', 'Arrival on Campus', '08:00:00', '09:00:00', 31, 1),
(10, 'rt', 'rt', 'ret', '08:00:00', '09:00:00', 32, 1),
(11, 'ert', 'ret', 'ret', '08:00:00', '09:00:00', 33, 1),
(30, 'Group Arrival', 'Main Campus', 'Group Arrival', '11:00:00', '11:15:00', 90, 1),
(20, 'Lesson', 'Class', 'Lesson', '14:30:00', '17:30:00', 63, 1),
(21, 'Lesson', 'Class', 'Lesson', '14:30:00', '17:30:00', 64, 1),
(22, 'Lesson', 'Class', 'Lesson', '14:30:00', '17:30:00', 65, 1),
(23, 'Lesson', 'Class', 'Lesson', '14:30:00', '17:30:00', 68, 1),
(24, 'Lesson', 'Class', 'Lesson', '14:30:00', '17:30:00', 69, 1),
(25, 'Lesson', 'Class', 'Lesson', '14:30:00', '17:30:00', 70, 1),
(26, 'Lesson', 'Class', 'Lesson', '14:30:00', '17:30:00', 71, 1),
(27, 'Lesson', 'Class', 'Lesson', '14:30:00', '17:30:00', 72, 1),
(28, 'Group Arrival', 'Main Campus', 'Group Arrival', '18:00:00', '11:15:00', 75, 1),
(29, 'Check in', 'Reception', 'Check in', '12:00:00', '12:30:00', 75, 1),
(31, 'Check in', 'Reception', 'Check in', '12:00:00', '12:30:00', 90, 1),
(114, 'Breakfast', 'Refectory', 'Breakfast', '08:30:00', '09:00:00', 162, 1),
(113, 'Lesson', 'Class', 'Lesson', '14:30:00', '17:30:00', 162, 1),
(112, 'Check in', 'Reception', 'Check in', '10:00:00', '11:00:00', 161, 1),
(111, 'Check out', 'Reception', 'Check out', '10:00:00', '10:10:00', 161, 1),
(39, 'Lesson', 'Class', 'Lesson', '14:30:00', '17:30:00', 119, 1),
(40, 'Lesson', 'Class', 'Lesson', '14:30:00', '17:30:00', 120, 1),
(41, 'Lesson', 'Class', 'Lesson', '14:30:00', '17:30:00', 123, 1),
(42, 'Lesson', 'Class', 'Lesson', '14:30:00', '17:30:00', 124, 1),
(43, 'Lesson', 'Class', 'Lesson', '14:30:00', '17:30:00', 125, 1),
(44, 'Lesson', 'Class', 'Lesson', '14:30:00', '17:30:00', 126, 1),
(45, 'Lesson', 'Class', 'Lesson', '14:30:00', '17:30:00', 127, 1),
(46, 'Lesson', 'Class', 'Lesson', '14:30:00', '17:30:00', 130, 1),
(47, 'Group Arrival', 'Main Campus', 'Group Arrival', '11:00:00', '11:15:00', 132, 1),
(48, 'Check in', 'Reception', 'Check in', '12:00:00', '12:30:00', 132, 1),
(49, 'Staff presentation ', 'Main Hall', 'Staff presentation', '20:00:00', '20:30:00', 146, 1),
(50, 'Welcome Party', 'Hall', 'Welcome Party', '20:30:00', '22:30:00', 146, 1),
(51, 'Group Arrival ', 'Campus', 'Group Arrival', '11:00:00', '11:10:00', 146, 1),
(52, 'Campus Tour', 'Campus', 'Campus Tour', '17:00:00', '17:30:00', 146, 1),
(53, 'Check in', 'Reception ', 'Check in', '06:00:00', '06:30:00', 146, 1),
(55, 'Lesson', 'Classroom', 'Lesson', '09:00:00', '12:30:00', 147, 1),
(56, 'Lunch', 'Refectory', 'Lunch', '12:30:00', '13:30:00', 147, 1),
(57, 'Relax & Shower time', 'Rooms', 'Relax & Shower time', '17:30:00', '18:30:00', 147, 1),
(58, 'Dinner', 'Refectory', 'Dinner', '18:30:00', '19:30:00', 147, 1),
(59, 'Swimming ', 'TB', 'Swimming ', '14:30:00', '17:00:00', 147, 1),
(60, 'Lesson', 'Classroom', 'Lesson', '09:00:00', '12:30:00', 148, 1),
(61, 'Lunch', 'Refectory', 'Lunch', '12:30:00', '13:30:00', 148, 1),
(62, 'Relax & Shower time', 'Rooms', 'Relax & Shower time', '17:30:00', '18:30:00', 148, 1),
(63, 'Dinner', 'Refectory', 'Dinner', '18:30:00', '19:30:00', 148, 1),
(64, 'Tour of Edinburgh', 'Main Hall Meeting point', 'Tour of Edinburgh', '09:00:00', '17:00:00', 148, 1),
(65, 'Full Day Excursion', 'Coach meeting point', 'Full Day Excursion to London', '08:30:00', '18:30:00', 149, 1),
(66, 'Full Day Excursion', 'Coach meeting point', 'Full Day Excursion to London', '08:30:00', '18:30:00', 150, 1),
(67, 'Lunch', 'Refectory', 'Lunch', '12:30:00', '13:30:00', 151, 1),
(68, 'Relax & Shower time', 'Rooms', 'Relax & Shower time', '17:30:00', '18:30:00', 151, 1),
(69, 'Dinner', 'Refectory', 'Dinner', '18:30:00', '19:30:00', 151, 1),
(70, 'Tour of Edinburgh', 'Main Hall Meeting point', 'Tour of Edinburgh', '09:00:00', '17:00:00', 151, 1),
(71, 'Lesson', 'Classroom', 'Lesson', '09:00:00', '12:30:00', 151, 1),
(110, 'Tour of Edinburgh', 'Main Hall Meeting point', 'Tour of Edinburgh', '09:00:00', '17:00:00', 152, 1),
(73, 'Lunch', 'Refectory', 'Lunch', '12:30:00', '13:30:00', 152, 1),
(74, 'Relax & Shower time', 'Rooms', 'Relax & Shower time', '17:30:00', '18:30:00', 152, 1),
(75, 'Dinner', 'Refectory', 'Dinner', '18:30:00', '19:30:00', 152, 1),
(109, 'Lesson', 'Classroom', 'Lesson', '09:00:00', '12:30:00', 152, 1),
(77, 'Swimming ', 'TB', 'Swimming ', '14:30:00', '17:00:00', 152, 1),
(78, 'Lesson', 'Classroom', 'Lesson', '09:00:00', '12:30:00', 153, 1),
(79, 'Lunch', 'Refectory', 'Lunch', '12:30:00', '13:30:00', 153, 1),
(80, 'Relax & Shower time', 'Rooms', 'Relax & Shower time', '17:30:00', '18:30:00', 153, 1),
(81, 'Dinner', 'Refectory', 'Dinner', '18:30:00', '19:30:00', 153, 1),
(82, 'Tour of Edinburgh', 'Main Hall Meeting point', 'Tour of Edinburgh', '09:00:00', '17:00:00', 153, 1),
(83, 'Lunch', 'Refectory', 'Lunch', '12:30:00', '13:30:00', 154, 1),
(84, 'Relax & Shower time', 'Rooms', 'Relax & Shower time', '17:30:00', '18:30:00', 154, 1),
(85, 'Dinner', 'Refectory', 'Dinner', '18:30:00', '19:30:00', 154, 1),
(86, 'Tour of Edinburgh', 'Main Hall Meeting point', 'Tour of Edinburgh', '09:00:00', '17:00:00', 154, 1),
(87, 'Lesson', 'Classroom', 'Lesson', '09:00:00', '12:30:00', 154, 1),
(88, 'Lunch', 'Refectory', 'Lunch', '12:30:00', '13:30:00', 155, 1),
(89, 'Lesson', 'Classroom', 'Lesson', '09:00:00', '12:30:00', 155, 1),
(90, 'Relax & Shower time', 'Rooms', 'Relax & Shower time', '17:30:00', '18:30:00', 155, 1),
(91, 'Dinner', 'Refectory', 'Dinner', '18:30:00', '19:30:00', 155, 1),
(92, 'Tour of Edinburgh', 'Main Hall Meeting point', 'Tour of Edinburgh', '09:00:00', '17:00:00', 155, 1),
(93, 'Swimming ', 'TB', 'Swimming ', '14:30:00', '17:00:00', 155, 1),
(94, 'Full Day Excursion', 'Coach meeting point', 'Full Day Excursion to London', '08:30:00', '18:30:00', 156, 1),
(95, 'Full Day Excursion', 'Coach meeting point', 'Full Day Excursion to London', '08:30:00', '18:30:00', 157, 1),
(96, 'Lesson', 'Classroom', 'Lesson', '09:00:00', '12:30:00', 158, 1),
(97, 'Lunch', 'Refectory', 'Lunch', '12:30:00', '13:30:00', 158, 1),
(98, 'Relax & Shower time', 'Rooms', 'Relax & Shower time', '17:30:00', '18:30:00', 158, 1),
(99, 'Dinner', 'Refectory', 'Dinner', '18:30:00', '19:30:00', 158, 1),
(100, 'Tour of Edinburgh', 'Main Hall Meeting point', 'Tour of Edinburgh', '09:00:00', '17:00:00', 158, 1),
(101, 'Swimming ', 'TB', 'Swimming ', '14:30:00', '17:00:00', 158, 1),
(102, 'Tour of Edinburgh', 'Main Hall Meeting point', 'Tour of Edinburgh', '09:00:00', '17:00:00', 159, 1),
(103, 'Lesson', 'Classroom', 'Lesson', '09:00:00', '12:30:00', 159, 1),
(104, 'Lunch', 'Refectory', 'Lunch', '12:30:00', '13:30:00', 159, 1),
(105, 'Relax & Shower time', 'Rooms', 'Relax & Shower time', '17:30:00', '18:30:00', 159, 1),
(106, 'Dinner', 'Refectory', 'Dinner', '18:30:00', '19:30:00', 159, 1),
(107, 'Check out', 'Rooms', 'Check out', '10:10:00', '10:10:00', 160, 1),
(108, 'Departure to Airport', 'Coach meeting point', 'Departure to Airport', '12:00:00', '12:15:00', 160, 1),
(115, 'Lunch', 'Refectory', 'Lunch', '12:30:00', '13:30:00', 162, 1),
(116, 'Dinner', 'Refectory', 'Dinner', '18:30:00', '19:30:00', 162, 1),
(117, 'Lesson', 'Class', 'Lesson', '14:30:00', '17:30:00', 163, 1),
(118, 'Breakfast', 'Refectory', 'Breakfast', '08:30:00', '09:00:00', 163, 1),
(119, 'Lunch', 'Refectory', 'Lunch', '12:30:00', '13:30:00', 163, 1),
(120, 'Dinner', 'Refectory', 'Dinner', '18:30:00', '19:30:00', 163, 1),
(121, 'Full Day Excursion', 'f', 'Football Academy', '14:30:00', '17:30:00', 164, 1),
(122, 'Breakfast', 'Refectory', 'Breakfast', '08:30:00', '09:00:00', 164, 1),
(123, 'Packed Lunch', 'Collection at PLUS Office', 'Packed Lunch', '12:30:00', '13:30:00', 164, 1),
(124, 'Dinner', 'Refectory', 'Dinner', '18:30:00', '19:30:00', 164, 1),
(125, 'Full Day Excursion', 'f', 'Football Academy', '14:30:00', '17:30:00', 165, 1),
(126, 'Breakfast', 'Refectory', 'Breakfast', '08:30:00', '09:00:00', 165, 1),
(127, 'Packed Lunch', 'Collection at PLUS Office', 'Packed Lunch', '12:30:00', '13:30:00', 165, 1),
(128, 'Dinner', 'Refectory', 'Dinner', '18:30:00', '19:30:00', 165, 1),
(129, 'Check out', 'Reception', 'Check out', '10:00:00', '10:10:00', 165, 1),
(130, 'Lesson', 'Class', 'Lesson', '14:30:00', '17:30:00', 166, 1),
(131, 'Breakfast', 'Refectory', 'Breakfast', '08:30:00', '09:00:00', 166, 1),
(132, 'Lunch', 'Refectory', 'Lunch', '12:30:00', '13:30:00', 166, 1),
(133, 'Dinner', 'Refectory', 'Dinner', '18:30:00', '19:30:00', 166, 1),
(134, 'Lesson', 'Class', 'Lesson', '14:30:00', '17:30:00', 167, 1),
(135, 'Breakfast', 'Refectory', 'Breakfast', '08:30:00', '09:00:00', 167, 1),
(136, 'Lunch', 'Refectory', 'Lunch', '12:30:00', '13:30:00', 167, 1),
(137, 'Dinner', 'Refectory', 'Dinner', '18:30:00', '19:30:00', 167, 1),
(138, 'Lesson', 'Class', 'Lesson', '14:30:00', '17:30:00', 168, 1),
(139, 'Breakfast', 'Refectory', 'Breakfast', '08:30:00', '09:00:00', 168, 1),
(140, 'Lunch', 'Refectory', 'Lunch', '12:30:00', '13:30:00', 168, 1),
(141, 'Dinner', 'Refectory', 'Dinner', '18:30:00', '19:30:00', 168, 1),
(142, 'Lesson', 'Class', 'Lesson', '14:30:00', '17:30:00', 169, 1),
(143, 'Breakfast', 'Refectory', 'Breakfast', '08:30:00', '09:00:00', 169, 1),
(144, 'Lunch', 'Refectory', 'Lunch', '12:30:00', '13:30:00', 169, 1),
(145, 'Dinner', 'Refectory', 'Dinner', '18:30:00', '19:30:00', 169, 1),
(146, 'Breakfast', 'Refectory', 'Breakfast', '08:30:00', '09:00:00', 170, 1),
(147, 'Lunch', 'Refectory', 'Lunch', '12:30:00', '13:30:00', 170, 1),
(148, 'Dinner', 'Refectory', 'Dinner', '18:30:00', '19:30:00', 170, 1),
(149, 'Breakfast', 'Refectory', 'Breakfast', '08:30:00', '09:00:00', 171, 1),
(150, 'Packed Lunch', 'Collection at PLUS Office', 'Packed Lunch', '12:30:00', '13:30:00', 171, 1),
(151, 'Dinner', 'Refectory', 'Dinner', '18:30:00', '19:30:00', 171, 1),
(152, 'Breakfast', 'Refectory', 'Breakfast', '08:30:00', '09:00:00', 172, 1),
(153, 'Packed Lunch', 'Collection at PLUS Office', 'Packed Lunch', '12:30:00', '13:30:00', 172, 1),
(154, 'Dinner', 'Refectory', 'Dinner', '18:30:00', '19:30:00', 172, 1),
(155, 'Dinner', 'Refectory', 'Dinner', '18:30:00', '19:30:00', 173, 1),
(156, 'Lesson', 'Class', 'Lesson', '14:30:00', '17:30:00', 173, 1),
(157, 'Breakfast', 'Refectory', 'Breakfast', '08:30:00', '09:00:00', 173, 1),
(158, 'Lunch', 'Refectory', 'Lunch', '12:30:00', '13:30:00', 173, 1),
(159, 'Check out', 'Reception', 'Check out', '10:00:00', '10:10:00', 174, 1),
(160, 'Breakfast', 'Refectory', 'Breakfast', '08:30:00', '09:00:00', 174, 1),
(327, 'Football Academy', 'Astroturf', 'Football Academy', '14:30:00', '17:00:00', 197, 1),
(326, 'Relaxing and Shower/Free time', 'Rooms', 'Relaxing and Shower/Free time', '17:30:00', '18:30:00', 197, 1),
(325, 'Dinner', 'Refectory', 'Dinner', '18:30:00', '19:15:00', 197, 1),
(324, 'Lunch', 'Refectory', 'Lunch', '13:00:00', '13:45:00', 197, 1),
(322, 'Lesson', 'Class', 'Lesson', '09:00:00', '09:30:00', 197, 1),
(323, 'Breakfast', 'Refectory', 'Breakfast', '08:00:00', '09:00:00', 197, 1),
(321, 'Rugby Academy', 'Grass field', 'Rugby Academy', '14:30:00', '17:00:00', 197, 1),
(320, 'Dance Academy', 'Dancing Studio', 'Dance Academy', '14:30:00', '17:00:00', 197, 1),
(319, 'Swimming ', 'Swimming pool', 'Swimming ', '14:30:00', '17:00:00', 196, 1),
(318, 'Sport ', 'Astroturf', 'Sport', '14:30:00', '17:00:00', 196, 1),
(317, 'Disco', 'Main Hall', 'Disco', '20:30:00', '22:30:00', 196, 1),
(316, 'Students'' Questionnaire', 'Class', 'Students'' Questionnaire', '12:30:00', '13:00:00', 196, 1),
(315, 'Relaxing and Shower/Free time', 'Rooms', 'Relaxing and Shower/Free time', '17:30:00', '18:30:00', 196, 1),
(314, 'Dinner', 'Refectory', 'Dinner', '18:30:00', '19:15:00', 196, 1),
(313, 'Lunch', 'Refectory', 'Lunch', '13:00:00', '13:45:00', 196, 1),
(312, 'Breakfast', 'Refectory', 'Breakfast', '08:00:00', '09:00:00', 196, 1),
(311, 'Lesson', 'Class', 'Lesson', '09:00:00', '09:30:00', 196, 1),
(310, 'Relaxing and Shower/Free time', 'Rooms', 'Relaxing and Shower/Free time', '17:30:00', '18:30:00', 195, 1),
(309, 'Dinner', 'Refectory', 'Dinner', '18:30:00', '19:15:00', 195, 1),
(308, 'Lunch', 'Refectory', 'Lunch', '13:00:00', '13:45:00', 195, 1),
(307, 'Breakfast', 'Refectory', 'Breakfast', '08:00:00', '09:00:00', 195, 1),
(306, 'Lesson', 'Class', 'Lesson', '09:00:00', '09:30:00', 195, 1),
(305, 'Rugby Academy', 'Grass field', 'Rugby Academy', '14:30:00', '17:00:00', 195, 1),
(304, 'Dance Academy', 'Dancing Studio', 'Dance Academy', '14:30:00', '17:00:00', 195, 1),
(303, 'Football Academy', 'Astroturf', 'Football Academy', '14:30:00', '17:00:00', 195, 1),
(302, 'Swimming ', 'Swimming pool', 'Swimming ', '20:30:00', '22:30:00', 194, 1),
(301, 'Relaxing and Shower/Free time', 'Rooms', 'Relaxing and Shower/Free time', '17:30:00', '18:30:00', 194, 1),
(300, 'Full Day Excursion', 'Coach meeting point', 'Full Day Excursion Oxford', '08:30:00', '18:30:00', 194, 1),
(299, 'Breakfast', 'Refectory', 'Breakfast', '08:00:00', '09:00:00', 194, 1),
(298, 'Packed Lunch', 'Collection at Refectory', 'Packed Lunch', '13:00:00', '13:45:00', 194, 1),
(297, 'Swimming ', 'Swimming pool', 'Swimming ', '20:30:00', '22:30:00', 193, 1),
(296, 'Relaxing and Shower/Free time', 'Rooms', 'Relaxing and Shower/Free time', '17:30:00', '18:30:00', 193, 1),
(295, 'Full Day Excursion', 'Coach meeting point', 'Full Day Excursion London', '08:30:00', '18:30:00', 193, 1),
(294, 'Breakfast', 'Refectory', 'Breakfast', '08:00:00', '09:00:00', 193, 1),
(293, 'Packed Lunch', 'Collection at Refectory', 'Packed Lunch', '13:00:00', '13:45:00', 193, 1),
(292, 'Dinner', 'Refectory', 'Dinner', '18:30:00', '19:15:00', 192, 1),
(291, 'Lunch', 'Refectory', 'Lunch', '13:00:00', '13:45:00', 192, 1),
(290, 'Lesson', 'Class', 'Lesson', '09:00:00', '09:30:00', 192, 1),
(289, 'Rugby Academy', 'Grass field', 'Rugby Academy', '14:30:00', '17:00:00', 192, 1),
(288, 'Dance Academy', 'Dancing Studio', 'Dance Academy', '14:30:00', '17:00:00', 192, 1),
(287, 'Football Academy', 'Astroturf', 'Football Academy', '14:30:00', '17:00:00', 192, 1),
(286, 'Excursion Presentation ', 'Main Hall', 'Excursion Presentation', '14:00:00', '14:45:00', 192, 1),
(285, 'Relaxing and Shower/Free time', 'Rooms', 'Relaxing and Shower/Free time', '17:30:00', '18:30:00', 192, 1),
(284, 'Disco', 'Main Hall', 'Disco', '20:30:00', '22:30:00', 192, 1),
(283, 'Breakfast', 'Refectory', 'Breakfast', '08:00:00', '09:00:00', 192, 1),
(282, 'Swimming ', 'Swimming pool', 'Swimming ', '14:30:00', '17:00:00', 191, 1),
(281, 'Sport Organized by PLUS Staff', 'Sport Hall', 'Sport', '14:30:00', '17:00:00', 191, 1),
(280, 'Relaxing and Shower/Free time', 'Rooms', 'Relaxing and Shower/Free time', '17:30:00', '18:30:00', 191, 1),
(279, 'Breakfast', 'Refectory', 'Breakfast', '08:00:00', '09:00:00', 191, 1),
(278, 'Dinner', 'Refectory', 'Dinner', '18:30:00', '19:15:00', 191, 1),
(277, 'Lunch', 'Refectory', 'Lunch', '13:00:00', '13:45:00', 191, 1),
(276, 'Lesson', 'Class', 'Lesson', '09:00:00', '09:30:00', 191, 1),
(275, 'Lunch', 'Refectory', 'Lunch', '13:00:00', '13:45:00', 190, 1),
(274, 'Dinner', 'Refectory', 'Dinner', '18:30:00', '19:15:00', 190, 1),
(273, 'Disco', 'Main Hall', 'Disco', '20:30:00', '22:30:00', 190, 1),
(272, 'Rugby Academy', 'Grass field', 'Rugby Academy', '14:30:00', '17:00:00', 190, 1),
(271, 'Dance Academy', 'Dancing Studio', 'Dance Academy', '14:30:00', '17:00:00', 190, 1),
(270, 'Football Academy', 'Astroturf', 'Football Academy', '14:30:00', '17:00:00', 190, 1),
(269, 'Relaxing and Shower/Free time', 'Rooms', 'Relaxing and Shower/Free time', '17:30:00', '18:30:00', 190, 1),
(268, 'Lesson', 'Class', 'Lesson', '09:00:00', '09:30:00', 190, 1),
(267, 'Breakfast', 'Refectory', 'Breakfast', '08:00:00', '09:00:00', 190, 1),
(266, 'Relaxing and Shower/Free time', 'Rooms', 'Relaxing and Shower/Free time', '17:30:00', '18:30:00', 189, 1),
(265, 'Welcome Party', 'Main Hall', 'Welcome Party', '20:30:00', '20:30:00', 189, 1),
(264, 'Staff Presentation', 'Main Hall', 'Staff Presentation', '20:00:00', '20:30:00', 189, 1),
(263, 'Campus Tour', 'Meeting at reception', 'Campus Tour', '17:00:00', '17:30:00', 189, 1),
(262, 'Group Departure', 'Coach meeting point', 'Group departure', '12:30:00', '13:00:00', 189, 1),
(261, 'Check out', 'Reception', 'Check out', '10:00:00', '10:10:00', 189, 1),
(260, 'Group Arrival', 'Main Campus', 'Group Arrival', '14:00:00', '14:05:00', 189, 1),
(259, 'Check in', 'Reception', 'Check in', '14:00:00', '14:14:00', 189, 1),
(328, 'Lesson', 'Class', 'Lesson', '09:00:00', '09:30:00', 198, 1),
(329, 'Breakfast', 'Refectory', 'Breakfast', '08:00:00', '09:00:00', 198, 1),
(330, 'Lunch', 'Refectory', 'Lunch', '13:00:00', '13:45:00', 198, 1),
(331, 'Dinner', 'Refectory', 'Dinner', '18:30:00', '19:15:00', 198, 1),
(332, 'Relaxing and Shower/Free time', 'Rooms', 'Relaxing and Shower/Free time', '17:30:00', '18:30:00', 198, 1),
(333, 'Disco', 'Main Hall', 'Disco', '20:30:00', '22:30:00', 198, 1),
(334, 'Swimming ', 'Swimming pool', 'Swimming ', '14:30:00', '17:00:00', 198, 1),
(335, 'Sport ', 'Astroturf', 'Sport', '14:30:00', '17:00:00', 198, 1),
(336, 'Dance Academy', 'Dancing Studio', 'Dance Academy', '14:30:00', '17:00:00', 199, 1),
(337, 'Rugby Academy', 'Grass field', 'Rugby Academy', '14:30:00', '17:00:00', 199, 1),
(338, 'Lesson', 'Class', 'Lesson', '09:00:00', '09:30:00', 199, 1),
(339, 'Breakfast', 'Refectory', 'Breakfast', '08:00:00', '09:00:00', 199, 1),
(340, 'Lunch', 'Refectory', 'Lunch', '13:00:00', '13:45:00', 199, 1),
(341, 'Dinner', 'Refectory', 'Dinner', '18:30:00', '19:15:00', 199, 1),
(342, 'Relaxing and Shower/Free time', 'Rooms', 'Relaxing and Shower/Free time', '17:30:00', '18:30:00', 199, 1),
(343, 'Excursion Presentation ', 'Main Hall', 'Excursion Presentation', '14:00:00', '14:45:00', 199, 1),
(344, 'Football Academy', 'Astroturf', 'Football Academy', '14:30:00', '17:00:00', 199, 1),
(345, 'Packed Lunch', 'Collection at Refectory', 'Packed Lunch', '13:00:00', '13:45:00', 200, 1),
(346, 'Breakfast', 'Refectory', 'Breakfast', '08:00:00', '09:00:00', 200, 1),
(347, 'Dinner', 'Refectory', 'Dinner', '18:30:00', '19:15:00', 200, 1),
(348, 'Full Day Excursion', 'Coach meeting point', 'Full Day Excursion Portsmouth', '08:30:00', '18:30:00', 200, 1),
(349, 'Relaxing and Shower/Free time', 'Rooms', 'Relaxing and Shower/Free time', '17:30:00', '18:30:00', 200, 1),
(350, 'Swimming ', 'Swimming pool', 'Swimming ', '20:30:00', '22:30:00', 200, 1),
(351, 'Swimming ', 'Swimming pool', 'Swimming ', '20:30:00', '22:30:00', 201, 1),
(352, 'Full Day Excursion', 'Coach meeting point', 'Full Day Excursion London', '08:30:00', '18:30:00', 201, 1),
(353, 'Relaxing and Shower/Free time', 'Rooms', 'Relaxing and Shower/Free time', '17:30:00', '18:30:00', 201, 1),
(354, 'Packed Lunch', 'Collection at Refectory', 'Packed Lunch', '13:00:00', '13:45:00', 201, 1),
(355, 'Breakfast', 'Refectory', 'Breakfast', '08:00:00', '09:00:00', 201, 1),
(356, 'Dinner', 'Refectory', 'Dinner', '18:30:00', '19:15:00', 201, 1),
(357, 'Breakfast', 'Refectory', 'Breakfast', '08:00:00', '09:00:00', 202, 1),
(358, 'Lunch', 'Refectory', 'Lunch', '13:00:00', '13:45:00', 202, 1),
(2296, 'Karaoke', 'Main School/ Mairlot Hall', 'Karaoke', '20:30:00', '22:30:00', 513, 1),
(2295, 'Disco', 'Main School/ Mairlot Hall', 'Fancy Dress Disco', '20:30:00', '22:30:00', 512, 1),
(2294, 'Lesson', 'Class', 'Lesson', '14:30:00', '16:30:00', 512, 1),
(2293, 'Students'' Questionnaire', 'Class', 'Students'' Questionnaire', '12:30:00', '13:00:00', 512, 1),
(2292, 'Relaxing and Shower/Free time', 'Rooms', 'Relaxing and Shower/Free time', '16:30:00', '18:30:00', 512, 1),
(2291, 'Lesson', 'Class', 'Lesson', '09:00:00', '12:45:00', 512, 1),
(2290, 'Dinner', 'Refectory', 'Dinner', '18:30:00', '19:15:00', 512, 1),
(2289, 'Lunch', 'Refectory', 'Lunch', '13:00:00', '13:45:00', 512, 1),
(2288, 'Breakfast', 'Dining room', 'Breakfast', '08:00:00', '08:45:00', 512, 1),
(2287, 'Rugby Academy', 'Grass field', 'Rugby Academy', '14:30:00', '16:30:00', 511, 1),
(2286, 'Football Academy', 'Astroturf', 'Football Academy', '14:30:00', '16:30:00', 511, 1),
(2285, 'Relaxing and Shower/Free time', 'Rooms', 'Relaxing and Shower/Free time', '16:30:00', '18:30:00', 511, 1),
(2284, 'Lesson', 'Class', 'Lesson', '09:00:00', '12:45:00', 511, 1),
(2283, 'Dinner', 'Refectory', 'Dinner', '18:30:00', '19:15:00', 511, 1),
(2282, 'Lunch', 'Refectory', 'Lunch', '13:00:00', '13:45:00', 511, 1),
(2281, 'Breakfast', 'Dining room', 'Breakfast', '08:00:00', '08:45:00', 511, 1),
(2280, 'Picture Hunt', 'Sport Hall', 'Picture Hunt', '20:30:00', '22:30:00', 511, 1),
(2279, 'Swimming ', 'Swimming pool', 'Swimming ', '20:30:00', '22:30:00', 511, 1),
(2278, 'Dance Academy', 'Dance Studio', 'Dance Academy', '14:30:00', '16:30:00', 511, 1),
(2277, 'Packed Lunch', 'Dining room', 'Packed Lunch', '08:00:00', '08:45:00', 510, 1),
(2276, 'Movie Night', 'Main School/ Mairlot Hall', 'Movie Night', '20:30:00', '22:30:00', 510, 1),
(2275, 'Swimming ', 'Swimming pool', 'Swimming ', '20:30:00', '22:30:00', 510, 1),
(2274, 'Relaxing and Shower/Free time', 'Rooms', 'Relaxing and Shower/Free time', '16:30:00', '18:30:00', 510, 1),
(2273, 'Full Day Excursion', 'Coach meeting point', 'Full Day Excursion Oxford', '08:30:00', '18:30:00', 510, 1),
(2272, 'Dinner', 'Refectory', 'Dinner', '18:30:00', '19:15:00', 510, 1),
(2271, 'Breakfast', 'Dining room', 'Breakfast', '08:00:00', '08:45:00', 510, 1),
(2270, 'Swimming ', 'Swimming pool', 'Swimming ', '20:30:00', '22:30:00', 509, 1),
(2269, 'Relaxing and Shower/Free time', 'Rooms', 'Relaxing and Shower/Free time', '16:30:00', '18:30:00', 509, 1),
(2268, 'Full Day Excursion', 'Coach meeting point', 'Full Day Excursion London', '08:30:00', '18:30:00', 509, 1),
(2267, 'Dinner', 'Refectory', 'Dinner', '18:30:00', '19:15:00', 509, 1),
(2266, 'Breakfast', 'Dining room', 'Breakfast', '08:00:00', '08:45:00', 509, 1),
(2265, 'Packed Lunch', 'Dining room', 'Packed Lunch', '08:00:00', '08:45:00', 509, 1),
(2264, 'Quiz Night', 'Main School/ Mairlot Hall', 'Quiz Night', '20:30:00', '22:30:00', 509, 1),
(2263, 'Dance Academy', 'Dance Studio', 'Dance Academy', '14:30:00', '16:30:00', 508, 1),
(2262, 'Rugby Academy', 'Grass field', 'Rugby Academy', '14:30:00', '16:30:00', 508, 1),
(2261, 'Football Academy', 'Astroturf', 'Football Academy', '14:30:00', '16:30:00', 508, 1),
(2260, 'Disco', 'Main School/ Mairlot Hall', 'Disco', '20:30:00', '22:30:00', 508, 1),
(2259, 'Excursion Presentation ', 'Main Hall', 'Excursion Presentation', '14:00:00', '14:45:00', 508, 1),
(2258, 'Relaxing and Shower/Free time', 'Rooms', 'Relaxing and Shower/Free time', '16:30:00', '18:30:00', 508, 1),
(2257, 'Lesson', 'Class', 'Lesson', '09:00:00', '12:45:00', 508, 1),
(2256, 'Dinner', 'Refectory', 'Dinner', '18:30:00', '19:15:00', 508, 1),
(2255, 'Lunch', 'Refectory', 'Lunch', '13:00:00', '13:45:00', 508, 1),
(2254, 'Breakfast', 'Dining room', 'Breakfast', '08:00:00', '08:45:00', 508, 1),
(2253, 'Relaxing and Shower/Free time', 'Rooms', 'Relaxing and Shower/Free time', '16:30:00', '18:30:00', 507, 1),
(2252, 'Lesson', 'Class', 'Lesson', '09:00:00', '12:45:00', 507, 1),
(2251, 'Dinner', 'Refectory', 'Dinner', '18:30:00', '19:15:00', 507, 1),
(2250, 'Lunch', 'Refectory', 'Lunch', '13:00:00', '13:45:00', 507, 1),
(2249, 'Breakfast', 'Dining room', 'Breakfast', '08:00:00', '08:45:00', 507, 1),
(2248, 'Team Challenges', 'Sport Hall', 'Team Challenges', '20:30:00', '22:30:00', 507, 1),
(2247, 'Swimming ', 'Swimming pool', 'Swimming ', '14:30:00', '16:30:00', 507, 1),
(2246, 'Sport ', 'Astroturf', 'Sport', '14:30:00', '16:30:00', 507, 1),
(2245, 'Swimming ', 'Swimming pool', 'Swimming ', '20:30:00', '22:30:00', 506, 1),
(2244, 'Dance Academy', 'Dance Studio', 'Dance Academy', '14:30:00', '16:30:00', 506, 1),
(2243, 'Rugby Academy', 'Grass field', 'Rugby Academy', '14:30:00', '16:30:00', 506, 1),
(2241, 'Disco', 'Main School/ Mairlot Hall', 'Disco', '20:30:00', '22:30:00', 506, 1),
(2242, 'Football Academy', 'Astroturf', 'Football Academy', '14:30:00', '16:30:00', 506, 1),
(2240, 'Relaxing and Shower/Free time', 'Rooms', 'Relaxing and Shower/Free time', '16:30:00', '18:30:00', 506, 1),
(2239, 'Lesson', 'Class', 'Lesson', '09:00:00', '12:45:00', 506, 1),
(2236, 'Breakfast', 'Dining room', 'Breakfast', '08:00:00', '08:45:00', 506, 1),
(2237, 'Lunch', 'Refectory', 'Lunch', '13:00:00', '13:45:00', 506, 1),
(2238, 'Dinner', 'Refectory', 'Dinner', '18:30:00', '19:15:00', 506, 1),
(2235, 'Welcome Night', 'Main School/ Mairlot Hall', 'Carousel Conversations', '20:30:00', '22:30:00', 505, 1),
(2234, 'Relaxing and Shower/Free time', 'Rooms', 'Relaxing and Shower/Free time', '16:30:00', '18:30:00', 505, 1),
(2301, 'Lesson', 'Class', 'Lesson', '09:00:00', '12:45:00', 513, 1),
(2302, 'Relaxing and Shower/Free time', 'Rooms', 'Relaxing and Shower/Free time', '16:30:00', '18:30:00', 513, 1),
(2303, 'Football Academy', 'Astroturf', 'Football Academy', '14:30:00', '16:30:00', 513, 1),
(2304, 'Rugby Academy', 'Grass field', 'Rugby Academy', '14:30:00', '16:30:00', 513, 1),
(2297, 'Dance Academy', 'Dance Studio', 'Dance Academy', '14:30:00', '16:30:00', 513, 1),
(2298, 'Breakfast', 'Dining room', 'Breakfast', '08:00:00', '08:45:00', 513, 1),
(2299, 'Lunch', 'Refectory', 'Lunch', '13:00:00', '13:45:00', 513, 1),
(2300, 'Dinner', 'Refectory', 'Dinner', '18:30:00', '19:15:00', 513, 1),
(2233, 'Staff Presentation', 'Main School/ Mairlot Hall', 'Staff Presentation', '20:00:00', '20:30:00', 505, 1),
(2230, 'Check in', 'Reception', 'Check in', '14:00:00', '14:14:00', 505, 1),
(2231, 'Group Arrival', 'Main Campus', 'Group Arrival', '14:00:00', '14:05:00', 505, 1),
(2232, 'Campus Tour', 'Meeting at reception', 'Campus Tour', '17:00:00', '17:30:00', 505, 1),
(463, 'Check in', 'Reception', 'Check in', '14:00:00', '14:14:00', 218, 1),
(464, 'Group Arrival', 'Main Campus', 'Group Arrival', '14:00:00', '14:05:00', 218, 1),
(465, 'Check out', 'Reception', 'Check out', '10:00:00', '10:10:00', 218, 1),
(466, 'Group Departure', 'Coach meeting point', 'Group departure', '12:30:00', '13:00:00', 218, 1),
(467, 'Campus Tour', 'Meeting at reception', 'Campus Tour', '17:00:00', '17:30:00', 218, 1),
(468, 'Staff Presentation', 'Main Hall', 'Staff Presentation', '20:00:00', '20:30:00', 218, 1),
(469, 'Welcome Party', 'Main Hall', 'Welcome Party', '20:30:00', '20:30:00', 218, 1),
(470, 'Relaxing and Shower/Free time', 'Rooms', 'Relaxing and Shower/Free time', '17:30:00', '18:30:00', 218, 1),
(471, 'Lesson', 'Class', 'Lesson', '09:00:00', '09:30:00', 219, 1),
(472, 'Lunch', 'Refectory', 'Lunch', '13:00:00', '13:45:00', 219, 1),
(473, 'Dinner', 'Refectory', 'Dinner', '18:30:00', '19:15:00', 219, 1),
(474, 'Breakfast', 'Refectory', 'Breakfast', '08:00:00', '09:00:00', 219, 1),
(475, 'Relaxing and Shower/Free time', 'Rooms', 'Relaxing and Shower/Free time', '17:30:00', '18:30:00', 219, 1),
(476, 'Sport Organized by PLUS Staff', 'Sport Hall', 'Sport', '14:30:00', '17:00:00', 219, 1),
(477, 'Swimming ', 'Swimming pool', 'Swimming ', '14:30:00', '17:00:00', 219, 1),
(478, 'Disco', 'Main Hall', 'Disco', '20:30:00', '22:30:00', 220, 1),
(479, 'Relaxing and Shower/Free time', 'Rooms', 'Relaxing and Shower/Free time', '17:30:00', '18:30:00', 220, 1),
(480, 'Excursion Presentation ', 'Main Hall', 'Excursion Presentation', '14:00:00', '14:45:00', 220, 1),
(481, 'Football Academy', 'Astroturf', 'Football Academy', '14:30:00', '17:00:00', 220, 1),
(482, 'Dance Academy', 'Dancing Studio', 'Dance Academy', '14:30:00', '17:00:00', 220, 1),
(483, 'Rugby Academy', 'Grass field', 'Rugby Academy', '14:30:00', '17:00:00', 220, 1),
(484, 'Lesson', 'Class', 'Lesson', '09:00:00', '09:30:00', 220, 1),
(485, 'Lunch', 'Refectory', 'Lunch', '13:00:00', '13:45:00', 220, 1),
(486, 'Dinner', 'Refectory', 'Dinner', '18:30:00', '19:15:00', 220, 1),
(487, 'Breakfast', 'Refectory', 'Breakfast', '08:00:00', '09:00:00', 220, 1),
(488, 'Packed Lunch', 'Collection at Refectory', 'Packed Lunch', '13:00:00', '13:45:00', 221, 1),
(489, 'Breakfast', 'Refectory', 'Breakfast', '08:00:00', '09:00:00', 221, 1),
(490, 'Full Day Excursion', 'Coach meeting point', 'Full Day Excursion London', '08:30:00', '18:30:00', 221, 1),
(491, 'Relaxing and Shower/Free time', 'Rooms', 'Relaxing and Shower/Free time', '17:30:00', '18:30:00', 221, 1),
(492, 'Swimming ', 'Swimming pool', 'Swimming ', '20:30:00', '22:30:00', 221, 1),
(493, 'Packed Lunch', 'Collection at Refectory', 'Packed Lunch', '13:00:00', '13:45:00', 222, 1),
(494, 'Breakfast', 'Refectory', 'Breakfast', '08:00:00', '09:00:00', 222, 1),
(495, 'Full Day Excursion', 'Coach meeting point', 'Full Day Excursion Oxford', '08:30:00', '18:30:00', 222, 1),
(496, 'Relaxing and Shower/Free time', 'Rooms', 'Relaxing and Shower/Free time', '17:30:00', '18:30:00', 222, 1),
(497, 'Swimming ', 'Swimming pool', 'Swimming ', '20:30:00', '22:30:00', 222, 1),
(498, 'Dance Academy', 'Dancing Studio', 'Dance Academy', '14:30:00', '17:00:00', 223, 1),
(499, 'Rugby Academy', 'Grass field', 'Rugby Academy', '14:30:00', '17:00:00', 223, 1),
(500, 'Lesson', 'Class', 'Lesson', '09:00:00', '09:30:00', 223, 1),
(501, 'Breakfast', 'Refectory', 'Breakfast', '08:00:00', '09:00:00', 223, 1),
(502, 'Lunch', 'Refectory', 'Lunch', '13:00:00', '13:45:00', 223, 1),
(503, 'Dinner', 'Refectory', 'Dinner', '18:30:00', '19:15:00', 223, 1),
(504, 'Relaxing and Shower/Free time', 'Rooms', 'Relaxing and Shower/Free time', '17:30:00', '18:30:00', 223, 1),
(505, 'Football Academy', 'Astroturf', 'Football Academy', '14:30:00', '17:00:00', 223, 1),
(506, 'Lesson', 'Class', 'Lesson', '09:00:00', '09:30:00', 224, 1),
(507, 'Breakfast', 'Refectory', 'Breakfast', '08:00:00', '09:00:00', 224, 1),
(508, 'Lunch', 'Refectory', 'Lunch', '13:00:00', '13:45:00', 224, 1),
(509, 'Dinner', 'Refectory', 'Dinner', '18:30:00', '19:15:00', 224, 1),
(510, 'Relaxing and Shower/Free time', 'Rooms', 'Relaxing and Shower/Free time', '17:30:00', '18:30:00', 224, 1),
(511, 'Students'' Questionnaire', 'Class', 'Students'' Questionnaire', '12:30:00', '13:00:00', 224, 1),
(512, 'Disco', 'Main Hall', 'Disco', '20:30:00', '22:30:00', 224, 1),
(513, 'Sport ', 'Astroturf', 'Sport', '14:30:00', '17:00:00', 224, 1),
(514, 'Swimming ', 'Swimming pool', 'Swimming ', '14:30:00', '17:00:00', 224, 1),
(515, 'Rugby Academy', 'Grass field', 'Rugby Academy', '14:30:00', '17:00:00', 225, 1),
(516, 'Lesson', 'Class', 'Lesson', '09:00:00', '09:30:00', 225, 1),
(517, 'Breakfast', 'Refectory', 'Breakfast', '08:00:00', '09:00:00', 225, 1),
(518, 'Lunch', 'Refectory', 'Lunch', '13:00:00', '13:45:00', 225, 1),
(519, 'Dinner', 'Refectory', 'Dinner', '18:30:00', '19:15:00', 225, 1),
(520, 'Relaxing and Shower/Free time', 'Rooms', 'Relaxing and Shower/Free time', '17:30:00', '18:30:00', 225, 1),
(521, 'Football Academy', 'Astroturf', 'Football Academy', '14:30:00', '17:00:00', 225, 1),
(522, 'Dance Academy', 'Dancing Studio', 'Dance Academy', '14:30:00', '17:00:00', 225, 1),
(523, 'Lesson', 'Class', 'Lesson', '09:00:00', '09:30:00', 226, 1),
(524, 'Breakfast', 'Refectory', 'Breakfast', '08:00:00', '09:00:00', 226, 1),
(525, 'Lunch', 'Refectory', 'Lunch', '13:00:00', '13:45:00', 226, 1),
(526, 'Dinner', 'Refectory', 'Dinner', '18:30:00', '19:15:00', 226, 1),
(527, 'Relaxing and Shower/Free time', 'Rooms', 'Relaxing and Shower/Free time', '17:30:00', '18:30:00', 226, 1),
(528, 'Disco', 'Main Hall', 'Disco', '20:30:00', '22:30:00', 226, 1),
(529, 'Swimming ', 'Swimming pool', 'Swimming ', '14:30:00', '17:00:00', 226, 1),
(530, 'Sport ', 'Astroturf', 'Sport', '14:30:00', '17:00:00', 226, 1),
(531, 'Rugby Academy', 'Grass field', 'Rugby Academy', '14:30:00', '17:00:00', 227, 1),
(532, 'Lesson', 'Class', 'Lesson', '09:00:00', '09:30:00', 227, 1),
(533, 'Breakfast', 'Refectory', 'Breakfast', '08:00:00', '09:00:00', 227, 1),
(534, 'Lunch', 'Refectory', 'Lunch', '13:00:00', '13:45:00', 227, 1),
(535, 'Dinner', 'Refectory', 'Dinner', '18:30:00', '19:15:00', 227, 1),
(536, 'Relaxing and Shower/Free time', 'Rooms', 'Relaxing and Shower/Free time', '17:30:00', '18:30:00', 227, 1),
(537, 'Excursion Presentation ', 'Main Hall', 'Excursion Presentation', '14:00:00', '14:45:00', 227, 1),
(538, 'Football Academy', 'Astroturf', 'Football Academy', '14:30:00', '17:00:00', 227, 1),
(539, 'Dance Academy', 'Dancing Studio', 'Dance Academy', '14:30:00', '17:00:00', 227, 1),
(540, 'Packed Lunch', 'Collection at Refectory', 'Packed Lunch', '13:00:00', '13:45:00', 228, 1),
(541, 'Breakfast', 'Refectory', 'Breakfast', '08:00:00', '09:00:00', 228, 1),
(542, 'Dinner', 'Refectory', 'Dinner', '18:30:00', '19:15:00', 228, 1),
(543, 'Full Day Excursion', 'Coach meeting point', 'Full Day Excursion Portsmouth', '08:30:00', '18:30:00', 228, 1),
(544, 'Relaxing and Shower/Free time', 'Rooms', 'Relaxing and Shower/Free time', '17:30:00', '18:30:00', 228, 1),
(545, 'Swimming ', 'Swimming pool', 'Swimming ', '20:30:00', '22:30:00', 228, 1),
(546, 'Full Day Excursion', 'Coach meeting point', 'Full Day Excursion London', '08:30:00', '18:30:00', 229, 1),
(547, 'Relaxing and Shower/Free time', 'Rooms', 'Relaxing and Shower/Free time', '17:30:00', '18:30:00', 229, 1),
(548, 'Packed Lunch', 'Collection at Refectory', 'Packed Lunch', '13:00:00', '13:45:00', 229, 1),
(549, 'Breakfast', 'Refectory', 'Breakfast', '08:00:00', '09:00:00', 229, 1),
(550, 'Dinner', 'Refectory', 'Dinner', '18:30:00', '19:15:00', 229, 1),
(551, 'Swimming ', 'Swimming pool', 'Swimming ', '20:30:00', '22:30:00', 229, 1),
(552, 'Lesson', 'Class', 'Lesson', '09:00:00', '09:30:00', 230, 1),
(553, 'Breakfast', 'Refectory', 'Breakfast', '08:00:00', '09:00:00', 230, 1),
(554, 'Lunch', 'Refectory', 'Lunch', '13:00:00', '13:45:00', 230, 1),
(555, 'Dinner', 'Refectory', 'Dinner', '18:30:00', '19:15:00', 230, 1),
(556, 'Relaxing and Shower/Free time', 'Rooms', 'Relaxing and Shower/Free time', '17:30:00', '18:30:00', 230, 1),
(557, 'Graduation Ceremony', 'Main Hall', 'Graduation Ceremony', '12:30:00', '13:00:00', 230, 1),
(558, 'Sport Organized by PLUS Staff', 'Sport Hall', 'Team building games', '14:30:00', '17:00:00', 230, 1),
(559, 'Swimming ', 'Swimming pool', 'Swimming ', '14:30:00', '17:00:00', 230, 1),
(560, 'Breakfast', 'Refectory', 'Breakfast', '08:00:00', '09:00:00', 231, 1),
(561, 'Lunch', 'Refectory', 'Lunch', '13:00:00', '13:45:00', 231, 1),
(1543, 'Lunch', 'Refectory', 'Lunch', '13:00:00', '13:45:00', 365, 1),
(1542, 'Breakfast', 'Refectory', 'Breakfast', '08:00:00', '09:00:00', 365, 1),
(1540, 'Dance Academy', 'Dancing Studio', 'Dance Academy', '14:30:00', '17:00:00', 365, 1),
(1541, 'Rugby Academy', 'Grass field', 'Rugby Academy', '14:30:00', '17:00:00', 365, 1),
(1539, 'Football Academy', 'Astroturf', 'Football Academy', '14:30:00', '17:00:00', 365, 1),
(1536, 'Dinner', 'Refectory', 'Dinner', '18:30:00', '19:15:00', 365, 1),
(1537, 'Lesson', 'Class', 'Lesson', '09:00:00', '09:30:00', 365, 1),
(1538, 'Relaxing and Shower/Free time', 'Rooms', 'Relaxing and Shower/Free time', '17:30:00', '18:30:00', 365, 1),
(1533, 'Full Day Excursion', 'Coach meeting point', 'Full Day Excursion Oxford', '08:30:00', '18:30:00', 364, 1),
(1535, 'Disco', 'Main Hall', 'Disco', '20:30:00', '22:30:00', 364, 1),
(1534, 'Relaxing and Shower/Free time', 'Rooms', 'Relaxing and Shower/Free time', '17:30:00', '18:30:00', 364, 1),
(1532, 'Dinner', 'Refectory', 'Dinner', '18:30:00', '19:15:00', 364, 1),
(1531, 'Packed Lunch', 'Collection at Refectory', 'Packed Lunch', '13:00:00', '13:45:00', 364, 1),
(1530, 'Breakfast', 'Refectory', 'Breakfast', '08:00:00', '09:00:00', 364, 1),
(1527, 'Packed Lunch', 'Collection at Refectory', 'Packed Lunch', '13:00:00', '13:45:00', 363, 1),
(1529, 'Full Day Excursion', 'Coach meeting point', 'Full Day Excursion London', '08:30:00', '18:30:00', 363, 1),
(1528, 'Dinner', 'Refectory', 'Dinner', '18:30:00', '19:15:00', 363, 1),
(1525, 'Swimming ', 'Swimming pool', 'Swimming ', '20:30:00', '22:30:00', 363, 1),
(1526, 'Breakfast', 'Refectory', 'Breakfast', '08:00:00', '09:00:00', 363, 1),
(1523, 'Rugby Academy', 'Grass field', 'Rugby Academy', '14:30:00', '17:00:00', 362, 1),
(1524, 'Relaxing and Shower/Free time', 'Rooms', 'Relaxing and Shower/Free time', '17:30:00', '18:30:00', 363, 1),
(1522, 'Dance Academy', 'Dancing Studio', 'Dance Academy', '14:30:00', '17:00:00', 362, 1),
(1521, 'Football Academy', 'Astroturf', 'Football Academy', '14:30:00', '17:00:00', 362, 1),
(1520, 'Disco', 'Main Hall', 'Disco', '20:30:00', '22:30:00', 362, 1),
(1519, 'Excursion Presentation ', 'Main Hall', 'Excursion Presentation', '14:00:00', '14:45:00', 362, 1),
(1515, 'Lunch', 'Refectory', 'Lunch', '13:00:00', '13:45:00', 362, 1),
(1516, 'Dinner', 'Refectory', 'Dinner', '18:30:00', '19:15:00', 362, 1),
(1517, 'Lesson', 'Class', 'Lesson', '09:00:00', '09:30:00', 362, 1),
(1518, 'Relaxing and Shower/Free time', 'Rooms', 'Relaxing and Shower/Free time', '17:30:00', '18:30:00', 362, 1),
(1514, 'Breakfast', 'Refectory', 'Breakfast', '08:00:00', '09:00:00', 362, 1),
(1512, 'Dinner', 'Refectory', 'Dinner', '18:30:00', '19:15:00', 361, 1),
(1513, 'Lesson', 'Class', 'Lesson', '09:00:00', '09:30:00', 361, 1),
(1511, 'Lunch', 'Refectory', 'Lunch', '13:00:00', '13:45:00', 361, 1),
(1508, 'Sport ', 'Astroturf', 'Sport', '14:30:00', '17:00:00', 361, 1),
(1509, 'Swimming ', 'Swimming pool', 'Swimming ', '14:30:00', '17:00:00', 361, 1),
(1510, 'Breakfast', 'Refectory', 'Breakfast', '08:00:00', '09:00:00', 361, 1),
(1507, 'Relaxing and Shower/Free time', 'Rooms', 'Relaxing and Shower/Free time', '17:30:00', '18:30:00', 361, 1),
(1506, 'Rugby Academy', 'Grass field', 'Rugby Academy', '14:30:00', '17:00:00', 360, 1),
(1505, 'Dance Academy', 'Dancing Studio', 'Dance Academy', '14:30:00', '17:00:00', 360, 1),
(1503, 'Disco', 'Main Hall', 'Disco', '20:30:00', '22:30:00', 360, 1),
(1504, 'Football Academy', 'Astroturf', 'Football Academy', '14:30:00', '17:00:00', 360, 1),
(1501, 'Lesson', 'Class', 'Lesson', '09:00:00', '09:30:00', 360, 1),
(1502, 'Relaxing and Shower/Free time', 'Rooms', 'Relaxing and Shower/Free time', '17:30:00', '18:30:00', 360, 1),
(1498, 'Breakfast', 'Refectory', 'Breakfast', '08:00:00', '09:00:00', 360, 1),
(1500, 'Dinner', 'Refectory', 'Dinner', '18:30:00', '19:15:00', 360, 1),
(1499, 'Lunch', 'Refectory', 'Lunch', '13:00:00', '13:45:00', 360, 1),
(1497, 'Relaxing and Shower/Free time', 'Rooms', 'Relaxing and Shower/Free time', '17:30:00', '18:30:00', 359, 1),
(1496, 'Dinner', 'Refectory', 'Dinner', '18:30:00', '19:15:00', 359, 1),
(1495, 'Lunch', 'Refectory', 'Lunch', '13:00:00', '13:45:00', 359, 1),
(1493, 'Swimming ', 'Swimming pool', 'Swimming ', '14:30:00', '17:00:00', 359, 1),
(1494, 'Breakfast', 'Refectory', 'Breakfast', '08:00:00', '09:00:00', 359, 1),
(1492, 'Sport ', 'Astroturf', 'Sport', '14:30:00', '17:00:00', 359, 1),
(1491, 'Students'' Questionnaire', 'Class', 'Students'' Questionnaire', '12:30:00', '13:00:00', 359, 1),
(1490, 'Swimming ', 'Swimming pool', 'Swimming ', '14:30:00', '17:00:00', 358, 1),
(1857, 'Breakfast', 'Refectory', 'Breakfast', '08:00:00', '09:00:00', 410, 1),
(1858, 'Breakfast', 'Refectory', 'Breakfast', '08:00:00', '09:00:00', 425, 1),
(1856, 'Sport Activity on Campus', 'TBA', 'Sport Activity ', '14:30:00', '17:00:00', 358, 1),
(1486, 'Dinner', 'Refectory', 'Dinner', '18:30:00', '19:15:00', 358, 1),
(1487, 'Relaxing and Shower/Free time', 'Rooms', 'Relaxing and Shower/Free time', '17:30:00', '18:30:00', 358, 1),
(1859, 'Full Day Excursion', 'Coach meeting point', 'Full Day Excursion Canterbury ', '05:00:00', '14:03:00', 426, 1),
(1485, 'Lunch', 'Refectory', 'Lunch', '13:00:00', '13:45:00', 358, 1),
(1484, 'Breakfast', 'Refectory', 'Breakfast', '08:00:00', '09:00:00', 358, 1),
(1482, 'Full Day Excursion', 'Coach meeting point', 'Full Day Excursion London', '08:30:00', '18:30:00', 357, 1),
(1481, 'Swimming ', 'Swimming pool', 'Swimming ', '20:30:00', '22:30:00', 357, 1),
(1480, 'Dinner', 'Refectory', 'Dinner', '18:30:00', '19:15:00', 357, 1),
(1478, 'Packed Lunch', 'Collection at Refectory', 'Packed Lunch', '13:00:00', '13:45:00', 357, 1),
(1475, 'Relaxing and Shower/Free time', 'Rooms', 'Relaxing and Shower/Free time', '17:30:00', '18:30:00', 356, 1),
(1479, 'Breakfast', 'Refectory', 'Breakfast', '08:00:00', '09:00:00', 357, 1),
(1477, 'Relaxing and Shower/Free time', 'Rooms', 'Relaxing and Shower/Free time', '17:30:00', '18:30:00', 357, 1),
(1476, 'Swimming ', 'Swimming pool', 'Swimming ', '20:30:00', '22:30:00', 356, 1),
(1474, 'Full Day Excursion', 'Coach meeting point', 'Full Day Excursion Portsmouth', '08:30:00', '18:30:00', 356, 1),
(1473, 'Dinner', 'Refectory', 'Dinner', '18:30:00', '19:15:00', 356, 1),
(1472, 'Breakfast', 'Refectory', 'Breakfast', '08:00:00', '09:00:00', 356, 1),
(1471, 'Packed Lunch', 'Collection at Refectory', 'Packed Lunch', '13:00:00', '13:45:00', 356, 1),
(1469, 'Dance Academy', 'Dancing Studio', 'Dance Academy', '14:30:00', '17:00:00', 355, 1),
(1470, 'Rugby Academy', 'Grass field', 'Rugby Academy', '14:30:00', '17:00:00', 355, 1),
(1467, 'Excursion Presentation ', 'Main Hall', 'Excursion Presentation', '14:00:00', '14:45:00', 355, 1),
(1468, 'Football Academy', 'Astroturf', 'Football Academy', '14:30:00', '17:00:00', 355, 1),
(1466, 'Relaxing and Shower/Free time', 'Rooms', 'Relaxing and Shower/Free time', '17:30:00', '18:30:00', 355, 1),
(1464, 'Lunch', 'Refectory', 'Lunch', '13:00:00', '13:45:00', 355, 1),
(1465, 'Dinner', 'Refectory', 'Dinner', '18:30:00', '19:15:00', 355, 1),
(1463, 'Breakfast', 'Refectory', 'Breakfast', '08:00:00', '09:00:00', 355, 1),
(1460, 'Swimming ', 'Swimming pool', 'Swimming ', '14:30:00', '17:00:00', 354, 1),
(1461, 'Sport ', 'Astroturf', 'Sport', '14:30:00', '17:00:00', 354, 1),
(1457, 'Dinner', 'Refectory', 'Dinner', '18:30:00', '19:15:00', 354, 1),
(1458, 'Relaxing and Shower/Free time', 'Rooms', 'Relaxing and Shower/Free time', '17:30:00', '18:30:00', 354, 1),
(1462, 'Lesson', 'Class', 'Lesson', '09:00:00', '09:30:00', 355, 1),
(1459, 'Disco', 'Main Hall', 'Disco', '20:30:00', '22:30:00', 354, 1),
(1456, 'Lunch', 'Refectory', 'Lunch', '13:00:00', '13:45:00', 354, 1),
(1455, 'Breakfast', 'Refectory', 'Breakfast', '08:00:00', '09:00:00', 354, 1),
(1454, 'Lesson', 'Class', 'Lesson', '09:00:00', '09:30:00', 354, 1),
(1453, 'Rugby Academy', 'Grass field', 'Rugby Academy', '14:30:00', '17:00:00', 353, 1),
(1451, 'Football Academy', 'Astroturf', 'Football Academy', '14:30:00', '17:00:00', 353, 1),
(1452, 'Dance Academy', 'Dancing Studio', 'Dance Academy', '14:30:00', '17:00:00', 353, 1),
(1450, 'Relaxing and Shower/Free time', 'Rooms', 'Relaxing and Shower/Free time', '17:30:00', '18:30:00', 353, 1),
(1448, 'Lunch', 'Refectory', 'Lunch', '13:00:00', '13:45:00', 353, 1),
(1449, 'Dinner', 'Refectory', 'Dinner', '18:30:00', '19:15:00', 353, 1),
(1446, 'Lesson', 'Class', 'Lesson', '09:00:00', '09:30:00', 353, 1),
(1447, 'Breakfast', 'Refectory', 'Breakfast', '08:00:00', '09:00:00', 353, 1),
(1445, 'Swimming ', 'Swimming pool', 'Swimming ', '14:30:00', '17:00:00', 352, 1),
(1444, 'Sport ', 'Astroturf', 'Sport', '14:30:00', '17:00:00', 352, 1),
(1443, 'Disco', 'Main Hall', 'Disco', '20:30:00', '22:30:00', 352, 1),
(1442, 'Students'' Questionnaire', 'Class', 'Students'' Questionnaire', '12:30:00', '13:00:00', 352, 1),
(1441, 'Relaxing and Shower/Free time', 'Rooms', 'Relaxing and Shower/Free time', '17:30:00', '18:30:00', 352, 1),
(1439, 'Lunch', 'Refectory', 'Lunch', '13:00:00', '13:45:00', 352, 1),
(1440, 'Dinner', 'Refectory', 'Dinner', '18:30:00', '19:15:00', 352, 1),
(1437, 'Lesson', 'Class', 'Lesson', '09:00:00', '09:30:00', 352, 1),
(1438, 'Breakfast', 'Refectory', 'Breakfast', '08:00:00', '09:00:00', 352, 1),
(1435, 'Football Academy', 'Astroturf', 'Football Academy', '14:30:00', '17:00:00', 351, 1),
(1436, 'Dance Academy', 'Dancing Studio', 'Dance Academy', '14:30:00', '17:00:00', 351, 1),
(1434, 'Relaxing and Shower/Free time', 'Rooms', 'Relaxing and Shower/Free time', '17:30:00', '18:30:00', 351, 1),
(1429, 'Rugby Academy', 'Grass field', 'Rugby Academy', '14:30:00', '17:00:00', 351, 1),
(1430, 'Lesson', 'Class', 'Lesson', '09:00:00', '09:30:00', 351, 1),
(1431, 'Breakfast', 'Refectory', 'Breakfast', '08:00:00', '09:00:00', 351, 1),
(1685, 'Breakfast', 'Refectory', 'Breakfast', '08:00:00', '09:00:00', 385, 1),
(1684, 'Disco', 'Main Hall', 'Disco', '20:30:00', '22:30:00', 384, 1),
(1683, 'Excursion Presentation ', 'Main Hall', 'Excursion Presentation', '14:00:00', '14:45:00', 384, 1),
(1682, 'Relaxing and Shower/Free time', 'Rooms', 'Relaxing and Shower/Free time', '17:30:00', '18:30:00', 384, 1),
(1681, 'Lesson', 'Class', 'Lesson', '09:00:00', '09:30:00', 384, 1),
(1680, 'Dinner', 'Refectory', 'Dinner', '18:30:00', '19:15:00', 384, 1),
(1679, 'Lunch', 'Refectory', 'Lunch', '13:00:00', '13:45:00', 384, 1),
(1678, 'Breakfast', 'Refectory', 'Breakfast', '08:00:00', '09:00:00', 384, 1),
(1677, 'Rugby Academy', 'Grass field', 'Rugby Academy', '14:30:00', '17:00:00', 384, 1),
(1676, 'Dance Academy', 'Dancing Studio', 'Dance Academy', '14:30:00', '17:00:00', 384, 1),
(1675, 'Football Academy', 'Astroturf', 'Football Academy', '14:30:00', '17:00:00', 384, 1),
(1674, 'Swimming ', 'Swimming pool', 'Swimming ', '14:30:00', '17:00:00', 383, 1),
(1673, 'Sport ', 'Astroturf', 'Sport', '14:30:00', '17:00:00', 383, 1),
(1671, 'Lesson', 'Class', 'Lesson', '09:00:00', '09:30:00', 383, 1),
(1672, 'Relaxing and Shower/Free time', 'Rooms', 'Relaxing and Shower/Free time', '17:30:00', '18:30:00', 383, 1),
(1670, 'Dinner', 'Refectory', 'Dinner', '18:30:00', '19:15:00', 383, 1),
(1669, 'Lunch', 'Refectory', 'Lunch', '13:00:00', '13:45:00', 383, 1),
(1668, 'Breakfast', 'Refectory', 'Breakfast', '08:00:00', '09:00:00', 383, 1),
(1667, 'Disco', 'Main Hall', 'Disco', '20:30:00', '22:30:00', 382, 1),
(1666, 'Relaxing and Shower/Free time', 'Rooms', 'Relaxing and Shower/Free time', '17:30:00', '18:30:00', 382, 1),
(1665, 'Lesson', 'Class', 'Lesson', '09:00:00', '09:30:00', 382, 1),
(1664, 'Dinner', 'Refectory', 'Dinner', '18:30:00', '19:15:00', 382, 1),
(1663, 'Lunch', 'Refectory', 'Lunch', '13:00:00', '13:45:00', 382, 1),
(1662, 'Breakfast', 'Refectory', 'Breakfast', '08:00:00', '09:00:00', 382, 1),
(1661, 'Rugby Academy', 'Grass field', 'Rugby Academy', '14:30:00', '17:00:00', 382, 1),
(1660, 'Dance Academy', 'Dancing Studio', 'Dance Academy', '14:30:00', '17:00:00', 382, 1),
(1659, 'Football Academy', 'Astroturf', 'Football Academy', '14:30:00', '17:00:00', 382, 1),
(1658, 'Swimming ', 'Swimming pool', 'Swimming ', '14:30:00', '17:00:00', 381, 1),
(1657, 'Sport ', 'Astroturf', 'Sport', '14:30:00', '17:00:00', 381, 1),
(1656, 'Students'' Questionnaire', 'Class', 'Students'' Questionnaire', '12:30:00', '13:00:00', 381, 1),
(1655, 'Relaxing and Shower/Free time', 'Rooms', 'Relaxing and Shower/Free time', '17:30:00', '18:30:00', 381, 1),
(1654, 'Dinner', 'Refectory', 'Dinner', '18:30:00', '19:15:00', 381, 1),
(1653, 'Lunch', 'Refectory', 'Lunch', '13:00:00', '13:45:00', 381, 1),
(1652, 'Breakfast', 'Refectory', 'Breakfast', '08:00:00', '09:00:00', 381, 1),
(1651, 'Graduation Ceremony', 'Main Hall', 'Graduation Ceremony', '12:30:00', '13:00:00', 380, 1),
(1650, 'Relaxing and Shower/Free time', 'Rooms', 'Relaxing and Shower/Free time', '17:30:00', '18:30:00', 380, 1),
(1649, 'Dinner', 'Refectory', 'Dinner', '18:30:00', '19:15:00', 380, 1),
(1648, 'Lunch', 'Refectory', 'Lunch', '13:00:00', '13:45:00', 380, 1),
(1647, 'Breakfast', 'Refectory', 'Breakfast', '08:00:00', '09:00:00', 380, 1),
(1646, 'Lesson', 'Class', 'Lesson', '09:00:00', '09:30:00', 380, 1),
(1645, 'Swimming ', 'Swimming pool', 'Swimming ', '14:30:00', '17:00:00', 380, 1),
(1644, 'Sport Organized by PLUS Staff', 'Sport Hall', 'Team building games', '14:30:00', '17:00:00', 380, 1),
(1643, 'Relaxing and Shower/Free time', 'Rooms', 'Relaxing and Shower/Free time', '17:30:00', '18:30:00', 379, 1),
(1642, 'Full Day Excursion', 'Coach meeting point', 'Full Day Excursion London', '08:30:00', '18:30:00', 379, 1),
(1641, 'Swimming ', 'Swimming pool', 'Swimming ', '20:30:00', '22:30:00', 379, 1),
(1640, 'Dinner', 'Refectory', 'Dinner', '18:30:00', '19:15:00', 379, 1),
(1639, 'Breakfast', 'Refectory', 'Breakfast', '08:00:00', '09:00:00', 379, 1),
(1638, 'Packed Lunch', 'Collection at Refectory', 'Packed Lunch', '13:00:00', '13:45:00', 379, 1),
(1637, 'Swimming ', 'Swimming pool', 'Swimming ', '20:30:00', '22:30:00', 378, 1),
(1636, 'Relaxing and Shower/Free time', 'Rooms', 'Relaxing and Shower/Free time', '17:30:00', '18:30:00', 378, 1),
(1635, 'Full Day Excursion', 'Coach meeting point', 'Full Day Excursion Portsmouth', '08:30:00', '18:30:00', 378, 1),
(1634, 'Dinner', 'Refectory', 'Dinner', '18:30:00', '19:15:00', 378, 1),
(1633, 'Breakfast', 'Refectory', 'Breakfast', '08:00:00', '09:00:00', 378, 1),
(1632, 'Packed Lunch', 'Collection at Refectory', 'Packed Lunch', '13:00:00', '13:45:00', 378, 1),
(1631, 'Breakfast', 'Refectory', 'Breakfast', '08:00:00', '09:00:00', 377, 1),
(1630, 'Lesson', 'Class', 'Lesson', '09:00:00', '09:30:00', 377, 1),
(1629, 'Rugby Academy', 'Grass field', 'Rugby Academy', '14:30:00', '17:00:00', 377, 1),
(1628, 'Dance Academy', 'Dancing Studio', 'Dance Academy', '14:30:00', '17:00:00', 377, 1),
(1627, 'Football Academy', 'Astroturf', 'Football Academy', '14:30:00', '17:00:00', 377, 1),
(1626, 'Excursion Presentation ', 'Main Hall', 'Excursion Presentation', '14:00:00', '14:45:00', 377, 1),
(1625, 'Relaxing and Shower/Free time', 'Rooms', 'Relaxing and Shower/Free time', '17:30:00', '18:30:00', 377, 1),
(1624, 'Dinner', 'Refectory', 'Dinner', '18:30:00', '19:15:00', 377, 1),
(1623, 'Lunch', 'Refectory', 'Lunch', '13:00:00', '13:45:00', 377, 1),
(1622, 'Sport ', 'Astroturf', 'Sport', '14:30:00', '17:00:00', 376, 1),
(1621, 'Swimming ', 'Swimming pool', 'Swimming ', '14:30:00', '17:00:00', 376, 1),
(1620, 'Disco', 'Main Hall', 'Disco', '20:30:00', '22:30:00', 376, 1),
(1619, 'Relaxing and Shower/Free time', 'Rooms', 'Relaxing and Shower/Free time', '17:30:00', '18:30:00', 376, 1),
(1618, 'Dinner', 'Refectory', 'Dinner', '18:30:00', '19:15:00', 376, 1),
(1617, 'Lunch', 'Refectory', 'Lunch', '13:00:00', '13:45:00', 376, 1),
(1616, 'Breakfast', 'Refectory', 'Breakfast', '08:00:00', '09:00:00', 376, 1),
(1614, 'Lesson', 'Class', 'Lesson', '09:00:00', '09:30:00', 375, 1),
(1615, 'Lesson', 'Class', 'Lesson', '09:00:00', '09:30:00', 376, 1),
(1613, 'Rugby Academy', 'Grass field', 'Rugby Academy', '14:30:00', '17:00:00', 375, 1),
(1612, 'Dance Academy', 'Dancing Studio', 'Dance Academy', '14:30:00', '17:00:00', 375, 1);
INSERT INTO `frontweb_extra_day_activity_details` (`extra_day_activity_details_id`, `program_name`, `location`, `activity`, `from_time`, `to_time`, `extra_day_activity_id`, `extra_flag`) VALUES
(1611, 'Football Academy', 'Astroturf', 'Football Academy', '14:30:00', '17:00:00', 375, 1),
(1610, 'Relaxing and Shower/Free time', 'Rooms', 'Relaxing and Shower/Free time', '17:30:00', '18:30:00', 375, 1),
(1609, 'Dinner', 'Refectory', 'Dinner', '18:30:00', '19:15:00', 375, 1),
(1608, 'Lunch', 'Refectory', 'Lunch', '13:00:00', '13:45:00', 375, 1),
(1607, 'Breakfast', 'Refectory', 'Breakfast', '08:00:00', '09:00:00', 375, 1),
(1606, 'Swimming ', 'Swimming pool', 'Swimming ', '14:30:00', '17:00:00', 374, 1),
(1605, 'Sport ', 'Astroturf', 'Sport', '14:30:00', '17:00:00', 374, 1),
(1604, 'Disco', 'Main Hall', 'Disco', '20:30:00', '22:30:00', 374, 1),
(1603, 'Students'' Questionnaire', 'Class', 'Students'' Questionnaire', '12:30:00', '13:00:00', 374, 1),
(1602, 'Relaxing and Shower/Free time', 'Rooms', 'Relaxing and Shower/Free time', '17:30:00', '18:30:00', 374, 1),
(1601, 'Dinner', 'Refectory', 'Dinner', '18:30:00', '19:15:00', 374, 1),
(1600, 'Lunch', 'Refectory', 'Lunch', '13:00:00', '13:45:00', 374, 1),
(1599, 'Breakfast', 'Refectory', 'Breakfast', '08:00:00', '09:00:00', 374, 1),
(1598, 'Lesson', 'Class', 'Lesson', '09:00:00', '09:30:00', 374, 1),
(1597, 'Rugby Academy', 'Grass field', 'Rugby Academy', '14:30:00', '17:00:00', 373, 1),
(1596, 'Dance Academy', 'Dancing Studio', 'Dance Academy', '14:30:00', '17:00:00', 373, 1),
(1595, 'Football Academy', 'Astroturf', 'Football Academy', '14:30:00', '17:00:00', 373, 1),
(1594, 'Relaxing and Shower/Free time', 'Rooms', 'Relaxing and Shower/Free time', '17:30:00', '18:30:00', 373, 1),
(1593, 'Dinner', 'Refectory', 'Dinner', '18:30:00', '19:15:00', 373, 1),
(1592, 'Lunch', 'Refectory', 'Lunch', '13:00:00', '13:45:00', 373, 1),
(1591, 'Breakfast', 'Refectory', 'Breakfast', '08:00:00', '09:00:00', 373, 1),
(1590, 'Lesson', 'Class', 'Lesson', '09:00:00', '09:30:00', 373, 1),
(1589, 'Swimming ', 'Swimming pool', 'Swimming ', '20:30:00', '22:30:00', 372, 1),
(1588, 'Relaxing and Shower/Free time', 'Rooms', 'Relaxing and Shower/Free time', '17:30:00', '18:30:00', 372, 1),
(1587, 'Full Day Excursion', 'Coach meeting point', 'Full Day Excursion Oxford', '08:30:00', '18:30:00', 372, 1),
(1586, 'Breakfast', 'Refectory', 'Breakfast', '08:00:00', '09:00:00', 372, 1),
(1585, 'Packed Lunch', 'Collection at Refectory', 'Packed Lunch', '13:00:00', '13:45:00', 372, 1),
(1584, 'Full Day Excursion', 'Coach meeting point', 'Full Day Excursion London', '08:30:00', '18:30:00', 371, 1),
(1583, 'Breakfast', 'Refectory', 'Breakfast', '08:00:00', '09:00:00', 371, 1),
(1582, 'Packed Lunch', 'Collection at Refectory', 'Packed Lunch', '13:00:00', '13:45:00', 371, 1),
(1581, 'Swimming ', 'Swimming pool', 'Swimming ', '20:30:00', '22:30:00', 371, 1),
(1580, 'Relaxing and Shower/Free time', 'Rooms', 'Relaxing and Shower/Free time', '17:30:00', '18:30:00', 371, 1),
(1579, 'Rugby Academy', 'Grass field', 'Rugby Academy', '14:30:00', '17:00:00', 370, 1),
(1578, 'Dance Academy', 'Dancing Studio', 'Dance Academy', '14:30:00', '17:00:00', 370, 1),
(1577, 'Football Academy', 'Astroturf', 'Football Academy', '14:30:00', '17:00:00', 370, 1),
(1576, 'Excursion Presentation ', 'Main Hall', 'Excursion Presentation', '14:00:00', '14:45:00', 370, 1),
(1575, 'Relaxing and Shower/Free time', 'Rooms', 'Relaxing and Shower/Free time', '17:30:00', '18:30:00', 370, 1),
(1574, 'Disco', 'Main Hall', 'Disco', '20:30:00', '22:30:00', 370, 1),
(1573, 'Breakfast', 'Refectory', 'Breakfast', '08:00:00', '09:00:00', 370, 1),
(1572, 'Dinner', 'Refectory', 'Dinner', '18:30:00', '19:15:00', 370, 1),
(1571, 'Lunch', 'Refectory', 'Lunch', '13:00:00', '13:45:00', 370, 1),
(1570, 'Lesson', 'Class', 'Lesson', '09:00:00', '09:30:00', 370, 1),
(1569, 'Breakfast', 'Refectory', 'Breakfast', '08:00:00', '09:00:00', 369, 1),
(1568, 'Dinner', 'Refectory', 'Dinner', '18:30:00', '19:15:00', 369, 1),
(1567, 'Lunch', 'Refectory', 'Lunch', '13:00:00', '13:45:00', 369, 1),
(1566, 'Lesson', 'Class', 'Lesson', '09:00:00', '09:30:00', 369, 1),
(1565, 'Swimming ', 'Swimming pool', 'Swimming ', '14:30:00', '17:00:00', 369, 1),
(1564, 'Sport Organized by PLUS Staff', 'Sport Hall', 'Sport', '14:30:00', '17:00:00', 369, 1),
(1562, 'Disco', 'Main Hall', 'Disco', '20:30:00', '22:30:00', 368, 1),
(1563, 'Relaxing and Shower/Free time', 'Rooms', 'Relaxing and Shower/Free time', '17:30:00', '18:30:00', 369, 1),
(1561, 'Rugby Academy', 'Grass field', 'Rugby Academy', '14:30:00', '17:00:00', 368, 1),
(1560, 'Dance Academy', 'Dancing Studio', 'Dance Academy', '14:30:00', '17:00:00', 368, 1),
(1559, 'Football Academy', 'Astroturf', 'Football Academy', '14:30:00', '17:00:00', 368, 1),
(1557, 'Lesson', 'Class', 'Lesson', '09:00:00', '09:30:00', 368, 1),
(1558, 'Relaxing and Shower/Free time', 'Rooms', 'Relaxing and Shower/Free time', '17:30:00', '18:30:00', 368, 1),
(1556, 'Breakfast', 'Refectory', 'Breakfast', '08:00:00', '09:00:00', 368, 1),
(1555, 'Lunch', 'Refectory', 'Lunch', '13:00:00', '13:45:00', 368, 1),
(1554, 'Dinner', 'Refectory', 'Dinner', '18:30:00', '19:15:00', 368, 1),
(1553, 'Group Departure', 'Coach meeting point', 'Group departure', '12:30:00', '13:00:00', 367, 1),
(1750, 'Welcome Party', 'Main Hall', 'Welcome Party', '20:30:00', '20:30:00', 395, 1),
(1551, 'Group Arrival', 'Main Campus', 'Group Arrival', '14:00:00', '14:05:00', 367, 1),
(1550, 'Check in', 'Reception', 'Check in', '14:00:00', '14:14:00', 367, 1),
(1549, 'Relaxing and Shower/Free time', 'Rooms', 'Relaxing and Shower/Free time', '17:30:00', '18:30:00', 367, 1),
(1548, 'Welcome Party', 'Main Hall', 'Welcome Party', '20:30:00', '20:30:00', 367, 1),
(1547, 'Staff Presentation', 'Main Hall', 'Staff Presentation', '20:00:00', '20:30:00', 367, 1),
(1546, 'Campus Tour', 'Meeting at reception', 'Campus Tour', '17:00:00', '17:30:00', 367, 1),
(1433, 'Dinner', 'Refectory', 'Dinner', '18:30:00', '19:15:00', 351, 1),
(1432, 'Lunch', 'Refectory', 'Lunch', '13:00:00', '13:45:00', 351, 1),
(1428, 'Swimming ', 'Swimming pool', 'Swimming ', '20:30:00', '22:30:00', 350, 1),
(1427, 'Relaxing and Shower/Free time', 'Rooms', 'Relaxing and Shower/Free time', '17:30:00', '18:30:00', 350, 1),
(1426, 'Full Day Excursion', 'Coach meeting point', 'Full Day Excursion Oxford', '08:30:00', '18:30:00', 350, 1),
(1423, 'Swimming ', 'Swimming pool', 'Swimming ', '20:30:00', '22:30:00', 349, 1),
(1424, 'Packed Lunch', 'Collection at Refectory', 'Packed Lunch', '13:00:00', '13:45:00', 350, 1),
(1425, 'Breakfast', 'Refectory', 'Breakfast', '08:00:00', '09:00:00', 350, 1),
(1422, 'Relaxing and Shower/Free time', 'Rooms', 'Relaxing and Shower/Free time', '17:30:00', '18:30:00', 349, 1),
(1420, 'Breakfast', 'Refectory', 'Breakfast', '08:00:00', '09:00:00', 349, 1),
(1421, 'Full Day Excursion', 'Coach meeting point', 'Full Day Excursion London', '08:30:00', '18:30:00', 349, 1),
(1419, 'Packed Lunch', 'Collection at Refectory', 'Packed Lunch', '13:00:00', '13:45:00', 349, 1),
(1416, 'Dinner', 'Refectory', 'Dinner', '18:30:00', '19:15:00', 348, 1),
(1417, 'Breakfast', 'Refectory', 'Breakfast', '08:00:00', '09:00:00', 348, 1),
(1418, 'Disco', 'Main Hall', 'Disco', '20:30:00', '22:30:00', 348, 1),
(1415, 'Lunch', 'Refectory', 'Lunch', '13:00:00', '13:45:00', 348, 1),
(1414, 'Lesson', 'Class', 'Lesson', '09:00:00', '09:30:00', 348, 1),
(1413, 'Rugby Academy', 'Grass field', 'Rugby Academy', '14:30:00', '17:00:00', 348, 1),
(1411, 'Football Academy', 'Astroturf', 'Football Academy', '14:30:00', '17:00:00', 348, 1),
(1412, 'Dance Academy', 'Dancing Studio', 'Dance Academy', '14:30:00', '17:00:00', 348, 1),
(1410, 'Excursion Presentation ', 'Main Hall', 'Excursion Presentation', '14:00:00', '14:45:00', 348, 1),
(1408, 'Swimming ', 'Swimming pool', 'Swimming ', '14:30:00', '17:00:00', 347, 1),
(1409, 'Relaxing and Shower/Free time', 'Rooms', 'Relaxing and Shower/Free time', '17:30:00', '18:30:00', 348, 1),
(1407, 'Sport Organized by PLUS Staff', 'Sport Hall', 'Sport', '14:30:00', '17:00:00', 347, 1),
(1406, 'Relaxing and Shower/Free time', 'Rooms', 'Relaxing and Shower/Free time', '17:30:00', '18:30:00', 347, 1),
(1401, 'Lesson', 'Class', 'Lesson', '09:00:00', '09:30:00', 346, 1),
(1855, 'Full Day Excursion', 'dfsdf', 'Football Academy', '08:00:00', '09:00:00', 347, 1),
(1403, 'Lunch', 'Refectory', 'Lunch', '13:00:00', '13:45:00', 347, 1),
(1404, 'Dinner', 'Refectory', 'Dinner', '18:30:00', '19:15:00', 347, 1),
(1399, 'Lunch', 'Refectory', 'Lunch', '13:00:00', '13:45:00', 346, 1),
(1400, 'Breakfast', 'Refectory', 'Breakfast', '08:00:00', '09:00:00', 346, 1),
(1398, 'Dinner', 'Refectory', 'Dinner', '18:30:00', '19:15:00', 346, 1),
(1397, 'Disco', 'Main Hall', 'Disco', '20:30:00', '22:30:00', 346, 1),
(1395, 'Dance Academy', 'Dancing Studio', 'Dance Academy', '14:30:00', '17:00:00', 346, 1),
(1396, 'Rugby Academy', 'Grass field', 'Rugby Academy', '14:30:00', '17:00:00', 346, 1),
(1394, 'Football Academy', 'Astroturf', 'Football Academy', '14:30:00', '17:00:00', 346, 1),
(1393, 'Relaxing and Shower/Free time', 'Rooms', 'Relaxing and Shower/Free time', '17:30:00', '18:30:00', 346, 1),
(1392, 'Relaxing and Shower/Free time', 'Rooms', 'Relaxing and Shower/Free time', '17:30:00', '18:30:00', 345, 1),
(1391, 'Welcome Party', 'Main Hall', 'Welcome Party', '20:30:00', '20:30:00', 345, 1),
(1390, 'Staff Presentation', 'Main Hall', 'Staff Presentation', '20:00:00', '20:30:00', 345, 1),
(1389, 'Campus Tour', 'Meeting at reception', 'Campus Tour', '17:00:00', '17:30:00', 345, 1),
(1388, 'Group Departure', 'Coach meeting point', 'Group departure', '12:30:00', '13:00:00', 345, 1),
(1387, 'Check out', 'Reception', 'Check out', '06:00:00', '06:00:00', 345, 1),
(1386, 'Group Arrival', 'Main Campus', 'Group Arrival', '14:00:00', '14:05:00', 345, 1),
(1385, 'Check in', 'Reception', 'Check in', '14:00:00', '14:14:00', 345, 1),
(1544, 'Breakfast', 'Refectory', 'Breakfast', '08:00:00', '09:00:00', 366, 1),
(1545, 'Lunch', 'Refectory', 'Lunch', '13:00:00', '13:45:00', 366, 1),
(1686, 'Packed Lunch', 'Collection at Refectory', 'Packed Lunch', '13:00:00', '13:45:00', 385, 1),
(1687, 'Dinner', 'Refectory', 'Dinner', '18:30:00', '19:15:00', 385, 1),
(1688, 'Full Day Excursion', 'Coach meeting point', 'Full Day Excursion London', '08:30:00', '18:30:00', 385, 1),
(1689, 'Relaxing and Shower/Free time', 'Rooms', 'Relaxing and Shower/Free time', '17:30:00', '18:30:00', 385, 1),
(1690, 'Swimming ', 'Swimming pool', 'Swimming ', '20:30:00', '22:30:00', 385, 1),
(1691, 'Full Day Excursion', 'Coach meeting point', 'Full Day Excursion Oxford', '08:30:00', '18:30:00', 386, 1),
(1692, 'Relaxing and Shower/Free time', 'Rooms', 'Relaxing and Shower/Free time', '17:30:00', '18:30:00', 386, 1),
(1693, 'Disco', 'Main Hall', 'Disco', '20:30:00', '22:30:00', 386, 1),
(1694, 'Breakfast', 'Refectory', 'Breakfast', '08:00:00', '09:00:00', 386, 1),
(1695, 'Packed Lunch', 'Collection at Refectory', 'Packed Lunch', '13:00:00', '13:45:00', 386, 1),
(1696, 'Dinner', 'Refectory', 'Dinner', '18:30:00', '19:15:00', 386, 1),
(1697, 'Breakfast', 'Refectory', 'Breakfast', '08:00:00', '09:00:00', 387, 1),
(1698, 'Lunch', 'Refectory', 'Lunch', '13:00:00', '13:45:00', 387, 1),
(1699, 'Dinner', 'Refectory', 'Dinner', '18:30:00', '19:15:00', 387, 1),
(1700, 'Lesson', 'Class', 'Lesson', '09:00:00', '09:30:00', 387, 1),
(1701, 'Relaxing and Shower/Free time', 'Rooms', 'Relaxing and Shower/Free time', '17:30:00', '18:30:00', 387, 1),
(1702, 'Football Academy', 'Astroturf', 'Football Academy', '14:30:00', '17:00:00', 387, 1),
(1703, 'Dance Academy', 'Dancing Studio', 'Dance Academy', '14:30:00', '17:00:00', 387, 1),
(1704, 'Rugby Academy', 'Grass field', 'Rugby Academy', '14:30:00', '17:00:00', 387, 1),
(1705, 'Relaxing and Shower/Free time', 'Rooms', 'Relaxing and Shower/Free time', '17:30:00', '18:30:00', 388, 1),
(1706, 'Students'' Questionnaire', 'Class', 'Students'' Questionnaire', '12:30:00', '13:00:00', 388, 1),
(1707, 'Disco', 'Main Hall', 'Disco', '20:30:00', '22:30:00', 388, 1),
(1708, 'Sport Organized by PLUS Staff', 'Sport Hall', 'Team building games', '14:30:00', '17:00:00', 388, 1),
(1709, 'Swimming ', 'Swimming pool', 'Swimming ', '14:30:00', '17:00:00', 388, 1),
(1710, 'Breakfast', 'Refectory', 'Breakfast', '08:00:00', '09:00:00', 388, 1),
(1711, 'Lunch', 'Refectory', 'Lunch', '13:00:00', '13:45:00', 388, 1),
(1712, 'Dinner', 'Refectory', 'Dinner', '18:30:00', '19:15:00', 388, 1),
(1713, 'Lesson', 'Class', 'Lesson', '09:00:00', '09:30:00', 388, 1),
(1714, 'Breakfast', 'Refectory', 'Breakfast', '08:00:00', '09:00:00', 389, 1),
(1715, 'Lunch', 'Refectory', 'Lunch', '13:00:00', '13:45:00', 389, 1),
(1716, 'Dinner', 'Refectory', 'Dinner', '18:30:00', '19:15:00', 389, 1),
(1717, 'Lesson', 'Class', 'Lesson', '09:00:00', '09:30:00', 389, 1),
(1718, 'Relaxing and Shower/Free time', 'Rooms', 'Relaxing and Shower/Free time', '17:30:00', '18:30:00', 389, 1),
(1719, 'Football Academy', 'Astroturf', 'Football Academy', '14:30:00', '17:00:00', 389, 1),
(1720, 'Dance Academy', 'Dancing Studio', 'Dance Academy', '14:30:00', '17:00:00', 389, 1),
(1721, 'Rugby Academy', 'Grass field', 'Rugby Academy', '14:30:00', '17:00:00', 389, 1),
(1722, 'Dinner', 'Refectory', 'Dinner', '18:30:00', '19:15:00', 390, 1),
(1723, 'Lesson', 'Class', 'Lesson', '09:00:00', '09:30:00', 390, 1),
(1724, 'Relaxing and Shower/Free time', 'Rooms', 'Relaxing and Shower/Free time', '17:30:00', '18:30:00', 390, 1),
(1725, 'Disco', 'Main Hall', 'Disco', '20:30:00', '22:30:00', 390, 1),
(1726, 'Breakfast', 'Refectory', 'Breakfast', '08:00:00', '09:00:00', 390, 1),
(1727, 'Lunch', 'Refectory', 'Lunch', '13:00:00', '13:45:00', 390, 1),
(1728, 'Breakfast', 'Refectory', 'Breakfast', '08:00:00', '09:00:00', 391, 1),
(1729, 'Lunch', 'Refectory', 'Lunch', '13:00:00', '13:45:00', 391, 1),
(1730, 'Dinner', 'Refectory', 'Dinner', '18:30:00', '19:15:00', 391, 1),
(1731, 'Lesson', 'Class', 'Lesson', '09:00:00', '09:30:00', 391, 1),
(1732, 'Relaxing and Shower/Free time', 'Rooms', 'Relaxing and Shower/Free time', '17:30:00', '18:30:00', 391, 1),
(1733, 'Excursion Presentation ', 'Main Hall', 'Excursion Presentation', '14:00:00', '14:45:00', 391, 1),
(1734, 'Football Academy', 'Astroturf', 'Football Academy', '14:30:00', '17:00:00', 391, 1),
(1735, 'Dance Academy', 'Dancing Studio', 'Dance Academy', '14:30:00', '17:00:00', 391, 1),
(1736, 'Rugby Academy', 'Grass field', 'Rugby Academy', '14:30:00', '17:00:00', 391, 1),
(1737, 'Breakfast', 'Refectory', 'Breakfast', '08:00:00', '09:00:00', 392, 1),
(1738, 'Packed Lunch', 'Collection at Refectory', 'Packed Lunch', '13:00:00', '13:45:00', 392, 1),
(1739, 'Dinner', 'Refectory', 'Dinner', '18:30:00', '19:15:00', 392, 1),
(1740, 'Full Day Excursion', 'Coach meeting point', 'Full Day Excursion Portsmouth', '08:30:00', '18:30:00', 392, 1),
(1741, 'Relaxing and Shower/Free time', 'Rooms', 'Relaxing and Shower/Free time', '17:30:00', '18:30:00', 392, 1),
(1742, 'Breakfast', 'Refectory', 'Breakfast', '08:00:00', '09:00:00', 393, 1),
(1743, 'Packed Lunch', 'Collection at Refectory', 'Packed Lunch', '13:00:00', '13:45:00', 393, 1),
(1744, 'Dinner', 'Refectory', 'Dinner', '18:30:00', '19:15:00', 393, 1),
(1745, 'Full Day Excursion', 'Coach meeting point', 'Full Day Excursion London', '08:30:00', '18:30:00', 393, 1),
(1746, 'Relaxing and Shower/Free time', 'Rooms', 'Relaxing and Shower/Free time', '17:30:00', '18:30:00', 393, 1),
(1747, 'Breakfast', 'Refectory', 'Breakfast', '08:00:00', '09:00:00', 394, 1),
(1748, 'Lunch', 'Refectory', 'Lunch', '13:00:00', '13:45:00', 394, 1),
(1751, 'Relaxing and Shower/Free time', 'Rooms', 'Relaxing and Shower/Free time', '17:30:00', '18:30:00', 395, 1),
(1752, 'Check in', 'Reception', 'Check in', '14:00:00', '14:14:00', 395, 1),
(1753, 'Group Arrival', 'Main Campus', 'Group Arrival', '14:00:00', '14:05:00', 395, 1),
(1860, 'Breakfast', 'Reception', 'Breakfast', '08:00:00', '09:00:00', 439, 1),
(1755, 'Group Departure', 'Coach meeting point', 'Group departure', '12:30:00', '13:00:00', 395, 1),
(1756, 'Campus Tour', 'Meeting at reception', 'Campus Tour', '17:00:00', '17:30:00', 395, 1),
(1757, 'Staff Presentation', 'Main Hall', 'Staff Presentation', '20:00:00', '20:30:00', 395, 1),
(1758, 'Football Academy', 'Astroturf', 'Football Academy', '14:30:00', '17:00:00', 396, 1),
(1759, 'Dance Academy', 'Dancing Studio', 'Dance Academy', '14:30:00', '17:00:00', 396, 1),
(1760, 'Rugby Academy', 'Grass field', 'Rugby Academy', '14:30:00', '17:00:00', 396, 1),
(1761, 'Breakfast', 'Refectory', 'Breakfast', '08:00:00', '09:00:00', 396, 1),
(1762, 'Lunch', 'Refectory', 'Lunch', '13:00:00', '13:45:00', 396, 1),
(1763, 'Dinner', 'Refectory', 'Dinner', '18:30:00', '19:15:00', 396, 1),
(1764, 'Lesson', 'Class', 'Lesson', '09:00:00', '09:30:00', 396, 1),
(1765, 'Relaxing and Shower/Free time', 'Rooms', 'Relaxing and Shower/Free time', '17:30:00', '18:30:00', 396, 1),
(1766, 'Disco', 'Main Hall', 'Disco', '20:30:00', '22:30:00', 396, 1),
(1767, 'Breakfast', 'Refectory', 'Breakfast', '08:00:00', '09:00:00', 397, 1),
(1768, 'Lunch', 'Refectory', 'Lunch', '13:00:00', '13:45:00', 397, 1),
(1769, 'Dinner', 'Refectory', 'Dinner', '18:30:00', '19:15:00', 397, 1),
(1770, 'Lesson', 'Class', 'Lesson', '09:00:00', '09:30:00', 397, 1),
(1771, 'Relaxing and Shower/Free time', 'Rooms', 'Relaxing and Shower/Free time', '17:30:00', '18:30:00', 397, 1),
(1772, 'Sport ', 'Astroturf', 'Sport', '14:30:00', '17:00:00', 397, 1),
(1773, 'Swimming ', 'Swimming pool', 'Swimming ', '14:30:00', '17:00:00', 397, 1),
(1774, 'Football Academy', 'Astroturf', 'Football Academy', '14:30:00', '17:00:00', 398, 1),
(1775, 'Dance Academy', 'Dancing Studio', 'Dance Academy', '14:30:00', '17:00:00', 398, 1),
(1776, 'Rugby Academy', 'Grass field', 'Rugby Academy', '14:30:00', '17:00:00', 398, 1),
(1777, 'Breakfast', 'Refectory', 'Breakfast', '08:00:00', '09:00:00', 398, 1),
(1778, 'Lunch', 'Refectory', 'Lunch', '13:00:00', '13:45:00', 398, 1),
(1779, 'Dinner', 'Refectory', 'Dinner', '18:30:00', '19:15:00', 398, 1),
(1780, 'Lesson', 'Class', 'Lesson', '09:00:00', '09:30:00', 398, 1),
(1781, 'Relaxing and Shower/Free time', 'Rooms', 'Relaxing and Shower/Free time', '17:30:00', '18:30:00', 398, 1),
(1782, 'Excursion Presentation ', 'Main Hall', 'Excursion Presentation', '14:00:00', '14:45:00', 398, 1),
(1783, 'Disco', 'Main Hall', 'Disco', '20:30:00', '22:30:00', 398, 1),
(1784, 'Breakfast', 'Refectory', 'Breakfast', '08:00:00', '09:00:00', 399, 1),
(1785, 'Packed Lunch', 'Collection at Refectory', 'Packed Lunch', '13:00:00', '13:45:00', 399, 1),
(1786, 'Dinner', 'Refectory', 'Dinner', '18:30:00', '19:15:00', 399, 1),
(1787, 'Full Day Excursion', 'Coach meeting point', 'Full Day Excursion London', '08:30:00', '18:30:00', 399, 1),
(1788, 'Relaxing and Shower/Free time', 'Rooms', 'Relaxing and Shower/Free time', '17:30:00', '18:30:00', 399, 1),
(1789, 'Swimming ', 'Swimming pool', 'Swimming ', '20:30:00', '22:30:00', 399, 1),
(1790, 'Full Day Excursion', 'Coach meeting point', 'Full Day Excursion Oxford', '08:30:00', '18:30:00', 400, 1),
(1791, 'Relaxing and Shower/Free time', 'Rooms', 'Relaxing and Shower/Free time', '17:30:00', '18:30:00', 400, 1),
(1792, 'Disco', 'Main Hall', 'Disco', '20:30:00', '22:30:00', 400, 1),
(1793, 'Breakfast', 'Refectory', 'Breakfast', '08:00:00', '09:00:00', 400, 1),
(1794, 'Packed Lunch', 'Collection at Refectory', 'Packed Lunch', '13:00:00', '13:45:00', 400, 1),
(1795, 'Dinner', 'Refectory', 'Dinner', '18:30:00', '19:15:00', 400, 1),
(1796, 'Breakfast', 'Refectory', 'Breakfast', '08:00:00', '09:00:00', 401, 1),
(1797, 'Lunch', 'Refectory', 'Lunch', '13:00:00', '13:45:00', 401, 1),
(1798, 'Dinner', 'Refectory', 'Dinner', '18:30:00', '19:15:00', 401, 1),
(1799, 'Lesson', 'Class', 'Lesson', '09:00:00', '09:30:00', 401, 1),
(1800, 'Relaxing and Shower/Free time', 'Rooms', 'Relaxing and Shower/Free time', '17:30:00', '18:30:00', 401, 1),
(1801, 'Football Academy', 'Astroturf', 'Football Academy', '14:30:00', '17:00:00', 401, 1),
(1802, 'Dance Academy', 'Dancing Studio', 'Dance Academy', '14:30:00', '17:00:00', 401, 1),
(1803, 'Rugby Academy', 'Grass field', 'Rugby Academy', '14:30:00', '17:00:00', 401, 1),
(1804, 'Relaxing and Shower/Free time', 'Rooms', 'Relaxing and Shower/Free time', '17:30:00', '18:30:00', 402, 1),
(1805, 'Students'' Questionnaire', 'Class', 'Students'' Questionnaire', '12:30:00', '13:00:00', 402, 1),
(1806, 'Disco', 'Main Hall', 'Disco', '20:30:00', '22:30:00', 402, 1),
(1807, 'Sport Organized by PLUS Staff', 'Sport Hall', 'Team building games', '14:30:00', '17:00:00', 402, 1),
(1808, 'Swimming ', 'Swimming pool', 'Swimming ', '14:30:00', '17:00:00', 402, 1),
(1809, 'Breakfast', 'Refectory', 'Breakfast', '08:00:00', '09:00:00', 402, 1),
(1810, 'Lunch', 'Refectory', 'Lunch', '13:00:00', '13:45:00', 402, 1),
(1811, 'Dinner', 'Refectory', 'Dinner', '18:30:00', '19:15:00', 402, 1),
(1812, 'Lesson', 'Class', 'Lesson', '09:00:00', '09:30:00', 402, 1),
(1813, 'Breakfast', 'Refectory', 'Breakfast', '08:00:00', '09:00:00', 403, 1),
(1814, 'Lunch', 'Refectory', 'Lunch', '13:00:00', '13:45:00', 403, 1),
(1815, 'Dinner', 'Refectory', 'Dinner', '18:30:00', '19:15:00', 403, 1),
(1816, 'Lesson', 'Class', 'Lesson', '09:00:00', '09:30:00', 403, 1),
(1817, 'Relaxing and Shower/Free time', 'Rooms', 'Relaxing and Shower/Free time', '17:30:00', '18:30:00', 403, 1),
(1818, 'Football Academy', 'Astroturf', 'Football Academy', '14:30:00', '17:00:00', 403, 1),
(1819, 'Dance Academy', 'Dancing Studio', 'Dance Academy', '14:30:00', '17:00:00', 403, 1),
(1820, 'Rugby Academy', 'Grass field', 'Rugby Academy', '14:30:00', '17:00:00', 403, 1),
(1821, 'Dinner', 'Refectory', 'Dinner', '18:30:00', '19:15:00', 404, 1),
(1822, 'Lesson', 'Class', 'Lesson', '09:00:00', '09:30:00', 404, 1),
(1823, 'Relaxing and Shower/Free time', 'Rooms', 'Relaxing and Shower/Free time', '17:30:00', '18:30:00', 404, 1),
(1824, 'Disco', 'Main Hall', 'Disco', '20:30:00', '22:30:00', 404, 1),
(1825, 'Breakfast', 'Refectory', 'Breakfast', '08:00:00', '09:00:00', 404, 1),
(1826, 'Lunch', 'Refectory', 'Lunch', '13:00:00', '13:45:00', 404, 1),
(1827, 'Breakfast', 'Refectory', 'Breakfast', '08:00:00', '09:00:00', 405, 1),
(1828, 'Lunch', 'Refectory', 'Lunch', '13:00:00', '13:45:00', 405, 1),
(1829, 'Dinner', 'Refectory', 'Dinner', '18:30:00', '19:15:00', 405, 1),
(1830, 'Lesson', 'Class', 'Lesson', '09:00:00', '09:30:00', 405, 1),
(1831, 'Relaxing and Shower/Free time', 'Rooms', 'Relaxing and Shower/Free time', '17:30:00', '18:30:00', 405, 1),
(1832, 'Excursion Presentation ', 'Main Hall', 'Excursion Presentation', '14:00:00', '14:45:00', 405, 1),
(1833, 'Football Academy', 'Astroturf', 'Football Academy', '14:30:00', '17:00:00', 405, 1),
(1834, 'Dance Academy', 'Dancing Studio', 'Dance Academy', '14:30:00', '17:00:00', 405, 1),
(1835, 'Rugby Academy', 'Grass field', 'Rugby Academy', '14:30:00', '17:00:00', 405, 1),
(1836, 'Breakfast', 'Refectory', 'Breakfast', '08:00:00', '09:00:00', 406, 1),
(1837, 'Packed Lunch', 'Collection at Refectory', 'Packed Lunch', '13:00:00', '13:45:00', 406, 1),
(1838, 'Dinner', 'Refectory', 'Dinner', '18:30:00', '19:15:00', 406, 1),
(1839, 'Full Day Excursion', 'Coach meeting point', 'Full Day Excursion Portsmouth', '08:30:00', '18:30:00', 406, 1),
(1840, 'Relaxing and Shower/Free time', 'Rooms', 'Relaxing and Shower/Free time', '17:30:00', '18:30:00', 406, 1),
(1841, 'Breakfast', 'Refectory', 'Breakfast', '08:00:00', '09:00:00', 407, 1),
(1842, 'Packed Lunch', 'Collection at Refectory', 'Packed Lunch', '13:00:00', '13:45:00', 407, 1),
(1843, 'Dinner', 'Refectory', 'Dinner', '18:30:00', '19:15:00', 407, 1),
(1844, 'Full Day Excursion', 'Coach meeting point', 'Full Day Excursion London', '08:30:00', '18:30:00', 407, 1),
(1845, 'Relaxing and Shower/Free time', 'Rooms', 'Relaxing and Shower/Free time', '17:30:00', '18:30:00', 407, 1),
(1846, 'Breakfast', 'Refectory', 'Breakfast', '08:00:00', '09:00:00', 408, 1),
(1847, 'Lunch', 'Refectory', 'Lunch', '13:00:00', '13:45:00', 408, 1),
(1848, 'Dinner', 'Refectory', 'Dinner', '18:30:00', '19:15:00', 408, 1),
(1849, 'Lesson', 'Class', 'Lesson', '09:00:00', '09:30:00', 408, 1),
(1850, 'Relaxing and Shower/Free time', 'Rooms', 'Relaxing and Shower/Free time', '17:30:00', '18:30:00', 408, 1),
(1851, 'Graduation Ceremony', 'Main Hall', 'Graduation Ceremony', '12:30:00', '13:00:00', 408, 1),
(1852, 'Breakfast', 'Refectory', 'Breakfast', '08:00:00', '09:00:00', 409, 1),
(1853, 'Lunch', 'Refectory', 'Lunch', '13:00:00', '13:45:00', 409, 1),
(1854, 'Check out', 'Reception', 'Check out', '08:00:00', '09:00:00', 395, 1),
(2694, 'Eating', 'Breakfast Room 1', 'Breakfast', '01:00:00', '02:03:00', 565, 2),
(2023, 'Check in', 'Reception', 'Check in', '14:00:00', '14:15:00', 476, 1),
(2024, 'Campus Tour', 'Meeting at Plus Office', 'Campus Tour', '17:00:00', '17:30:00', 476, 1),
(2025, 'Staff presentation', 'TBA', 'Staff presentation', '20:00:00', '20:30:00', 476, 1),
(2026, 'Welcome Party', 'TBA', 'Welcome Party', '20:30:00', '21:30:00', 476, 1),
(2027, 'Relax & Free time', 'Rooms', 'Relax & Free time', '17:30:00', '18:30:00', 477, 1),
(2028, 'Disco', 'TBC', 'Disco', '20:30:00', '21:30:00', 477, 1),
(2029, 'Breakfast', 'Refectory', 'Breakfast', '08:00:00', '09:00:00', 477, 1),
(2030, 'Lunch', 'Refectory', 'Lunch', '12:30:00', '13:30:00', 477, 1),
(2031, 'Dinner', 'Refectory', 'Dinner', '18:30:00', '19:30:00', 477, 1),
(2032, 'Lesson', 'Classroom', 'Lesson', '09:00:00', '12:30:00', 477, 1),
(2033, 'Football Academy', 'TBA', 'Football Academy', '14:30:00', '17:30:00', 477, 1),
(2034, 'Wellinghton College Presentation', 'TBA', 'Wellington College Presentation', '14:00:00', '14:45:00', 477, 1),
(2035, 'Dance Academy', 'TBA', 'Dance Academy', '14:30:00', '17:30:00', 477, 1),
(2036, 'Rugby Academy', 'TBA', 'Rugby Academy', '14:30:00', '17:30:00', 477, 1),
(2037, 'Breakfast', 'Refectory', 'Breakfast', '08:00:00', '09:00:00', 478, 1),
(2038, 'Lesson', 'Classroom', 'Lesson', '09:00:00', '12:30:00', 478, 1),
(2039, 'Lunch', 'Refectory', 'Lunch', '12:30:00', '13:30:00', 478, 1),
(2040, 'Dinner', 'Refectory', 'Dinner', '18:30:00', '19:30:00', 478, 1),
(2041, 'Relax & Free time', 'Rooms', 'Relax & Free time', '17:30:00', '18:30:00', 478, 1),
(2042, 'Breakfast', 'Refectory', 'Breakfast', '08:00:00', '09:00:00', 479, 1),
(2043, 'Lesson', 'Classroom', 'Lesson', '09:00:00', '12:30:00', 479, 1),
(2044, 'Lunch', 'Refectory', 'Lunch', '12:30:00', '13:30:00', 479, 1),
(2045, 'Dinner', 'Refectory', 'Dinner', '18:30:00', '19:30:00', 479, 1),
(2046, 'Excursion presentation ', 'TBA', 'Excursion presentation', '14:00:00', '14:45:00', 479, 1),
(2047, 'Relax & Free time', 'Rooms', 'Relax & Free time', '17:30:00', '18:30:00', 479, 1),
(2048, 'Lunch', 'Refectory', 'Lunch', '12:30:00', '13:30:00', 480, 1),
(2049, 'Lesson', 'Classroom', 'Lesson', '09:00:00', '12:30:00', 480, 1),
(2050, 'Breakfast', 'Refectory', 'Breakfast', '08:00:00', '09:00:00', 480, 1),
(2051, 'Dinner', 'Refectory', 'Dinner', '18:30:00', '19:30:00', 480, 1),
(2052, 'Relax & Free time', 'Rooms', 'Relax & Free time', '17:30:00', '18:30:00', 480, 1),
(2053, 'Breakfast', 'Refectory', 'Breakfast', '08:00:00', '09:00:00', 481, 1),
(2054, 'Dinner', 'Refectory', 'Dinner', '18:30:00', '19:30:00', 481, 1),
(2055, 'Relax & Free time', 'Rooms', 'Relax & Free time', '17:30:00', '18:30:00', 481, 1),
(2056, 'Meal Voucher', 'Collection from PLUS office', 'Meal Voucher', '08:00:00', '09:00:00', 481, 1),
(2057, 'Full Day Excursion', 'Coach meeting point', 'Full Day Excursion London', '08:15:00', '18:30:00', 481, 1),
(2058, 'Breakfast', 'Refectory', 'Breakfast', '08:00:00', '09:00:00', 482, 1),
(2059, 'Lesson', 'Classroom', 'Lesson', '09:00:00', '12:30:00', 482, 1),
(2060, 'Lunch', 'Refectory', 'Lunch', '12:30:00', '13:30:00', 482, 1),
(2061, 'Dinner', 'Refectory', 'Dinner', '18:30:00', '19:30:00', 482, 1),
(2062, 'Relax & Free time', 'Rooms', 'Relax & Free time', '17:30:00', '18:30:00', 482, 1),
(2063, 'Students'' Questionnaire', 'Classroom', 'Students'' questionnaires ', '12:30:00', '12:45:00', 483, 1),
(2064, 'Relax & Free time', 'Rooms', 'Relax & Free time', '17:30:00', '18:30:00', 483, 1),
(2065, 'Breakfast', 'Refectory', 'Breakfast', '08:00:00', '09:00:00', 483, 1),
(2066, 'Lesson', 'Classroom', 'Lesson', '09:00:00', '12:30:00', 483, 1),
(2067, 'Lunch', 'Refectory', 'Lunch', '12:30:00', '13:30:00', 483, 1),
(2068, 'Dinner', 'Refectory', 'Dinner', '18:30:00', '19:30:00', 483, 1),
(2069, 'Breakfast', 'Refectory', 'Breakfast', '08:00:00', '09:00:00', 484, 1),
(2070, 'Lesson', 'Classroom', 'Lesson', '09:00:00', '12:30:00', 484, 1),
(2071, 'Lunch', 'Refectory', 'Lunch', '12:30:00', '13:30:00', 484, 1),
(2072, 'Dinner', 'Refectory', 'Dinner', '18:30:00', '19:30:00', 484, 1),
(2073, 'Relax & Free time', 'Rooms', 'Relax & Free time', '17:30:00', '18:30:00', 484, 1),
(2074, 'Breakfast', 'Refectory', 'Breakfast', '08:00:00', '09:00:00', 485, 1),
(2075, 'Lesson', 'Classroom', 'Lesson', '09:00:00', '12:30:00', 485, 1),
(2076, 'Lunch', 'Refectory', 'Lunch', '12:30:00', '13:30:00', 485, 1),
(2077, 'Dinner', 'Refectory', 'Dinner', '18:30:00', '19:30:00', 485, 1),
(2078, 'Relax & Free time', 'Rooms', 'Relax & Free time', '17:30:00', '18:30:00', 485, 1),
(2079, 'Half Day Excursion', 'Coach meeting point', 'Half Day Excursion to Windsor + Entrance to Castle', '14:00:00', '18:30:00', 485, 1),
(2080, 'Dinner', 'Refectory', 'Dinner', '18:30:00', '19:30:00', 486, 1),
(2081, 'Excursion presentation ', 'TBA', 'Excursion presentation', '14:00:00', '14:45:00', 486, 1),
(2082, 'Relax & Free time', 'Rooms', 'Relax & Free time', '17:30:00', '18:30:00', 486, 1),
(2083, 'Breakfast', 'Refectory', 'Breakfast', '08:00:00', '09:00:00', 486, 1),
(2084, 'Lesson', 'Classroom', 'Lesson', '09:00:00', '12:30:00', 486, 1),
(2085, 'Lunch', 'Refectory', 'Lunch', '12:30:00', '13:30:00', 486, 1),
(2086, 'Lesson', 'Classroom', 'Lesson', '09:00:00', '12:30:00', 487, 1),
(2087, 'Breakfast', 'Refectory', 'Breakfast', '08:00:00', '09:00:00', 487, 1),
(2088, 'Dinner', 'Refectory', 'Dinner', '18:30:00', '19:30:00', 487, 1),
(2089, 'Relax & Free time', 'Rooms', 'Relax & Free time', '17:30:00', '18:30:00', 487, 1),
(2090, 'Meal Voucher', 'Collection from PLUS office', 'Meal Voucher', '08:00:00', '09:00:00', 488, 1),
(2091, 'Breakfast', 'Refectory', 'Breakfast', '08:00:00', '09:00:00', 488, 1),
(2092, 'Dinner', 'Refectory', 'Dinner', '18:30:00', '19:30:00', 488, 1),
(2093, 'Relax & Free time', 'Rooms', 'Relax & Free time', '17:30:00', '18:30:00', 488, 1),
(2094, 'Full Day Excursion', 'Coach meeting point', 'Full Day Excursion Oxford', '08:15:00', '18:30:00', 488, 1),
(2095, 'Breakfast', 'Refectory', 'Breakfast', '08:00:00', '09:00:00', 489, 1),
(2096, 'Lunch', 'Refectory', 'Lunch', '12:30:00', '13:30:00', 489, 1),
(2097, 'Check out', 'Rooms', 'Check out', '10:00:00', '10:15:00', 489, 1),
(2098, 'Graduation Ceremony', 'TBA', 'Graduation Ceremony', '12:00:00', '12:30:00', 489, 1),
(2099, 'Full Day Excursion', 'Coach meeting point', 'Full Day Excursion Warner Bros for 27 Pax ', '11:30:00', '20:30:00', 486, 1),
(2100, 'Warner Bros Entrance Ref 2264', 'Warner Bros', 'Warner Bros Ref 22 64 27 pax', '13:30:00', '17:00:00', 486, 1),
(2101, 'Check in', 'Reception', 'Check in', '14:00:00', '14:14:00', 490, 1),
(2102, 'Group Arrival', 'Main Campus', 'Group Arrival', '14:00:00', '14:05:00', 490, 1),
(2103, 'Campus Tour', 'Meeting at reception', 'Campus Tour', '17:00:00', '17:30:00', 490, 1),
(2104, 'Staff Presentation', 'Main School/ Mairlot Hall', 'Staff Presentation', '20:00:00', '20:30:00', 490, 1),
(2105, 'Relaxing and Shower/Free time', 'Rooms', 'Relaxing and Shower/Free time', '16:30:00', '18:30:00', 490, 1),
(2106, 'Welcome Night', 'Main School/ Mairlot Hall', 'Carousel Conversations', '20:30:00', '22:30:00', 490, 1),
(2107, 'Swimming ', 'Swimming pool', 'Swimming ', '20:30:00', '22:30:00', 491, 1),
(2108, 'Dinner', 'Refectory', 'Dinner', '18:30:00', '19:15:00', 491, 1),
(2109, 'Lunch', 'Refectory', 'Lunch', '13:00:00', '13:45:00', 491, 1),
(2110, 'Breakfast', 'Dining room', 'Breakfast', '08:00:00', '08:45:00', 491, 1),
(2111, 'Lesson', 'Class', 'Lesson', '09:00:00', '12:45:00', 491, 1),
(2112, 'Relaxing and Shower/Free time', 'Rooms', 'Relaxing and Shower/Free time', '16:30:00', '18:30:00', 491, 1),
(2113, 'Football Academy', 'Astroturf', 'Football Academy', '14:30:00', '16:30:00', 491, 1),
(2114, 'Dance Academy', 'Dance Studio', 'Dance Academy', '14:30:00', '16:30:00', 491, 1),
(2115, 'Rugby Academy', 'Grass field', 'Rugby Academy', '14:30:00', '16:30:00', 491, 1),
(2116, 'Disco', 'Main School/ Mairlot Hall', 'Disco', '20:30:00', '22:30:00', 491, 1),
(2117, 'Lunch', 'Refectory', 'Lunch', '13:00:00', '13:45:00', 492, 1),
(2118, 'Dinner', 'Refectory', 'Dinner', '18:30:00', '19:15:00', 492, 1),
(2119, 'Breakfast', 'Dining room', 'Breakfast', '08:00:00', '08:45:00', 492, 1),
(2120, 'Relaxing and Shower/Free time', 'Rooms', 'Relaxing and Shower/Free time', '16:30:00', '18:30:00', 492, 1),
(2121, 'Sport ', 'Sport Hall', 'Sport', '14:30:00', '18:00:00', 492, 1),
(2122, 'Swimming ', 'Swimming pool', 'Swimming ', '14:30:00', '18:00:00', 492, 1),
(2123, 'Team Challenges', 'Sport Hall', 'Team Challenges', '20:30:00', '22:30:00', 492, 1),
(2124, 'Lesson', 'Class', 'Lesson', '09:00:00', '12:45:00', 492, 1),
(2125, 'Lesson', 'Class', 'Lesson', '09:00:00', '12:45:00', 493, 1),
(2126, 'Lunch', 'Refectory', 'Lunch', '13:00:00', '13:45:00', 493, 1),
(2127, 'Dinner', 'Refectory', 'Dinner', '18:30:00', '19:15:00', 493, 1),
(2128, 'Breakfast', 'Dining room', 'Breakfast', '08:00:00', '08:45:00', 493, 1),
(2129, 'Disco', 'Main School/ Mairlot Hall', 'Disco', '20:30:00', '22:30:00', 493, 1),
(2130, 'Relaxing and Shower/Free time', 'Rooms', 'Relaxing and Shower/Free time', '16:30:00', '18:30:00', 493, 1),
(2131, 'Excursion Presentation ', 'Main Hall', 'Excursion Presentation', '14:00:00', '14:45:00', 493, 1),
(2132, 'Football Academy', 'Astroturf', 'Football Academy', '14:30:00', '16:30:00', 493, 1),
(2133, 'Rugby Academy', 'Grass field', 'Rugby Academy', '14:30:00', '16:30:00', 493, 1),
(2134, 'Dance Academy', 'Dance Studio', 'Dance Academy', '14:30:00', '16:30:00', 493, 1),
(2135, 'Swimming ', 'Swimming pool', 'Swimming ', '20:30:00', '22:30:00', 493, 1),
(2136, 'Full Day Excursion', 'Coach meeting point', 'Full Day Excursion London', '08:30:00', '18:30:00', 494, 1),
(2137, 'Relaxing and Shower/Free time', 'Rooms', 'Relaxing and Shower/Free time', '16:30:00', '18:30:00', 494, 1),
(2138, 'Swimming ', 'Swimming pool', 'Swimming ', '20:30:00', '22:30:00', 494, 1),
(2139, 'Quiz Night', 'Main School/ Mairlot Hall', 'Quiz Night', '20:30:00', '22:30:00', 494, 1),
(2140, 'Breakfast', 'Dining room', 'Breakfast', '08:00:00', '08:45:00', 494, 1),
(2141, 'Packed Lunch', 'Dining room', 'Packed Lunch', '08:00:00', '08:45:00', 494, 1),
(2142, 'Breakfast', 'Dining room', 'Breakfast', '08:00:00', '08:45:00', 495, 1),
(2143, 'Packed Lunch', 'Dining room', 'Packed Lunch', '08:00:00', '08:45:00', 495, 1),
(2144, 'Full Day Excursion', 'Coach meeting point', 'Full Day Excursion Oxford', '08:30:00', '18:30:00', 495, 1),
(2145, 'Relaxing and Shower/Free time', 'Rooms', 'Relaxing and Shower/Free time', '16:30:00', '18:30:00', 495, 1),
(2146, 'Swimming ', 'Swimming pool', 'Swimming ', '20:30:00', '22:30:00', 495, 1),
(2147, 'Movie Night', 'Main School/ Mairlot Hall', 'Movie Night', '20:30:00', '22:30:00', 495, 1),
(2148, 'Dinner', 'Refectory', 'Dinner', '18:30:00', '19:15:00', 496, 1),
(2149, 'Breakfast', 'Dining room', 'Breakfast', '08:00:00', '08:45:00', 496, 1),
(2150, 'Relaxing and Shower/Free time', 'Rooms', 'Relaxing and Shower/Free time', '16:30:00', '18:30:00', 496, 1),
(2151, 'Football Academy', 'Astroturf', 'Football Academy', '14:30:00', '16:30:00', 496, 1),
(2152, 'Rugby Academy', 'Grass field', 'Rugby Academy', '14:30:00', '16:30:00', 496, 1),
(2153, 'Dance Academy', 'Dance Studio', 'Dance Academy', '14:30:00', '16:30:00', 496, 1),
(2154, 'Swimming ', 'Swimming pool', 'Swimming ', '20:30:00', '22:30:00', 496, 1),
(2155, 'Picture Hunt', 'Sport Hall', 'Picture Hunt', '20:30:00', '22:30:00', 496, 1),
(2156, 'Lesson', 'Class', 'Lesson', '09:00:00', '12:45:00', 496, 1),
(2157, 'Lunch', 'Refectory', 'Lunch', '13:00:00', '13:45:00', 496, 1),
(2158, 'Lesson', 'Class', 'Lesson', '09:00:00', '12:45:00', 497, 1),
(2159, 'Lunch', 'Refectory', 'Lunch', '13:00:00', '13:45:00', 497, 1),
(2160, 'Dinner', 'Refectory', 'Dinner', '18:30:00', '19:15:00', 497, 1),
(2161, 'Breakfast', 'Dining room', 'Breakfast', '08:00:00', '08:45:00', 497, 1),
(2162, 'Relaxing and Shower/Free time', 'Rooms', 'Relaxing and Shower/Free time', '16:30:00', '18:30:00', 497, 1),
(2163, 'Students'' Questionnaire', 'Class', 'Students'' Questionnaire', '12:30:00', '13:00:00', 497, 1),
(2164, 'Disco', 'Main School/ Mairlot Hall', 'Disco - Fancy Dress', '20:30:00', '22:30:00', 497, 1),
(2165, 'Lesson', 'Class', 'Lesson', '14:30:00', '16:30:00', 497, 1),
(2166, 'Relaxing and Shower/Free time', 'Rooms', 'Relaxing and Shower/Free time', '16:30:00', '18:30:00', 498, 1),
(2167, 'Football Academy', 'Astroturf', 'Football Academy', '14:30:00', '16:30:00', 498, 1),
(2168, 'Rugby Academy', 'Grass field', 'Rugby Academy', '14:30:00', '16:30:00', 498, 1),
(2169, 'Dance Academy', 'Dance Studio', 'Dance Academy', '14:30:00', '16:30:00', 498, 1),
(2170, 'Swimming ', 'Swimming pool', 'Swimming ', '20:30:00', '22:30:00', 498, 1),
(2171, 'Karaoke', 'Main School/ Mairlot Hall', 'Karaoke', '20:30:00', '22:30:00', 498, 1),
(2172, 'Lesson', 'Class', 'Lesson', '09:00:00', '12:45:00', 498, 1),
(2173, 'Breakfast', 'Dining room', 'Breakfast', '08:00:00', '08:45:00', 498, 1),
(2174, 'Lunch', 'Refectory', 'Lunch', '13:00:00', '13:45:00', 498, 1),
(2175, 'Dinner', 'Refectory', 'Dinner', '18:30:00', '19:15:00', 498, 1),
(2176, 'Lesson', 'Class', 'Lesson', '09:00:00', '12:45:00', 499, 1),
(2177, 'Breakfast', 'Dining room', 'Breakfast', '08:00:00', '08:45:00', 499, 1),
(2178, 'Lunch', 'Refectory', 'Lunch', '13:00:00', '13:45:00', 499, 1),
(2179, 'Dinner', 'Refectory', 'Dinner', '18:30:00', '19:15:00', 499, 1),
(2180, 'Relaxing and Shower/Free time', 'Rooms', 'Relaxing and Shower/Free time', '16:30:00', '18:30:00', 499, 1),
(2181, 'Disco', 'Main School/ Mairlot Hall', 'Disco', '20:30:00', '22:30:00', 499, 1),
(2182, 'Swimming ', 'Swimming pool', 'Swimming ', '14:30:00', '18:00:00', 499, 1),
(2183, 'Sport ', 'Astroturf', 'Sport', '14:30:00', '18:00:00', 499, 1),
(2184, 'Team Challenges', 'Sport Hall', 'Team Challenges', '20:30:00', '22:30:00', 499, 1),
(2185, 'Rugby Academy', 'Grass field', 'Rugby Academy', '14:30:00', '16:30:00', 500, 1),
(2186, 'Dance Academy', 'Dance Studio', 'Dance Academy', '14:30:00', '16:30:00', 500, 1),
(2187, 'Talent Show', 'Main School/ Mairlot Hall', 'Talent Show', '20:30:00', '22:30:00', 500, 1),
(2188, 'Lesson', 'Class', 'Lesson', '09:00:00', '12:45:00', 500, 1),
(2189, 'Lunch', 'Refectory', 'Lunch', '13:00:00', '13:45:00', 500, 1),
(2190, 'Dinner', 'Refectory', 'Dinner', '18:30:00', '19:15:00', 500, 1),
(2191, 'Breakfast', 'Dining room', 'Breakfast', '08:00:00', '08:45:00', 500, 1),
(2192, 'Relaxing and Shower/Free time', 'Rooms', 'Relaxing and Shower/Free time', '16:30:00', '18:30:00', 500, 1),
(2193, 'Excursion Presentation ', 'Main Hall', 'Excursion Presentation', '14:00:00', '14:45:00', 500, 1),
(2194, 'Football Academy', 'Astroturf', 'Football Academy', '14:30:00', '16:30:00', 500, 1),
(2195, 'Dinner', 'Refectory', 'Dinner', '18:30:00', '19:15:00', 501, 1),
(2196, 'Breakfast', 'Dining room', 'Breakfast', '08:00:00', '08:45:00', 501, 1),
(2197, 'Full Day Excursion', 'Coach meeting point', 'Full Day Excursion Portsmouth', '08:30:00', '18:30:00', 501, 1),
(2198, 'Relaxing and Shower/Free time', 'Rooms', 'Relaxing and Shower/Free time', '16:30:00', '18:30:00', 501, 1),
(2199, 'Swimming ', 'Swimming pool', 'Swimming ', '20:30:00', '22:30:00', 501, 1),
(2200, 'Murder Mystery', 'Main School/ Mairlot Hall', 'Murder Mystery', '20:30:00', '22:30:00', 501, 1),
(2201, 'Packed Lunch', 'Dining room', 'Packed Lunch', '08:00:00', '08:45:00', 501, 1),
(2202, 'Relaxing and Shower/Free time', 'Rooms', 'Relaxing and Shower/Free time', '16:30:00', '18:30:00', 502, 1),
(2203, 'Bingo Night', 'Main School/ Mairlot Hall', 'Bingo Night', '20:30:00', '22:30:00', 502, 1),
(2204, 'Packed Lunch', 'Dining room', 'Packed Lunch', '08:00:00', '08:45:00', 502, 1),
(2205, 'Dinner', 'Refectory', 'Dinner', '18:30:00', '19:15:00', 502, 1),
(2206, 'Breakfast', 'Dining room', 'Breakfast', '08:00:00', '08:45:00', 502, 1),
(2207, 'Swimming ', 'Swimming pool', 'Swimming ', '20:30:00', '22:30:00', 502, 1),
(2208, 'Full Day Excursion', 'Coach meeting point', 'Full Day Excursion London', '08:30:00', '18:30:00', 502, 1),
(2209, 'Sport ', 'Sport Hall', 'Sport', '09:00:00', '12:45:00', 503, 1),
(2210, 'Breakfast', 'Dining room', 'Breakfast', '08:00:00', '08:45:00', 503, 1),
(2211, 'Lunch', 'Refectory', 'Lunch', '13:00:00', '13:45:00', 503, 1),
(2212, 'Dinner', 'Refectory', 'Dinner', '18:30:00', '19:15:00', 503, 1),
(2213, 'Graduation Ceremony', 'Main Hall', 'Graduation Ceremony Group A', '19:00:00', '19:30:00', 503, 1),
(2214, 'Relaxing and Shower/Free time', 'Rooms', 'Relaxing and Shower/Free time', '16:30:00', '18:30:00', 503, 1),
(2215, 'Graduation Ceremony', 'Main Hall', 'Graduation Ceremony Group B', '19:30:00', '20:00:00', 503, 1),
(2216, 'Sport Organized by PLUS Staff', 'Sport Hall', 'Team building games', '14:30:00', '16:30:00', 503, 1),
(2217, 'Swimming ', 'Swimming pool', 'Swimming ', '14:30:00', '16:30:00', 503, 1),
(2218, 'Team Sport', 'Sport Hall', 'Team Sport', '14:30:00', '18:00:00', 503, 1),
(2219, 'Quiz Night', 'Main School/ Mairlot Hall', 'Quiz Night', '20:30:00', '22:30:00', 503, 1),
(2220, 'Lunch', 'Refectory', 'Lunch', '13:00:00', '13:45:00', 504, 1),
(2221, 'Check out', 'Reception', 'Check out', '10:00:00', '10:10:00', 504, 1),
(2222, 'Group Departure', 'Coach meeting point', 'Group Departure', '15:00:00', '15:30:00', 504, 1),
(2223, 'Breakfast', 'Dining room', 'Breakfast', '08:00:00', '08:45:00', 504, 1),
(2226, 'EXCURSIONB', 'TAB', 'Excursion to ', '08:30:00', '18:30:00', 358, 1),
(2227, 'EXCURSIONB', 'TAB', 'Excursion to ', '08:30:00', '18:30:00', 359, 1),
(2305, 'Swimming ', 'Swimming pool', 'Swimming ', '20:30:00', '22:30:00', 513, 1),
(2307, 'Lesson', 'Class', 'Lesson', '09:00:00', '12:45:00', 514, 1),
(2308, 'Relaxing and Shower/Free time', 'Rooms', 'Relaxing and Shower/Free time', '16:30:00', '18:30:00', 514, 1),
(2309, 'Disco', 'Main School/ Mairlot Hall', 'Disco', '20:30:00', '22:30:00', 514, 1),
(2335, 'Packed Dinner', 'Refectory', 'Packed Dinner', '13:00:00', '13:45:00', 514, 1),
(2311, 'Swimming ', 'Swimming pool', 'Swimming ', '20:30:00', '22:30:00', 514, 1),
(2313, 'Breakfast', 'Dining room', 'Breakfast', '08:00:00', '08:45:00', 514, 1),
(2314, 'Lunch', 'Refectory', 'Lunch', '13:00:00', '13:45:00', 514, 1),
(2337, 'Full Day Excursion', 'Coach meeting point', 'Full Day Excursion Portsmouth', '14:30:00', '18:30:00', 515, 1),
(2339, 'Graduation Ceremony', 'Main Hall', 'Graduation Ceremony Group B', '20:00:00', '20:30:00', 515, 1),
(2317, 'Lunch', 'Refectory', 'Lunch', '13:00:00', '13:45:00', 515, 1),
(2342, 'Staff Presentation ', 'The Hub/Canteen area ', 'Welcome Meeting', '20:00:00', '20:30:00', 517, 1),
(2319, 'Lesson', 'Class', 'Lesson', '09:00:00', '12:45:00', 515, 1),
(2320, 'Relaxing and Shower/Free time', 'Rooms', 'Relaxing and Shower/Free time', '16:30:00', '18:30:00', 515, 1),
(2332, 'Full Day Excursion', 'Coach meeting point', 'Full Day Excursion London', '14:30:00', '22:30:00', 514, 1),
(2341, 'Campus Tour', 'Meeting at reception', 'Campus Tour', '17:00:00', '17:30:00', 517, 1),
(2338, 'Graduation Ceremony', 'Main Hall', 'Graduation Ceremony Group A', '19:00:00', '19:30:00', 515, 1),
(2325, 'Swimming ', 'Swimming pool', 'Swimming ', '20:30:00', '22:30:00', 515, 1),
(2326, 'Breakfast', 'Dining room', 'Breakfast', '08:00:00', '08:45:00', 515, 1),
(2327, 'Talent Show', 'Main School/ Mairlot Hall', 'Talent Show', '20:30:00', '22:30:00', 515, 1),
(2329, 'Check out', 'Reception', 'Check out', '10:00:00', '10:10:00', 516, 1),
(2330, 'Group Departure', 'Coach meeting point', 'Group Departure', '15:00:00', '15:30:00', 516, 1),
(2331, 'Breakfast', 'Dining room', 'Breakfast', '08:00:00', '08:45:00', 516, 1),
(2340, 'Dinner', 'Refectory', 'Dinner', '18:30:00', '19:15:00', 515, 1),
(2343, 'Relaxing and Shower/Free time', 'Rooms', 'Relaxing and Shower/Free time', '17:30:00', '18:30:00', 517, 1),
(2344, 'Carousel Conversation', 'The Hub', 'Carousel Conversation', '20:30:00', '22:30:00', 517, 1),
(2345, 'Dinner', 'The Hub', 'Dinner', '18:30:00', '19:30:00', 517, 1),
(2346, 'Check in', 'Reception', 'Check in', '14:00:00', '14:15:00', 517, 1),
(2347, 'Lunch', 'The Hub', 'Lunch', '13:00:00', '14:00:00', 518, 1),
(2348, 'Dinner', 'The Hub', 'Dinner', '18:30:00', '19:30:00', 518, 1),
(2349, 'Lesson', 'Class', 'Lesson', '09:00:00', '12:45:00', 518, 1),
(2350, 'Half Day ', 'Reception', 'Half Day Walking Tour Brighton', '14:30:00', '17:30:00', 518, 1),
(2351, 'Relaxing and Shower/Free time', 'Rooms', 'Relaxing and Shower/Free time', '17:30:00', '18:30:00', 518, 1),
(2352, 'Newspaper Fashion Show', 'The Hub', 'Newspaper Fashion Show', '20:30:00', '22:30:00', 518, 1),
(2353, 'Disco', 'The Hub/Top floor', 'Disco', '20:30:00', '22:30:00', 519, 1),
(2354, 'Relaxing and Shower/Free time', 'Rooms', 'Relaxing and Shower/Free time', '17:30:00', '18:30:00', 519, 1),
(2355, 'Breakfast', 'The Hub', 'Breakfast', '08:00:00', '09:00:00', 519, 1),
(2356, 'Lunch', 'The Hub', 'Lunch', '13:00:00', '14:00:00', 519, 1),
(2357, 'Dinner', 'The Hub', 'Dinner', '18:30:00', '19:30:00', 519, 1),
(2358, 'Lesson', 'Class', 'Lesson', '09:00:00', '12:45:00', 519, 1),
(2359, 'Lesson', 'Class', 'Lesson', '14:30:00', '17:30:00', 519, 1),
(2360, 'General Sport ', 'Sport Hall', 'Sport', '14:30:00', '17:30:00', 520, 1),
(2361, 'Football ', 'Synthetic Pitch', 'Football ', '14:30:00', '17:30:00', 520, 1),
(2362, 'Breakfast', 'The Hub', 'Breakfast', '08:00:00', '09:00:00', 520, 1),
(2363, 'Lunch', 'The Hub', 'Lunch', '13:00:00', '14:00:00', 520, 1),
(2364, 'Dinner', 'The Hub', 'Dinner', '18:30:00', '19:30:00', 520, 1),
(2365, 'Lesson', 'Class', 'Lesson', '09:00:00', '12:45:00', 520, 1),
(2366, 'Rounders', 'Grass Area', 'Rounders', '14:30:00', '17:30:00', 520, 1),
(2367, 'Half Day ', 'Reception', 'Half Day Walking Tour Brighton', '14:30:00', '17:30:00', 520, 1),
(2368, 'Excursion Presentation ', 'TBA', 'Excursion Presentation', '14:00:00', '14:30:00', 520, 1),
(2369, 'Relaxing and Shower/Free time', 'Rooms', 'Relaxing and Shower/Free time', '17:30:00', '18:30:00', 520, 1),
(2370, 'Team Challanges', 'The Hub', 'Team Challanges', '20:30:00', '22:30:00', 520, 1),
(2371, 'Dinner', 'The Hub', 'Dinner', '18:30:00', '19:30:00', 521, 1),
(2372, 'Quiz Night', 'The Hub', 'Quiz Night', '20:30:00', '22:30:00', 521, 1),
(2373, 'Meal Voucher ', 'Collection at PLUS Office', 'Meal Voucher', '13:00:00', '14:00:00', 521, 1),
(2374, 'Full Day Excursion to London', 'Meeting Point ', 'Full Day Excursion to London', '08:30:00', '18:30:00', 521, 1),
(2375, 'Early Breakfast', 'The Hub', 'Breakfast early pick up', '07:30:00', '08:30:00', 521, 1),
(2376, 'Pick up Packed Lunch', 'The Hub', 'Packed Lunch Pick up', '08:00:00', '09:00:00', 521, 1),
(2377, 'Full Day Excursion', 'Coach meeting point', 'Full Day Excursion Oxford', '08:30:00', '18:30:00', 522, 1),
(2378, 'Dinner', 'The Hub', 'Dinner', '18:30:00', '19:30:00', 522, 1),
(2379, 'Karaoke', 'The Hub', 'Karaoke', '14:30:00', '17:30:00', 522, 1),
(2380, 'Cinema', 'Cinema', 'Cinema', '14:30:00', '17:30:00', 522, 1),
(2381, 'Relaxing and Shower/Free time', 'Rooms', 'Relaxing and Shower/Free time', '17:30:00', '18:30:00', 522, 1),
(2382, '3 choices of movies', 'The Hub', 'Movie night', '20:30:00', '22:30:00', 522, 1),
(2383, 'Early Breakfast', 'The Hub', 'Breakfast early pick up', '07:30:00', '08:30:00', 522, 1),
(2384, 'Pick up Packed Lunch', 'The Hub', 'Packed Lunch Pick up', '08:00:00', '09:00:00', 522, 1),
(2385, 'Relaxing and Shower/Free time', 'Rooms', 'Relaxing and Shower/Free time', '17:30:00', '18:30:00', 523, 1),
(2386, 'Picture Hunt', 'The Hub', 'Picture Hunt', '20:30:00', '22:30:00', 523, 1),
(2387, 'Breakfast', 'The Hub', 'Breakfast', '08:00:00', '09:00:00', 523, 1),
(2388, 'Dinner', 'The Hub', 'Dinner', '18:30:00', '19:30:00', 523, 1),
(2389, 'Lunch', 'The Hub', 'Lunch', '13:00:00', '14:00:00', 523, 1),
(2390, 'Lesson', 'Class', 'Lesson', '09:00:00', '12:45:00', 523, 1),
(2391, 'Lesson', 'Class', 'Lesson', '14:30:00', '17:00:00', 523, 1),
(2392, 'Breakfast', 'The Hub', 'Breakfast', '08:00:00', '09:00:00', 524, 1),
(2393, 'Dinner', 'The Hub', 'Dinner', '18:30:00', '19:30:00', 524, 1),
(2394, 'Lunch', 'The Hub', 'Lunch', '13:00:00', '14:00:00', 524, 1),
(2395, 'Half Day ', 'Reception', 'Half Day Walking Tour Brighton', '14:30:00', '17:30:00', 524, 1),
(2396, 'General Sport ', 'Sport Hall', 'Sport', '09:00:00', '12:45:00', 524, 1),
(2397, 'Fancy Dress Disco', 'The Hub/Top floor', 'Disco', '20:30:00', '22:30:00', 524, 1),
(2398, 'Relaxing and Shower/Free time', 'Rooms', 'Relaxing and Shower/Free time', '17:30:00', '18:30:00', 524, 1),
(2399, 'Students'' Questionnaire', 'Class', 'Students'' Questionnaire', '12:45:00', '13:00:00', 524, 1),
(2400, 'Rounders', 'Grass Area', 'Rounders', '09:00:00', '12:45:00', 524, 1),
(2401, 'Football ', 'Synthetic Pitch', 'Football ', '09:00:00', '12:45:00', 524, 1),
(2402, 'Half Day ', 'Reception', 'Half Day Walking Tour Brighton', '14:30:00', '17:30:00', 525, 1),
(2403, 'Talent Show Practice', 'The Hub', 'Talent Show Practice', '20:30:00', '22:30:00', 525, 1),
(2404, 'Relaxing and Shower/Free time', 'Rooms', 'Relaxing and Shower/Free time', '17:30:00', '18:30:00', 525, 1),
(2405, 'Breakfast', 'The Hub', 'Breakfast', '08:00:00', '09:00:00', 525, 1),
(2406, 'Dinner', 'The Hub', 'Dinner', '18:30:00', '19:30:00', 525, 1),
(2407, 'Lunch', 'The Hub', 'Lunch', '13:00:00', '14:00:00', 525, 1),
(2408, 'Lesson', 'Class', 'Lesson', '09:00:00', '12:45:00', 525, 1),
(2409, 'Yellowave and Beach Sport ', 'Brighton Beach', 'Yellowave and Beach Sport ', '14:30:00', '17:30:00', 526, 1),
(2410, 'Breakfast', 'The Hub', 'Breakfast', '08:00:00', '09:00:00', 526, 1),
(2411, 'Lunch', 'The Hub', 'Lunch', '13:00:00', '14:00:00', 526, 1),
(2412, 'Dinner', 'The Hub', 'Dinner', '18:30:00', '19:30:00', 526, 1),
(2413, 'Lesson', 'Class', 'Lesson', '09:00:00', '12:45:00', 526, 1),
(2414, 'Rounders', 'Grass Area', 'Rounders', '14:30:00', '17:30:00', 526, 1),
(2415, 'General Sport ', 'Sport Hall', 'Sport', '14:30:00', '17:30:00', 526, 1),
(2416, 'Murder Mystery', 'The Hub/Top floor', 'Murder Mystery', '20:30:00', '22:30:00', 526, 1),
(2417, 'Relaxing and Shower/Free time', 'Rooms', 'Relaxing and Shower/Free time', '17:30:00', '18:30:00', 526, 1),
(2418, 'Football ', 'Synthetic Pitch', 'Football ', '14:30:00', '17:30:00', 526, 1),
(2419, 'Dinner', 'The Hub', 'Dinner', '18:30:00', '19:30:00', 527, 1);
INSERT INTO `frontweb_extra_day_activity_details` (`extra_day_activity_details_id`, `program_name`, `location`, `activity`, `from_time`, `to_time`, `extra_day_activity_id`, `extra_flag`) VALUES
(2420, 'Lunch', 'The Hub', 'Lunch', '13:00:00', '14:00:00', 527, 1),
(2421, 'Excursion Presentation ', 'TBA', 'Excursion Presentation', '14:00:00', '14:30:00', 527, 1),
(2422, 'Graduation Ceremony', 'TBA', 'Graduation Ceremony', '19:00:00', '19:30:00', 527, 1),
(2423, 'Karaoke', 'The Hub', 'Karaoke', '20:30:00', '22:30:00', 527, 1),
(2424, 'Breakfast', 'The Hub', 'Breakfast', '08:00:00', '09:00:00', 527, 1),
(2425, 'Half Day ', 'Reception', 'Half Day Walking Tour Brighton', '14:30:00', '17:30:00', 527, 1),
(2426, 'Relaxing and Shower/Free time', 'Rooms', 'Relaxing and Shower/Free time', '17:30:00', '18:30:00', 527, 1),
(2427, 'Lesson', 'Class', 'Lesson', '09:00:00', '12:45:00', 527, 1),
(2428, 'Bingo', 'The Hub', 'Bingo', '20:30:00', '22:30:00', 528, 1),
(2429, 'Full Day Excursion', 'Coach meeting point', 'Full Day Excursion Cambridge', '07:30:00', '18:30:00', 528, 1),
(2430, 'Relaxing and Shower/Free time', 'Rooms', 'Relaxing and Shower/Free time', '17:30:00', '18:30:00', 528, 1),
(2431, 'Early Breakfast', 'The Hub', 'Breakfast early pick up', '07:30:00', '08:30:00', 528, 1),
(2432, 'Dinner', 'The Hub', 'Dinner', '18:30:00', '19:30:00', 528, 1),
(2433, 'Pick up Packed Lunch', 'The Hub', 'Packed Lunch Pick up', '07:30:00', '08:30:00', 528, 1),
(2434, 'Meal Voucher ', 'Collection at PLUS Office', 'Meal Voucher', '13:00:00', '14:00:00', 529, 1),
(2435, 'Talent Show', 'The Hub', 'Talent Show', '20:00:00', '20:30:00', 529, 1),
(2436, 'Yellowwave and Beach Sport ', 'Brighton Beach', 'Yellowwave and Beach Sport ', '09:00:00', '11:00:00', 529, 1),
(2437, 'Dinner', 'The Hub', 'Dinner', '18:30:00', '19:30:00', 529, 1),
(2438, 'Full Day Excursion', 'Coach meeting point', 'Full Day Excursion London', '08:30:00', '18:30:00', 529, 1),
(2439, 'Breakfast', 'The Hub', 'Breakfast', '07:30:00', '08:30:00', 529, 1),
(2440, 'Disco', 'The Hub/Top floor', 'Disco', '20:30:00', '22:30:00', 529, 1),
(2441, 'Pick up Packed Lunch', 'The Hub', 'Packed Lunch Pick up', '07:30:00', '08:30:00', 529, 1),
(2442, 'Cinema', 'Cinema', 'Cinema', '14:30:00', '17:30:00', 529, 1),
(2443, 'Karaoke', 'The Hub', 'Karaoke', '14:30:00', '17:30:00', 529, 1),
(2444, 'Relaxing and Shower/Free time', 'Rooms', 'Relaxing and Shower/Free time', '17:30:00', '18:30:00', 529, 1),
(2445, 'Relaxing and Shower/Free time', 'Rooms', 'Relaxing and Shower/Free time', '17:30:00', '18:30:00', 530, 1),
(2446, 'Full Day Excursion', 'Coach meeting point', 'Full Day Excursion Portsmouth', '08:30:00', '18:30:00', 530, 1),
(2447, 'Dinner', 'The Hub', 'Dinner', '18:30:00', '19:30:00', 530, 1),
(2448, 'Group Departure STI', 'The Hub/ Coach meeting point', 'Group Departure STI', '15:00:00', '15:15:00', 530, 1),
(2449, 'Breakfast', 'The Hub', 'Breakfast', '07:30:00', '08:30:00', 530, 1),
(2450, 'Pick up Packed Lunch', 'The Hub', 'Packed Lunch Pick up', '07:30:00', '08:30:00', 530, 1),
(2451, '3 choices of movies', 'The Hub', 'Movie night', '20:30:00', '22:30:00', 530, 1),
(2452, 'Breakfast', 'The Hub', 'Breakfast', '08:00:00', '09:00:00', 531, 1),
(2453, 'Group Departure', 'The Hub/ Coach meeting point', 'Group Departure', '15:00:00', '15:15:00', 531, 1),
(2454, 'Check out', 'Rooms', 'Check out', '10:00:00', '10:15:00', 531, 1),
(2455, 'Relaxing and Shower/Free time', 'Rooms', 'Relaxing and Shower/Free time', '17:30:00', '18:30:00', 532, 1),
(2456, 'Group Departure', 'The Hub/ Coach meeting point', 'Group Departure', '15:00:00', '15:15:00', 532, 1),
(2457, 'Carousel Conversation', 'The Hub', 'Carousel Conversation', '20:30:00', '22:30:00', 532, 1),
(2458, 'Check in', 'Reception', 'Check in', '14:00:00', '14:15:00', 532, 1),
(2459, 'Campus Tour', 'Meeting at reception', 'Campus Tour', '17:00:00', '17:30:00', 532, 1),
(2460, 'Staff Presentation ', 'The Hub/Canteen area ', 'Staff Presentation', '20:00:00', '20:30:00', 532, 1),
(2461, 'Welcome Party', 'The Hub/Canteen', 'Welcome Party', '20:30:00', '22:30:00', 532, 1),
(2462, 'Lunch', 'Refectory', 'Lunch', '13:00:00', '14:00:00', 533, 1),
(2463, 'Dinner', 'Refectory', 'Dinner', '18:30:00', '19:30:00', 533, 1),
(2464, 'Lesson', 'Class', 'Lesson', '09:00:00', '12:45:00', 533, 1),
(2465, 'Half Day ', 'Reception', 'Half Day Walking Tour Brighton', '14:30:00', '17:30:00', 533, 1),
(2466, 'Relaxing and Shower/Free time', 'Rooms', 'Relaxing and Shower/Free time', '17:30:00', '18:30:00', 533, 1),
(2467, 'Newspaper Fashion Show', 'The Hub', 'Newspaper Fashion Show', '20:30:00', '22:30:00', 533, 1),
(2468, 'Breakfast', 'The Hub/Refectory', 'Breakfast', '08:00:00', '09:00:00', 533, 1),
(2469, 'Dinner', 'Refectory', 'Dinner', '18:30:00', '19:30:00', 534, 1),
(2470, 'Lesson', 'Class', 'Lesson', '09:00:00', '12:45:00', 534, 1),
(2471, 'Lesson', 'Class', 'Lesson', '14:30:00', '17:30:00', 534, 1),
(2472, 'Disco', 'The Hub/Top floor', 'Disco', '20:30:00', '22:30:00', 534, 1),
(2473, 'Relaxing and Shower/Free time', 'Rooms', 'Relaxing and Shower/Free time', '17:30:00', '18:30:00', 534, 1),
(2474, 'Breakfast', 'The Hub/Refectory', 'Breakfast', '08:00:00', '09:00:00', 534, 1),
(2475, 'Lunch', 'Refectory', 'Lunch', '13:00:00', '14:00:00', 534, 1),
(2476, 'Lunch', 'Refectory', 'Lunch', '13:00:00', '14:00:00', 535, 1),
(2477, 'Dinner', 'Refectory', 'Dinner', '18:30:00', '19:30:00', 535, 1),
(2478, 'Lesson', 'Class', 'Lesson', '09:00:00', '12:45:00', 535, 1),
(2479, 'Breakfast', 'The Hub/Refectory', 'Breakfast', '08:00:00', '09:00:00', 535, 1),
(2480, 'Half Day ', 'Reception', 'Half Day Walking Tour Brighton', '14:30:00', '17:30:00', 535, 1),
(2481, 'Excursion Presentation ', 'TBA', 'Excursion Presentation', '14:00:00', '14:30:00', 535, 1),
(2482, 'Relaxing and Shower/Free time', 'Rooms', 'Relaxing and Shower/Free time', '17:30:00', '18:30:00', 535, 1),
(2483, 'Team Challanges', 'The Hub', 'Team Challanges', '20:30:00', '22:30:00', 535, 1),
(2484, 'Packed Lunch', 'Collection at the Hub/Canteen', 'Packed Lunch', '08:00:00', '09:00:00', 536, 1),
(2485, 'Dinner', 'Refectory', 'Dinner', '18:30:00', '19:30:00', 536, 1),
(2486, 'Breakfast', 'The Hub/Refectory', 'Breakfast', '08:00:00', '09:00:00', 536, 1),
(2487, 'Full Day Excursion', 'Coach meeting point', 'Full Day Excursion London', '08:30:00', '18:30:00', 536, 1),
(2488, 'Relaxing and Shower/Free time', 'Rooms', 'Relaxing and Shower/Free time', '17:30:00', '18:30:00', 536, 1),
(2489, 'Quiz Night', 'The Hub', 'Quiz Night', '20:30:00', '22:30:00', 536, 1),
(2490, 'Dinner', 'Refectory', 'Dinner', '18:30:00', '19:30:00', 537, 1),
(2491, 'Breakfast', 'Refectory', 'Breakfast', '08:00:00', '09:00:00', 537, 1),
(2492, 'Sport ', 'Grass Area', 'Sport', '09:00:00', '12:45:00', 537, 1),
(2493, 'Sport ', 'Sport Hall', 'Sport', '09:00:00', '12:45:00', 537, 1),
(2494, 'Karaoke', 'The Hub', 'Karaoke', '14:30:00', '17:30:00', 537, 1),
(2495, 'Cinema', 'Cinema', 'Cinema', '14:30:00', '17:30:00', 537, 1),
(2496, 'Meal Voucher ', 'Collection at PLUS Office', 'Meal Voucher', '13:00:00', '14:00:00', 537, 1),
(2497, 'Relaxing and Shower/Free time', 'Rooms', 'Relaxing and Shower/Free time', '17:30:00', '18:30:00', 537, 1),
(2498, 'Shopping  in Town', 'In town', 'Shopping in Town', '09:00:00', '12:45:00', 537, 1),
(2499, '3 choices of movies', 'The Hub', 'Movie night', '20:30:00', '22:30:00', 537, 1),
(2500, 'Lunch', 'Refectory', 'Lunch', '13:00:00', '14:00:00', 538, 1),
(2501, 'Lesson', 'Class', 'Lesson', '09:00:00', '12:45:00', 538, 1),
(2502, 'Lesson', 'Class', 'Lesson', '14:30:00', '17:00:00', 538, 1),
(2503, 'Breakfast', 'The Hub/Refectory', 'Breakfast', '08:00:00', '09:00:00', 538, 1),
(2504, 'Relaxing and Shower/Free time', 'Rooms', 'Relaxing and Shower/Free time', '17:30:00', '18:30:00', 538, 1),
(2505, 'Picture Hunt', 'The Hub', 'Picture Hunt', '20:30:00', '22:30:00', 538, 1),
(2506, 'Dinner', 'Refectory', 'Dinner', '18:30:00', '19:30:00', 538, 1),
(2507, 'Dinner', 'Refectory', 'Dinner', '18:30:00', '19:30:00', 539, 1),
(2508, 'Lunch', 'Refectory', 'Lunch', '13:00:00', '14:00:00', 539, 1),
(2509, 'Breakfast', 'The Hub/Refectory', 'Breakfast', '08:00:00', '09:00:00', 539, 1),
(2510, 'Half Day ', 'Reception', 'Half Day Walking Tour Brighton', '14:30:00', '17:30:00', 539, 1),
(2511, 'General Sport ', 'Sport Hall', 'Sport', '09:00:00', '12:45:00', 539, 1),
(2512, 'Fancy Dress Disco', 'The Hub/Top floor', 'Disco', '20:30:00', '22:30:00', 539, 1),
(2513, 'Relaxing and Shower/Free time', 'Rooms', 'Relaxing and Shower/Free time', '17:30:00', '18:30:00', 539, 1),
(2514, 'Students'' Questionnaire', 'Class', 'Students'' Questionnaire', '12:45:00', '13:00:00', 539, 1),
(2515, 'Rounders', 'Grass Area', 'Rounders', '09:00:00', '12:45:00', 539, 1),
(2516, 'Football ', 'Synthetic Pitch', 'Football ', '09:00:00', '12:45:00', 539, 1),
(2517, 'Breakfast', 'The Hub/Refectory', 'Breakfast', '08:00:00', '09:00:00', 540, 1),
(2518, 'Lesson', 'Class', 'Lesson', '09:00:00', '12:45:00', 540, 1),
(2519, 'Half Day ', 'Reception', 'Half Day Walking Tour Brighton', '14:30:00', '17:30:00', 540, 1),
(2520, 'Karaoke', 'TBC', 'Karaoke', '20:30:00', '22:30:00', 540, 1),
(2521, 'Relaxing and Shower/Free time', 'Rooms', 'Relaxing and Shower/Free time', '17:30:00', '18:30:00', 540, 1),
(2522, 'Dinner', 'Refectory', 'Dinner', '18:30:00', '19:30:00', 540, 1),
(2523, 'Lunch', 'Refectory', 'Lunch', '13:00:00', '14:00:00', 540, 1),
(2524, 'Breakfast', 'The Hub/Refectory', 'Breakfast', '08:00:00', '09:00:00', 541, 1),
(2525, 'Lunch', 'Refectory', 'Lunch', '13:00:00', '14:00:00', 541, 1),
(2526, 'Dinner', 'Refectory', 'Dinner', '18:30:00', '19:30:00', 541, 1),
(2527, 'Lesson', 'Class', 'Lesson', '09:00:00', '12:45:00', 541, 1),
(2528, 'Rounders', 'Grass Area', 'Rounders', '14:30:00', '17:30:00', 541, 1),
(2529, 'General Sport ', 'Sport Hall', 'Sport', '14:30:00', '17:30:00', 541, 1),
(2530, 'Black and White Disco', 'The Hub/Top floor', 'Disco', '20:30:00', '22:30:00', 541, 1),
(2531, 'Yellowwave and Beach Sport ', 'Brighton Beach', 'Yellowwave and Beach Sport ', '09:00:00', '11:00:00', 541, 1),
(2532, 'Relaxing and Shower/Free time', 'Rooms', 'Relaxing and Shower/Free time', '17:30:00', '18:30:00', 541, 1),
(2533, 'Football ', 'Synthetic Pitch', 'Football ', '14:30:00', '17:30:00', 541, 1),
(2534, 'Relaxing and Shower/Free time', 'Rooms', 'Relaxing and Shower/Free time', '17:30:00', '18:30:00', 542, 1),
(2535, 'Half Day ', 'Reception', 'Half Day Walking Tour Brighton', '14:30:00', '17:30:00', 542, 1),
(2536, 'Graduation Ceremony', 'TBA', 'Graduation Ceremony', '19:00:00', '19:30:00', 542, 1),
(2537, 'Murder Mystery', 'The Hub', 'Murder Mystery', '20:30:00', '22:30:00', 542, 1),
(2538, 'Breakfast', 'The Hub/Refectory', 'Breakfast', '08:00:00', '09:00:00', 542, 1),
(2539, 'Lunch', 'Refectory', 'Lunch', '13:00:00', '14:00:00', 542, 1),
(2540, 'Dinner', 'Refectory', 'Dinner', '18:30:00', '19:30:00', 542, 1),
(2541, 'Lesson', 'Class', 'Lesson', '09:00:00', '12:45:00', 542, 1),
(2542, 'Excursion Presentation ', 'TBA', 'Excursion Presentation', '14:00:00', '14:30:00', 542, 1),
(2543, 'Breakfast', 'The Hub/Refectory', 'Breakfast', '08:00:00', '09:00:00', 543, 1),
(2544, 'Dinner', 'Refectory', 'Dinner', '18:30:00', '19:30:00', 543, 1),
(2545, 'Packed Lunch', 'Collection at the Hub/Canteen', 'Packed Lunch', '08:00:00', '09:00:00', 543, 1),
(2546, 'Full Day Excursion', 'Coach meeting point', 'Full Day Excursion Cambridge', '08:30:00', '18:30:00', 543, 1),
(2547, 'Relaxing and Shower/Free time', 'Rooms', 'Relaxing and Shower/Free time', '17:30:00', '18:30:00', 543, 1),
(2548, 'Talent Show', 'The Hub', 'Talent Show', '20:30:00', '22:30:00', 543, 1),
(2549, 'Relaxing and Shower/Free time', 'Rooms', 'Relaxing and Shower/Free time', '17:30:00', '18:30:00', 544, 1),
(2550, 'Sport ', 'Grass Area', 'Sport', '09:00:00', '12:45:00', 544, 1),
(2551, 'Cinema', 'Cinema', 'Cinema', '14:30:00', '17:30:00', 544, 1),
(2552, 'Karaoke', 'The Hub', 'Karaoke', '14:30:00', '17:30:00', 544, 1),
(2553, 'Shopping  in Town', 'In town', 'Shopping in Town', '09:00:00', '12:45:00', 544, 1),
(2554, 'Breakfast', 'The Hub/Refectory', 'Breakfast', '08:00:00', '09:00:00', 544, 1),
(2555, 'Dinner', 'Refectory', 'Dinner', '18:30:00', '19:30:00', 544, 1),
(2556, '3 choices of movies', 'The Hub', 'Movie night', '20:30:00', '22:30:00', 544, 1),
(2557, 'Sport ', 'Sport Hall', 'Sport', '09:00:00', '12:45:00', 544, 1),
(2558, 'Meal Voucher ', 'Collection at PLUS Office', 'Meal Voucher', '13:00:00', '14:00:00', 544, 1),
(2559, 'Breakfast', 'The Hub/Refectory', 'Breakfast', '08:00:00', '09:00:00', 545, 1),
(2560, 'Meal Voucher ', 'Collection at PLUS Office', 'Meal Voucher', '13:00:00', '14:00:00', 545, 1),
(2561, 'Dinner', 'Refectory', 'Dinner', '18:30:00', '19:30:00', 545, 1),
(2562, 'Full Day Excursion', 'Coach meeting point', 'Full Day Excursion London', '08:30:00', '18:30:00', 545, 1),
(2563, 'Relaxing and Shower/Free time', 'Rooms', 'Relaxing and Shower/Free time', '17:30:00', '18:30:00', 545, 1),
(2564, 'Disco', 'The Hub/Top floor', 'Disco', '20:30:00', '22:30:00', 545, 1),
(2565, 'Check out', 'Rooms', 'Check out', '10:00:00', '10:15:00', 546, 1),
(2566, 'Breakfast', 'The Hub/Refectory', 'Breakfast', '08:00:00', '09:00:00', 546, 1),
(2567, 'Group Departure', 'The Hub/ Coach meeting point', 'Group Departure', '15:00:00', '15:15:00', 546, 1),
(2693, 'Arrival', 'Campus', 'Arrival on campus', '03:04:00', '05:07:00', 563, 1),
(2692, 'Arrival', 'Campus', 'Arrival on campus', '01:00:00', '02:03:00', 563, 1),
(2691, 'test extra', 'test extra', 'test extra', '08:30:00', '18:30:00', 533, 2);

-- --------------------------------------------------------

--
-- Table structure for table `frontweb_extra_day_managed_by`
--

DROP TABLE IF EXISTS `frontweb_extra_day_managed_by`;
CREATE TABLE IF NOT EXISTS `frontweb_extra_day_managed_by` (
  `extra_day_managed_by_id` int(11) NOT NULL AUTO_INCREMENT COMMENT 'primary key',
  `managed_by_name` varchar(255) DEFAULT NULL,
  `type` tinyint(1) DEFAULT NULL COMMENT '1 : from dropdown & 2: from textbox',
  `extra_day_activity_details_id` int(11) NOT NULL COMMENT 'foreign key',
  PRIMARY KEY (`extra_day_managed_by_id`)
) ENGINE=MyISAM AUTO_INCREMENT=42 DEFAULT CHARSET=utf8;

--
-- Dumping data for table `frontweb_extra_day_managed_by`
--

INSERT INTO `frontweb_extra_day_managed_by` (`extra_day_managed_by_id`, `managed_by_name`, `type`, `extra_day_activity_details_id`) VALUES
(1, 'All staff', 1, 5),
(2, 'Academic staff', 1, 5),
(3, 'Operational staff', 1, 5),
(4, 'Sourav', 2, 5),
(5, 'All staff', 1, 6),
(6, 'Academic staff', 1, 6),
(7, 'Operational staff', 1, 6),
(8, 'Sourav', 2, 6),
(9, 'Abbi Baker', 1, 10),
(10, 'Abbie Morrison', 1, 10),
(11, 'Abdalla Moustafa', 1, 10),
(20, 'reterter', 2, 11),
(19, 'Adele McKenna', 1, 11),
(18, 'Adam Sawyers', 1, 11),
(17, 'Adam Kealy', 1, 11),
(21, 'reterterter', 2, 11),
(27, 'Academic staff', 1, 1556),
(30, 'All staff', 1, 1859),
(29, 'Academic staff', 1, 1854),
(35, 'Fdfsdfdfsdfsd', 2, 2367),
(36, 'Adam Green', 1, 2375),
(37, 'Abi Ekeolere', 1, 2375),
(38, 'Abbi Baker', 1, 2375),
(39, 'All staff', 1, 2375),
(40, 'XXXXX', 2, 2375),
(41, 'Fdfsdfdfsdfsd', 2, 2480);

-- --------------------------------------------------------

--
-- Table structure for table `frontweb_extra_master_activity`
--

DROP TABLE IF EXISTS `frontweb_extra_master_activity`;
CREATE TABLE IF NOT EXISTS `frontweb_extra_master_activity` (
  `extra_master_activity_id` int(11) NOT NULL AUTO_INCREMENT COMMENT 'primary key',
  `centre_id` int(11) DEFAULT NULL,
  `student_group` int(11) DEFAULT NULL,
  `group_reference_id` int(11) DEFAULT NULL,
  PRIMARY KEY (`extra_master_activity_id`)
) ENGINE=MyISAM AUTO_INCREMENT=36 DEFAULT CHARSET=utf8;

--
-- Dumping data for table `frontweb_extra_master_activity`
--

INSERT INTO `frontweb_extra_master_activity` (`extra_master_activity_id`, `centre_id`, `student_group`, `group_reference_id`) VALUES
(1, 3, 2, 2519),
(35, 6, 50, 1489),
(3, 67, 5, 2491),
(5, 36, 18, 2152),
(6, 36, 17, 2152),
(7, 36, 17, 2228),
(12, 36, 18, 2228),
(9, 36, 18, 2374),
(10, 36, 17, 2374),
(11, 21, 20, 2187),
(14, 52, 19, 2213),
(31, 52, 19, 2217),
(16, 52, 19, 2142),
(22, 52, 19, 2362),
(23, 52, 19, 2418),
(24, 52, 19, 2510),
(25, 3, 33, 2330),
(26, 3, 33, 2383),
(27, 3, 35, 2517),
(29, 53, 43, 2264),
(30, 52, 19, 2245),
(32, 67, 24, 2133),
(33, 67, 22, 2133);

-- --------------------------------------------------------

--
-- Table structure for table `frontweb_extra_section`
--

DROP TABLE IF EXISTS `frontweb_extra_section`;
CREATE TABLE IF NOT EXISTS `frontweb_extra_section` (
  `extra_section_id` int(11) NOT NULL AUTO_INCREMENT COMMENT 'primary key',
  `course_id` int(11) DEFAULT NULL,
  `name` varchar(255) DEFAULT NULL,
  `slug` varchar(255) DEFAULT NULL,
  PRIMARY KEY (`extra_section_id`)
) ENGINE=MyISAM AUTO_INCREMENT=6 DEFAULT CHARSET=utf8;

--
-- Dumping data for table `frontweb_extra_section`
--

INSERT INTO `frontweb_extra_section` (`extra_section_id`, `course_id`, `name`, `slug`) VALUES
(1, 1, 'Horse Riding', 'horse-riding'),
(2, 2, 'Golf Play', 'golf-play'),
(3, 1, 'New Year Program', 'new-year-program'),
(4, 1, 'Test section', 'test-section'),
(5, 1, 'Test extra section', 'test-extra-section');

-- --------------------------------------------------------

--
-- Table structure for table `frontweb_extra_section_content`
--

DROP TABLE IF EXISTS `frontweb_extra_section_content`;
CREATE TABLE IF NOT EXISTS `frontweb_extra_section_content` (
  `extra_section_content_id` int(11) NOT NULL AUTO_INCREMENT COMMENT 'primary key',
  `centre_id` int(11) DEFAULT NULL,
  `extra_section_id` int(11) NOT NULL COMMENT 'foreign key',
  `description` text,
  `file_name` varchar(255) DEFAULT NULL,
  PRIMARY KEY (`extra_section_content_id`)
) ENGINE=MyISAM AUTO_INCREMENT=9 DEFAULT CHARSET=utf8;

--
-- Dumping data for table `frontweb_extra_section_content`
--

INSERT INTO `frontweb_extra_section_content` (`extra_section_content_id`, `centre_id`, `extra_section_id`, `description`, `file_name`) VALUES
(1, 3, 1, 'Lorem Ipsum is simply dummy text of the printing and typesetting industry. Lorem Ipsum has been the industry''s standard dummy text ever since the 1500s, when an unknown printer took a galley of type and scrambled it to make a type specimen book. It has survived not only five centuries, but also the leap into electronic typesetting, remaining essentially unchanged. It was popularised in the 1960s with the release of Letraset sheets containing Lorem Ipsum passages, and more recently with desktop publishing software like Aldus PageMaker including versions of Lorem Ipsum.', '1518497346.pdf'),
(2, 3, 1, 'It is a long established fact that a reader will be distracted by the readable content of a page when looking at its layout. The point of using Lorem Ipsum is that it has a more-or-less normal distribution of letters, as opposed to using ''Content here, content here'', making it look like readable English.', '1518497376.pdf'),
(3, 1, 2, 'The standard chunk of Lorem Ipsum used since the 1500s is reproduced below for those interested. Sections 1.10.32 and 1.10.33 from "de Finibus Bonorum et Malorum" by Cicero are also reproduced in their exact original form, accompanied by English versions from the 1914 translation by H. Rackham.', '1518499032.pdf'),
(4, 3, 3, 'New year program details.', '1518500738.pdf'),
(5, 3, 4, 'test description', '1518510224.pdf'),
(6, 3, 5, 'test destails', '1518599651.pdf'),
(7, 14, 1, 'test now', '1519088608.pdf'),
(8, 3, 2, 'test now', '1519088862.pdf');

-- --------------------------------------------------------

--
-- Table structure for table `frontweb_fixed_day_activity`
--

DROP TABLE IF EXISTS `frontweb_fixed_day_activity`;
CREATE TABLE IF NOT EXISTS `frontweb_fixed_day_activity` (
  `fixed_day_activity_id` int(11) NOT NULL AUTO_INCREMENT COMMENT 'primary key',
  `master_activity_id` int(11) DEFAULT NULL COMMENT 'foreign key',
  `date` date DEFAULT NULL,
  PRIMARY KEY (`fixed_day_activity_id`)
) ENGINE=MyISAM AUTO_INCREMENT=1397 DEFAULT CHARSET=utf8;

--
-- Dumping data for table `frontweb_fixed_day_activity`
--

INSERT INTO `frontweb_fixed_day_activity` (`fixed_day_activity_id`, `master_activity_id`, `date`) VALUES
(1010, 27, '2018-07-07'),
(1009, 27, '2018-07-06'),
(1008, 27, '2018-07-05'),
(1007, 27, '2018-07-04'),
(1006, 26, '2018-08-14'),
(1005, 26, '2018-08-13'),
(1004, 26, '2018-08-12'),
(1003, 26, '2018-08-11'),
(1002, 26, '2018-08-10'),
(1001, 26, '2018-08-09'),
(1000, 26, '2018-08-08'),
(999, 26, '2018-08-07'),
(998, 26, '2018-08-06'),
(997, 26, '2018-08-05'),
(996, 26, '2018-08-04'),
(995, 26, '2018-08-03'),
(994, 26, '2018-08-02'),
(993, 26, '2018-08-01'),
(992, 26, '2018-07-31'),
(991, 26, '2018-07-30'),
(990, 26, '2018-07-29'),
(989, 26, '2018-07-28'),
(988, 26, '2018-07-27'),
(987, 26, '2018-07-26'),
(986, 26, '2018-07-25'),
(985, 26, '2018-07-24'),
(984, 26, '2018-07-23'),
(983, 26, '2018-07-22'),
(982, 26, '2018-07-21'),
(981, 26, '2018-07-20'),
(980, 26, '2018-07-19'),
(979, 26, '2018-07-18'),
(978, 26, '2018-07-17'),
(977, 26, '2018-07-16'),
(976, 26, '2018-07-15'),
(975, 26, '2018-07-14'),
(974, 26, '2018-07-13'),
(973, 26, '2018-07-12'),
(972, 26, '2018-07-11'),
(971, 26, '2018-07-10'),
(970, 26, '2018-07-09'),
(969, 26, '2018-07-08'),
(968, 26, '2018-07-07'),
(967, 26, '2018-07-06'),
(966, 26, '2018-07-05'),
(965, 26, '2018-07-04'),
(964, 26, '2018-07-03'),
(963, 25, '2018-08-14'),
(962, 25, '2018-08-13'),
(961, 25, '2018-08-12'),
(960, 25, '2018-08-11'),
(959, 25, '2018-08-10'),
(958, 25, '2018-08-09'),
(957, 25, '2018-08-08'),
(956, 25, '2018-08-07'),
(955, 25, '2018-08-06'),
(954, 25, '2018-08-05'),
(953, 25, '2018-08-04'),
(952, 25, '2018-08-03'),
(951, 25, '2018-08-02'),
(950, 25, '2018-08-01'),
(949, 25, '2018-07-31'),
(1039, 27, '2018-08-05'),
(1038, 27, '2018-08-04'),
(1037, 27, '2018-08-03'),
(1036, 27, '2018-08-02'),
(1035, 27, '2018-08-01'),
(1034, 27, '2018-07-31'),
(1033, 27, '2018-07-30'),
(1032, 27, '2018-07-29'),
(1031, 27, '2018-07-28'),
(1030, 27, '2018-07-27'),
(1029, 27, '2018-07-26'),
(1028, 27, '2018-07-25'),
(1027, 27, '2018-07-24'),
(1026, 27, '2018-07-23'),
(1025, 27, '2018-07-22'),
(1024, 27, '2018-07-21'),
(1023, 27, '2018-07-20'),
(1022, 27, '2018-07-19'),
(1021, 27, '2018-07-18'),
(1020, 27, '2018-07-17'),
(1019, 27, '2018-07-16'),
(1018, 27, '2018-07-15'),
(1017, 27, '2018-07-14'),
(1016, 27, '2018-07-13'),
(1015, 27, '2018-07-12'),
(1014, 27, '2018-07-11'),
(1013, 27, '2018-07-10'),
(1012, 27, '2018-07-09'),
(1011, 27, '2018-07-08'),
(1068, 28, '2018-07-28'),
(1067, 28, '2018-07-27'),
(1066, 28, '2018-07-26'),
(1065, 28, '2018-07-25'),
(1064, 28, '2018-07-24'),
(1063, 28, '2018-07-23'),
(1062, 28, '2018-07-22'),
(1061, 28, '2018-07-21'),
(1060, 28, '2018-07-20'),
(1059, 28, '2018-07-19'),
(1058, 28, '2018-07-18'),
(1057, 28, '2018-07-17'),
(1056, 28, '2018-07-16'),
(1055, 28, '2018-07-15'),
(1054, 28, '2018-07-14'),
(1053, 28, '2018-07-13'),
(1052, 28, '2018-07-12'),
(1051, 28, '2018-07-11'),
(1050, 28, '2018-07-10'),
(1049, 27, '2018-08-15'),
(1048, 27, '2018-08-14'),
(1047, 27, '2018-08-13'),
(1046, 27, '2018-08-12'),
(1045, 27, '2018-08-11'),
(1044, 27, '2018-08-10'),
(1043, 27, '2018-08-09'),
(1042, 27, '2018-08-08'),
(1041, 27, '2018-08-07'),
(1040, 27, '2018-08-06'),
(948, 25, '2018-07-30'),
(947, 25, '2018-07-29'),
(946, 25, '2018-07-28'),
(945, 25, '2018-07-27'),
(944, 25, '2018-07-26'),
(943, 25, '2018-07-25'),
(942, 25, '2018-07-24'),
(941, 25, '2018-07-23'),
(940, 25, '2018-07-22'),
(939, 25, '2018-07-21'),
(938, 25, '2018-07-20'),
(937, 25, '2018-07-19'),
(936, 25, '2018-07-18'),
(935, 25, '2018-07-17'),
(934, 25, '2018-07-16'),
(891, 24, '2018-07-17'),
(890, 24, '2018-07-16'),
(889, 24, '2018-07-15'),
(888, 24, '2018-07-14'),
(887, 24, '2018-07-13'),
(886, 24, '2018-07-12'),
(885, 24, '2018-07-11'),
(884, 24, '2018-07-10'),
(883, 24, '2018-07-09'),
(882, 24, '2018-07-08'),
(881, 24, '2018-07-07'),
(880, 24, '2018-07-06'),
(879, 24, '2018-07-05'),
(878, 24, '2018-07-04'),
(877, 23, '2018-08-15'),
(933, 25, '2018-07-15'),
(932, 25, '2018-07-14'),
(931, 25, '2018-07-13'),
(930, 25, '2018-07-12'),
(929, 25, '2018-07-11'),
(928, 25, '2018-07-10'),
(927, 25, '2018-07-09'),
(926, 25, '2018-07-08'),
(925, 25, '2018-07-07'),
(924, 25, '2018-07-06'),
(923, 25, '2018-07-05'),
(922, 25, '2018-07-04'),
(921, 25, '2018-07-03'),
(920, 24, '2018-08-15'),
(919, 24, '2018-08-14'),
(918, 24, '2018-08-13'),
(917, 24, '2018-08-12'),
(916, 24, '2018-08-11'),
(915, 24, '2018-08-10'),
(914, 24, '2018-08-09'),
(913, 24, '2018-08-08'),
(912, 24, '2018-08-07'),
(911, 24, '2018-08-06'),
(910, 24, '2018-08-05'),
(909, 24, '2018-08-04'),
(908, 24, '2018-08-03'),
(907, 24, '2018-08-02'),
(906, 24, '2018-08-01'),
(905, 24, '2018-07-31'),
(904, 24, '2018-07-30'),
(903, 24, '2018-07-29'),
(902, 24, '2018-07-28'),
(901, 24, '2018-07-27'),
(900, 24, '2018-07-26'),
(899, 24, '2018-07-25'),
(898, 24, '2018-07-24'),
(897, 24, '2018-07-23'),
(896, 24, '2018-07-22'),
(895, 24, '2018-07-21'),
(894, 24, '2018-07-20'),
(893, 24, '2018-07-19'),
(892, 24, '2018-07-18'),
(834, 23, '2018-07-03'),
(833, 23, '2018-07-02'),
(832, 23, '2018-07-01'),
(831, 23, '2018-06-30'),
(830, 23, '2018-06-29'),
(829, 23, '2018-06-28'),
(828, 23, '2018-06-27'),
(827, 23, '2018-06-26'),
(826, 23, '2018-06-25'),
(825, 23, '2018-06-24'),
(824, 23, '2018-06-23'),
(823, 23, '2018-06-22'),
(822, 23, '2018-06-21'),
(821, 23, '2018-06-20'),
(1270, 34, '2018-07-03'),
(876, 23, '2018-08-14'),
(875, 23, '2018-08-13'),
(874, 23, '2018-08-12'),
(873, 23, '2018-08-11'),
(872, 23, '2018-08-10'),
(871, 23, '2018-08-09'),
(870, 23, '2018-08-08'),
(869, 23, '2018-08-07'),
(868, 23, '2018-08-06'),
(867, 23, '2018-08-05'),
(866, 23, '2018-08-04'),
(865, 23, '2018-08-03'),
(864, 23, '2018-08-02'),
(863, 23, '2018-08-01'),
(862, 23, '2018-07-31'),
(861, 23, '2018-07-30'),
(860, 23, '2018-07-29'),
(859, 23, '2018-07-28'),
(858, 23, '2018-07-27'),
(857, 23, '2018-07-26'),
(856, 23, '2018-07-25'),
(855, 23, '2018-07-24'),
(854, 23, '2018-07-23'),
(853, 23, '2018-07-22'),
(852, 23, '2018-07-21'),
(851, 23, '2018-07-20'),
(850, 23, '2018-07-19'),
(849, 23, '2018-07-18'),
(848, 23, '2018-07-17'),
(847, 23, '2018-07-16'),
(846, 23, '2018-07-15'),
(845, 23, '2018-07-14'),
(844, 23, '2018-07-13'),
(843, 23, '2018-07-12'),
(842, 23, '2018-07-11'),
(841, 23, '2018-07-10'),
(840, 23, '2018-07-09'),
(839, 23, '2018-07-08'),
(838, 23, '2018-07-07'),
(837, 23, '2018-07-06'),
(836, 23, '2018-07-05'),
(835, 23, '2018-07-04'),
(1269, 34, '2018-07-04'),
(1268, 34, '2018-07-05'),
(1267, 34, '2018-07-06'),
(1266, 34, '2018-07-07'),
(1265, 34, '2018-07-08'),
(1264, 34, '2018-07-09'),
(1263, 34, '2018-07-10'),
(1262, 34, '2018-07-11'),
(1261, 34, '2018-07-12'),
(1260, 34, '2018-07-13'),
(1259, 34, '2018-07-14'),
(1258, 34, '2018-07-15'),
(1257, 34, '2018-07-16'),
(1256, 34, '2018-07-17'),
(1255, 34, '2018-07-18'),
(1254, 34, '2018-07-19'),
(1253, 34, '2018-07-20'),
(1252, 34, '2018-07-21'),
(1251, 34, '2018-07-22'),
(1250, 34, '2018-07-23'),
(1249, 34, '2018-07-24'),
(1248, 34, '2018-07-25'),
(1247, 34, '2018-07-26'),
(1246, 34, '2018-07-27'),
(1245, 34, '2018-07-28'),
(1244, 34, '2018-07-29'),
(1243, 34, '2018-07-30'),
(1242, 34, '2018-07-31'),
(791, 21, '2018-07-31'),
(790, 21, '2018-07-30'),
(789, 21, '2018-07-29'),
(788, 21, '2018-07-28'),
(787, 21, '2018-07-27'),
(786, 21, '2018-07-26'),
(785, 21, '2018-07-25'),
(784, 21, '2018-07-24'),
(783, 21, '2018-07-23'),
(782, 21, '2018-07-22'),
(781, 21, '2018-07-21'),
(780, 21, '2018-07-20'),
(779, 21, '2018-07-19'),
(778, 21, '2018-07-18'),
(777, 21, '2018-07-17'),
(776, 21, '2018-07-16'),
(775, 21, '2018-07-15'),
(774, 21, '2018-07-14'),
(773, 21, '2018-07-13'),
(772, 21, '2018-07-12'),
(771, 21, '2018-07-11'),
(770, 21, '2018-07-10'),
(769, 21, '2018-07-09'),
(768, 21, '2018-07-08'),
(767, 21, '2018-07-07'),
(766, 21, '2018-07-06'),
(765, 21, '2018-07-05'),
(764, 21, '2018-07-04'),
(763, 21, '2018-07-03'),
(762, 20, '2018-08-07'),
(761, 20, '2018-08-06'),
(760, 20, '2018-08-05'),
(759, 20, '2018-08-04'),
(758, 20, '2018-08-03'),
(757, 20, '2018-08-02'),
(756, 20, '2018-08-01'),
(755, 20, '2018-07-31'),
(754, 20, '2018-07-30'),
(753, 20, '2018-07-29'),
(752, 20, '2018-07-28'),
(751, 20, '2018-07-27'),
(750, 20, '2018-07-26'),
(749, 20, '2018-07-25'),
(748, 20, '2018-07-24'),
(747, 20, '2018-07-23'),
(746, 20, '2018-07-22'),
(745, 20, '2018-07-21'),
(744, 20, '2018-07-20'),
(743, 20, '2018-07-19'),
(742, 20, '2018-07-18'),
(741, 20, '2018-07-17'),
(740, 20, '2018-07-16'),
(739, 20, '2018-07-15'),
(738, 20, '2018-07-14'),
(737, 20, '2018-07-13'),
(736, 20, '2018-07-12'),
(735, 20, '2018-07-11'),
(734, 20, '2018-07-10'),
(733, 19, '2018-07-04'),
(732, 19, '2018-07-05'),
(731, 19, '2018-07-06'),
(730, 19, '2018-07-07'),
(729, 19, '2018-07-08'),
(728, 19, '2018-07-09'),
(727, 19, '2018-07-10'),
(726, 19, '2018-07-11'),
(725, 19, '2018-07-12'),
(724, 19, '2018-07-13'),
(723, 19, '2018-07-14'),
(722, 19, '2018-07-15'),
(721, 19, '2018-07-16'),
(720, 19, '2018-07-17'),
(719, 19, '2018-07-18'),
(718, 19, '2018-07-19'),
(717, 19, '2018-07-20'),
(716, 19, '2018-07-21'),
(715, 19, '2018-07-22'),
(714, 19, '2018-07-23'),
(713, 19, '2018-07-24'),
(712, 19, '2018-07-25'),
(711, 19, '2018-07-26'),
(710, 19, '2018-07-27'),
(709, 19, '2018-07-28'),
(708, 19, '2018-07-29'),
(707, 19, '2018-07-30'),
(706, 19, '2018-07-31'),
(705, 19, '2018-08-01'),
(1299, 35, '2018-08-01'),
(1298, 35, '2018-07-31'),
(1297, 35, '2018-07-30'),
(1296, 35, '2018-07-29'),
(1295, 35, '2018-07-28'),
(1294, 35, '2018-07-27'),
(1293, 35, '2018-07-26'),
(1292, 35, '2018-07-25'),
(1291, 35, '2018-07-24'),
(1290, 35, '2018-07-23'),
(1289, 35, '2018-07-22'),
(1288, 35, '2018-07-21'),
(1287, 35, '2018-07-20'),
(1286, 35, '2018-07-19'),
(1285, 35, '2018-07-18'),
(1284, 35, '2018-07-17'),
(1283, 35, '2018-07-16'),
(1282, 35, '2018-07-15'),
(1281, 35, '2018-07-14'),
(1280, 35, '2018-07-13'),
(1279, 35, '2018-07-12'),
(1278, 35, '2018-07-11'),
(1277, 35, '2018-07-10'),
(1276, 35, '2018-07-09'),
(1275, 35, '2018-07-08'),
(1274, 35, '2018-07-07'),
(1273, 35, '2018-07-06'),
(1272, 35, '2018-07-05'),
(1271, 35, '2018-07-04'),
(564, 16, '2018-06-20'),
(565, 16, '2018-06-21'),
(566, 16, '2018-06-22'),
(567, 16, '2018-06-23'),
(568, 16, '2018-06-24'),
(569, 16, '2018-06-25'),
(570, 16, '2018-06-26'),
(571, 16, '2018-06-27'),
(572, 16, '2018-06-28'),
(573, 16, '2018-06-29'),
(574, 16, '2018-06-30'),
(575, 16, '2018-07-01'),
(576, 16, '2018-07-02'),
(577, 16, '2018-07-03'),
(578, 16, '2018-07-04'),
(579, 16, '2018-07-05'),
(580, 16, '2018-07-06'),
(581, 16, '2018-07-07'),
(582, 16, '2018-07-08'),
(583, 16, '2018-07-09'),
(584, 16, '2018-07-10'),
(585, 16, '2018-07-11'),
(586, 16, '2018-07-12'),
(587, 16, '2018-07-13'),
(588, 16, '2018-07-14'),
(589, 16, '2018-07-15'),
(590, 16, '2018-07-16'),
(591, 16, '2018-07-17'),
(592, 16, '2018-07-18'),
(593, 16, '2018-07-19'),
(594, 16, '2018-07-20'),
(595, 16, '2018-07-21'),
(596, 16, '2018-07-22'),
(597, 16, '2018-07-23'),
(598, 16, '2018-07-24'),
(599, 16, '2018-07-25'),
(600, 16, '2018-07-26'),
(601, 16, '2018-07-27'),
(602, 16, '2018-07-28'),
(603, 16, '2018-07-29'),
(604, 16, '2018-07-30'),
(605, 16, '2018-07-31'),
(606, 16, '2018-08-01'),
(607, 16, '2018-08-02'),
(608, 16, '2018-08-03'),
(609, 16, '2018-08-04'),
(610, 16, '2018-08-05'),
(611, 16, '2018-08-06'),
(612, 16, '2018-08-07'),
(613, 16, '2018-08-08'),
(614, 16, '2018-08-09'),
(615, 16, '2018-08-10'),
(616, 16, '2018-08-11'),
(617, 16, '2018-08-12'),
(618, 16, '2018-08-13'),
(619, 16, '2018-08-14'),
(620, 17, '2018-06-20'),
(621, 17, '2018-06-21'),
(622, 17, '2018-06-22'),
(623, 17, '2018-06-23'),
(624, 17, '2018-06-24'),
(625, 17, '2018-06-25'),
(626, 17, '2018-06-26'),
(627, 17, '2018-06-27'),
(628, 17, '2018-06-28'),
(629, 17, '2018-06-29'),
(630, 17, '2018-06-30'),
(631, 17, '2018-07-01'),
(632, 17, '2018-07-02'),
(633, 17, '2018-07-03'),
(634, 17, '2018-07-04'),
(635, 17, '2018-07-05'),
(636, 17, '2018-07-06'),
(637, 17, '2018-07-07'),
(638, 17, '2018-07-08'),
(639, 17, '2018-07-09'),
(640, 17, '2018-07-10'),
(641, 17, '2018-07-11'),
(642, 17, '2018-07-12'),
(643, 17, '2018-07-13'),
(644, 17, '2018-07-14'),
(645, 17, '2018-07-15'),
(646, 17, '2018-07-16'),
(647, 17, '2018-07-17'),
(648, 17, '2018-07-18'),
(649, 17, '2018-07-19'),
(650, 17, '2018-07-20'),
(651, 17, '2018-07-21'),
(652, 17, '2018-07-22'),
(653, 17, '2018-07-23'),
(654, 17, '2018-07-24'),
(655, 17, '2018-07-25'),
(656, 17, '2018-07-26'),
(657, 17, '2018-07-27'),
(658, 17, '2018-07-28'),
(659, 17, '2018-07-29'),
(660, 17, '2018-07-30'),
(661, 17, '2018-07-31'),
(662, 17, '2018-08-01'),
(663, 17, '2018-08-02'),
(664, 17, '2018-08-03'),
(665, 17, '2018-08-04'),
(666, 17, '2018-08-05'),
(667, 17, '2018-08-06'),
(668, 17, '2018-08-07'),
(669, 17, '2018-08-08'),
(670, 17, '2018-08-09'),
(671, 17, '2018-08-10'),
(672, 17, '2018-08-11'),
(673, 17, '2018-08-12'),
(674, 17, '2018-08-13'),
(675, 17, '2018-08-14'),
(1069, 28, '2018-07-29'),
(1070, 28, '2018-07-30'),
(1071, 28, '2018-07-31'),
(1072, 28, '2018-08-01'),
(1073, 28, '2018-08-02'),
(1074, 28, '2018-08-03'),
(1075, 28, '2018-08-04'),
(1076, 28, '2018-08-05'),
(1077, 28, '2018-08-06'),
(1078, 28, '2018-08-07'),
(1079, 28, '2018-08-08'),
(1080, 28, '2018-08-09'),
(1081, 28, '2018-08-10'),
(1082, 28, '2018-08-11'),
(1083, 28, '2018-08-12'),
(1084, 28, '2018-08-13'),
(1085, 28, '2018-08-14'),
(1086, 29, '2018-07-05'),
(1087, 29, '2018-07-06'),
(1088, 29, '2018-07-07'),
(1089, 29, '2018-07-08'),
(1090, 29, '2018-07-09'),
(1091, 29, '2018-07-10'),
(1092, 29, '2018-07-11'),
(1093, 29, '2018-07-12'),
(1094, 29, '2018-07-13'),
(1095, 29, '2018-07-14'),
(1096, 29, '2018-07-15'),
(1097, 29, '2018-07-16'),
(1098, 29, '2018-07-17'),
(1099, 29, '2018-07-18'),
(1100, 29, '2018-07-19'),
(1101, 29, '2018-07-20'),
(1102, 29, '2018-07-21'),
(1103, 29, '2018-07-22'),
(1104, 29, '2018-07-23'),
(1105, 29, '2018-07-24'),
(1106, 29, '2018-07-25'),
(1107, 29, '2018-07-26'),
(1108, 29, '2018-07-27'),
(1109, 29, '2018-07-28'),
(1110, 29, '2018-07-29'),
(1111, 29, '2018-07-30'),
(1112, 29, '2018-07-31'),
(1113, 29, '2018-08-01'),
(1114, 29, '2018-08-02'),
(1115, 30, '2018-07-03'),
(1116, 30, '2018-07-04'),
(1117, 30, '2018-07-05'),
(1118, 30, '2018-07-06'),
(1119, 30, '2018-07-07'),
(1120, 30, '2018-07-08'),
(1121, 30, '2018-07-09'),
(1122, 30, '2018-07-10'),
(1123, 30, '2018-07-11'),
(1124, 30, '2018-07-12'),
(1125, 30, '2018-07-13'),
(1126, 30, '2018-07-14'),
(1127, 30, '2018-07-15'),
(1128, 30, '2018-07-16'),
(1129, 30, '2018-07-17'),
(1130, 30, '2018-07-18'),
(1131, 30, '2018-07-19'),
(1132, 30, '2018-07-20'),
(1133, 30, '2018-07-21'),
(1134, 30, '2018-07-22'),
(1135, 30, '2018-07-23'),
(1136, 30, '2018-07-24'),
(1137, 30, '2018-07-25'),
(1138, 30, '2018-07-26'),
(1139, 30, '2018-07-27'),
(1140, 30, '2018-07-28'),
(1141, 30, '2018-07-29'),
(1142, 30, '2018-07-30'),
(1143, 30, '2018-07-31'),
(1144, 30, '2018-08-01'),
(1145, 30, '2018-08-02'),
(1146, 30, '2018-08-03'),
(1147, 30, '2018-08-04'),
(1148, 30, '2018-08-05'),
(1149, 30, '2018-08-06'),
(1150, 30, '2018-08-07'),
(1151, 30, '2018-08-08'),
(1152, 30, '2018-08-09'),
(1153, 30, '2018-08-10'),
(1154, 30, '2018-08-11'),
(1155, 30, '2018-08-12'),
(1156, 30, '2018-08-13'),
(1157, 30, '2018-08-14'),
(1158, 31, '2018-07-03'),
(1159, 31, '2018-07-04'),
(1160, 31, '2018-07-05'),
(1161, 31, '2018-07-06'),
(1162, 31, '2018-07-07'),
(1163, 31, '2018-07-08'),
(1164, 31, '2018-07-09'),
(1165, 31, '2018-07-10'),
(1166, 31, '2018-07-11'),
(1167, 31, '2018-07-12'),
(1168, 31, '2018-07-13'),
(1169, 31, '2018-07-14'),
(1170, 31, '2018-07-15'),
(1171, 31, '2018-07-16'),
(1172, 31, '2018-07-17'),
(1173, 31, '2018-07-18'),
(1174, 31, '2018-07-19'),
(1175, 31, '2018-07-20'),
(1176, 31, '2018-07-21'),
(1177, 31, '2018-07-22'),
(1178, 31, '2018-07-23'),
(1179, 31, '2018-07-24'),
(1180, 31, '2018-07-25'),
(1181, 31, '2018-07-26'),
(1182, 31, '2018-07-27'),
(1183, 31, '2018-07-28'),
(1184, 31, '2018-07-29'),
(1185, 31, '2018-07-30'),
(1186, 31, '2018-07-31'),
(1187, 32, '2018-07-03'),
(1188, 32, '2018-07-04'),
(1189, 32, '2018-07-05'),
(1190, 32, '2018-07-06'),
(1191, 32, '2018-07-07'),
(1192, 32, '2018-07-08'),
(1193, 32, '2018-07-09'),
(1194, 32, '2018-07-10'),
(1195, 32, '2018-07-11'),
(1196, 32, '2018-07-12'),
(1197, 32, '2018-07-13'),
(1198, 32, '2018-07-14'),
(1199, 32, '2018-07-15'),
(1200, 32, '2018-07-16'),
(1201, 32, '2018-07-17'),
(1202, 32, '2018-07-18'),
(1203, 32, '2018-07-19'),
(1204, 32, '2018-07-20'),
(1205, 32, '2018-07-21'),
(1206, 32, '2018-07-22'),
(1207, 32, '2018-07-23'),
(1208, 32, '2018-07-24'),
(1209, 32, '2018-07-25'),
(1210, 32, '2018-07-26'),
(1211, 32, '2018-07-27'),
(1212, 32, '2018-07-28'),
(1213, 32, '2018-07-29'),
(1214, 32, '2018-07-30'),
(1215, 32, '2018-07-31'),
(1216, 32, '2018-08-01'),
(1217, 32, '2018-08-02'),
(1218, 32, '2018-08-03'),
(1219, 32, '2018-08-04'),
(1220, 32, '2018-08-05'),
(1221, 32, '2018-08-06'),
(1222, 32, '2018-08-07'),
(1223, 32, '2018-08-08'),
(1224, 32, '2018-08-09'),
(1225, 32, '2018-08-10'),
(1226, 32, '2018-08-11'),
(1227, 32, '2018-08-12'),
(1228, 32, '2018-08-13'),
(1229, 32, '2018-08-14'),
(1230, 33, '2018-10-21'),
(1231, 33, '2018-10-22'),
(1232, 33, '2018-10-23'),
(1233, 33, '2018-10-24'),
(1234, 33, '2018-10-25'),
(1235, 33, '2018-10-26'),
(1236, 33, '2018-10-27'),
(1237, 33, '2018-10-28'),
(1238, 33, '2018-10-29'),
(1239, 33, '2018-10-30'),
(1240, 33, '2018-10-31'),
(1241, 33, '2018-11-01'),
(1300, 36, '2018-07-28'),
(1301, 36, '2018-07-27'),
(1302, 36, '2018-07-26'),
(1303, 36, '2018-07-25'),
(1304, 36, '2018-07-24'),
(1305, 36, '2018-07-23'),
(1306, 36, '2018-07-22'),
(1307, 36, '2018-07-21'),
(1308, 36, '2018-07-20'),
(1309, 36, '2018-07-19'),
(1310, 36, '2018-07-18'),
(1311, 36, '2018-07-17'),
(1312, 36, '2018-07-16'),
(1313, 36, '2018-07-15'),
(1314, 36, '2018-07-14'),
(1315, 36, '2018-07-13'),
(1316, 36, '2018-07-12'),
(1317, 36, '2018-07-11'),
(1318, 36, '2018-07-10'),
(1319, 36, '2018-07-29'),
(1320, 36, '2018-07-30'),
(1321, 36, '2018-07-31'),
(1322, 36, '2018-08-01'),
(1323, 36, '2018-08-02'),
(1324, 36, '2018-08-03'),
(1325, 36, '2018-08-04'),
(1326, 36, '2018-08-05'),
(1327, 36, '2018-08-06'),
(1328, 36, '2018-08-07'),
(1329, 36, '2018-08-08'),
(1330, 36, '2018-08-09'),
(1331, 36, '2018-08-10'),
(1332, 36, '2018-08-11'),
(1333, 36, '2018-08-12'),
(1334, 36, '2018-08-13'),
(1335, 36, '2018-08-14'),
(1336, 37, '2018-07-04'),
(1337, 37, '2018-07-05'),
(1338, 37, '2018-07-06'),
(1339, 37, '2018-07-07'),
(1340, 37, '2018-07-08'),
(1341, 37, '2018-07-09'),
(1342, 37, '2018-07-10'),
(1343, 37, '2018-07-11'),
(1344, 37, '2018-07-12'),
(1345, 37, '2018-07-13'),
(1346, 37, '2018-07-14'),
(1347, 37, '2018-07-15'),
(1348, 37, '2018-07-16'),
(1349, 37, '2018-07-17'),
(1350, 37, '2018-07-18'),
(1351, 37, '2018-07-19'),
(1352, 37, '2018-07-20'),
(1353, 37, '2018-07-21'),
(1354, 37, '2018-07-22'),
(1355, 37, '2018-07-23'),
(1356, 37, '2018-07-24'),
(1357, 37, '2018-07-25'),
(1358, 37, '2018-07-26'),
(1359, 37, '2018-07-27'),
(1360, 37, '2018-07-28'),
(1361, 37, '2018-07-29'),
(1362, 37, '2018-07-30'),
(1363, 37, '2018-07-31'),
(1364, 37, '2018-08-01'),
(1365, 38, '2018-05-21'),
(1366, 38, '2018-05-22'),
(1367, 38, '2018-05-23'),
(1368, 38, '2018-05-24'),
(1369, 38, '2018-05-25'),
(1370, 38, '2018-05-26'),
(1371, 38, '2018-05-27'),
(1372, 38, '2018-05-28'),
(1373, 38, '2018-05-29'),
(1374, 38, '2018-05-30'),
(1375, 38, '2018-05-31'),
(1376, 38, '2018-06-01'),
(1377, 38, '2018-06-02'),
(1378, 38, '2018-06-03'),
(1379, 38, '2018-06-04'),
(1380, 38, '2018-06-05'),
(1381, 38, '2018-06-06'),
(1382, 38, '2018-06-07'),
(1383, 38, '2018-06-08'),
(1384, 38, '2018-06-09'),
(1385, 38, '2018-06-10'),
(1386, 38, '2018-06-11'),
(1387, 38, '2018-06-12'),
(1388, 38, '2018-06-13'),
(1389, 38, '2018-06-14'),
(1390, 38, '2018-06-15'),
(1391, 38, '2018-06-16'),
(1392, 38, '2018-06-17'),
(1393, 38, '2018-06-18'),
(1394, 38, '2018-06-19'),
(1395, 38, '2018-06-20'),
(1396, 38, '2018-06-21');

-- --------------------------------------------------------

--
-- Table structure for table `frontweb_fixed_day_activity_details`
--

DROP TABLE IF EXISTS `frontweb_fixed_day_activity_details`;
CREATE TABLE IF NOT EXISTS `frontweb_fixed_day_activity_details` (
  `fixed_day_activity_details_id` int(11) NOT NULL AUTO_INCREMENT COMMENT 'primary key',
  `program_name` varchar(255) DEFAULT NULL,
  `location` varchar(255) DEFAULT NULL,
  `activity` varchar(255) DEFAULT NULL,
  `from_time` time DEFAULT NULL,
  `to_time` time DEFAULT NULL,
  `fixed_day_activity_id` int(11) NOT NULL COMMENT 'foreign key',
  PRIMARY KEY (`fixed_day_activity_details_id`)
) ENGINE=MyISAM AUTO_INCREMENT=4069 DEFAULT CHARSET=utf8;

--
-- Dumping data for table `frontweb_fixed_day_activity_details`
--

INSERT INTO `frontweb_fixed_day_activity_details` (`fixed_day_activity_details_id`, `program_name`, `location`, `activity`, `from_time`, `to_time`, `fixed_day_activity_id`) VALUES
(3160, 'Evening Activity', 'TBA', 'Activity', '20:30:00', '22:30:00', 1298),
(3158, 'Tour of Edinburgh', 'Main Hall Meeting point', 'Tour of Edinburgh - Walking Tour', '14:30:00', '16:30:00', 1298),
(3159, 'Lesson', 'Class', 'Lesson', '09:00:00', '12:30:00', 1298),
(3145, 'Evening Activity', 'TBA', 'Activity', '20:30:00', '22:30:00', 1294),
(3146, 'Full Day Excursion', 'Coach meeting point', 'Full Day Excursion to London', '08:30:00', '18:30:00', 1295),
(3157, 'Dinner', 'Refectory', 'Dinner', '18:30:00', '19:30:00', 1298),
(3156, 'Relax & Shower time', 'Rooms', 'Relax & Shower time', '17:30:00', '18:30:00', 1298),
(3155, 'Lunch', 'Refectory', 'Lunch', '12:30:00', '13:30:00', 1298),
(3154, 'Evening Activity', 'TBA', 'Activity', '20:30:00', '22:30:00', 1297),
(3152, 'Swimming ', 'TB', 'Swimming ', '14:30:00', '17:00:00', 1297),
(3153, 'Lesson', 'Class', 'Lesson', '09:00:00', '12:30:00', 1297),
(3151, 'Dinner', 'Refectory', 'Dinner', '18:30:00', '19:30:00', 1297),
(3150, 'Relax & Shower time', 'Rooms', 'Relax & Shower time', '17:30:00', '18:30:00', 1297),
(3149, 'Lunch', 'Refectory', 'Lunch', '12:30:00', '13:30:00', 1297),
(3148, 'Tour of Edinburgh', 'Main Hall Meeting point', 'Tour of Edinburgh - Walking Tour', '14:30:00', '16:30:00', 1297),
(189, 'Breakfast', 'Refectory', 'Breakfast', '08:30:00', '09:00:00', 623),
(187, 'Check out', 'Reception', 'Check out', '10:00:00', '10:10:00', 675),
(3184, 'Packed Lunch', 'Collection at PLUS Office', 'Packed Lunch', '08:30:00', '09:00:00', 623),
(188, 'Breakfast', 'Refectory', 'Breakfast', '08:30:00', '09:00:00', 622),
(3183, 'Half Day Excursion ', 'Coach meeting point', 'Half Day Excursion to Dublin', '14:30:00', '18:00:00', 620),
(179, 'Check in', 'Reception', 'Check in', '10:00:00', '11:00:00', 620),
(3194, 'Packed Lunch', 'Collection at PLUS Office', 'Packed Lunch', '08:30:00', '09:00:00', 658),
(3195, 'Packed Lunch', 'Collection at PLUS Office', 'Packed Lunch', '08:30:00', '09:00:00', 659),
(173, 'Lesson', 'Class', 'Lesson', '14:30:00', '17:30:00', 670),
(174, 'Lesson', 'Class', 'Lesson', '14:30:00', '17:30:00', 671),
(175, 'Lesson', 'Class', 'Lesson', '14:30:00', '17:30:00', 674),
(155, 'Lesson', 'Class', 'Lesson', '14:30:00', '17:30:00', 643),
(156, 'Lesson', 'Class', 'Lesson', '14:30:00', '17:30:00', 646),
(157, 'Lesson', 'Class', 'Lesson', '14:30:00', '17:30:00', 647),
(158, 'Lesson', 'Class', 'Lesson', '14:30:00', '17:30:00', 648),
(159, 'Lesson', 'Class', 'Lesson', '14:30:00', '17:30:00', 649),
(160, 'Lesson', 'Class', 'Lesson', '14:30:00', '17:30:00', 650),
(161, 'Lesson', 'Class', 'Lesson', '14:30:00', '17:30:00', 653),
(162, 'Lesson', 'Class', 'Lesson', '14:30:00', '17:30:00', 654),
(163, 'Lesson', 'Class', 'Lesson', '14:30:00', '17:30:00', 655),
(164, 'Lesson', 'Class', 'Lesson', '14:30:00', '17:30:00', 656),
(165, 'Lesson', 'Class', 'Lesson', '14:30:00', '17:30:00', 660),
(166, 'Lesson', 'Class', 'Lesson', '14:30:00', '17:30:00', 661),
(167, 'Lesson', 'Class', 'Lesson', '14:30:00', '17:30:00', 662),
(168, 'Lesson', 'Class', 'Lesson', '14:30:00', '17:30:00', 663),
(169, 'Lesson', 'Class', 'Lesson', '14:30:00', '17:30:00', 664),
(170, 'Lesson', 'Class', 'Lesson', '14:30:00', '17:30:00', 667),
(171, 'Lesson', 'Class', 'Lesson', '14:30:00', '17:30:00', 668),
(172, 'Lesson', 'Class', 'Lesson', '14:30:00', '17:30:00', 669),
(154, 'Lesson', 'Class', 'Lesson', '14:30:00', '17:30:00', 642),
(153, 'Lesson', 'Class', 'Lesson', '14:30:00', '17:30:00', 641),
(152, 'Lesson', 'Class', 'Lesson', '14:30:00', '17:30:00', 640),
(151, 'Lesson', 'Class', 'Lesson', '14:30:00', '17:30:00', 639),
(150, 'Lesson', 'Class', 'Lesson', '14:30:00', '17:30:00', 636),
(149, 'Lesson', 'Class', 'Lesson', '14:30:00', '17:30:00', 635),
(148, 'Lesson', 'Class', 'Lesson', '14:30:00', '17:30:00', 634),
(147, 'Lesson', 'Class', 'Lesson', '14:30:00', '17:30:00', 633),
(146, 'Lesson', 'Class', 'Lesson', '14:30:00', '17:30:00', 632),
(145, 'Lesson', 'Class', 'Lesson', '14:30:00', '17:30:00', 629),
(144, 'Lesson', 'Class', 'Lesson', '14:30:00', '17:30:00', 628),
(143, 'Lesson', 'Class', 'Lesson', '14:30:00', '17:30:00', 627),
(142, 'Lesson', 'Class', 'Lesson', '14:30:00', '17:30:00', 626),
(141, 'Lesson', 'Class', 'Lesson', '14:30:00', '17:30:00', 625),
(140, 'Lesson', 'Class', 'Lesson', '14:30:00', '17:30:00', 622),
(139, 'Lesson', 'Class', 'Lesson', '14:30:00', '17:30:00', 621),
(138, 'Breakfast', 'Refectory', 'Breakfast', '08:30:00', '09:00:00', 621),
(137, 'Full Day Excursion', 'Coach meeting point', 'Full Day Excursion Belfast', '08:30:00', '18:30:00', 574),
(135, 'Full Day Excursion', 'Coach meeting point', 'Full Day Excursion Belfast', '08:30:00', '18:30:00', 567),
(136, 'Full Day Excursion', 'Coach meeting point', 'Full Day Excursion Belfast', '08:30:00', '18:30:00', 568),
(132, 'Lunch', 'Refectory', 'Lunch', '12:30:00', '13:30:00', 565),
(133, 'Lesson', 'Class', 'Lesson', '09:00:00', '12:30:00', 565),
(131, 'Group Arrival', 'Main Campus', 'Group Arrival', '11:00:00', '11:15:00', 564),
(129, 'Breakfast', 'Refectory', 'Breakfast', '09:01:00', '10:00:00', 571),
(128, 'Breakfast', 'Refectory', 'Breakfast', '09:01:00', '10:00:00', 570),
(127, 'Breakfast', 'Refectory', 'Breakfast', '09:01:00', '10:00:00', 569),
(126, 'Breakfast', 'Refectory', 'Breakfast', '09:01:00', '10:00:00', 568),
(125, 'Breakfast', 'Refectory', 'Breakfast', '09:01:00', '10:00:00', 567),
(124, 'Breakfast', 'Refectory', 'Breakfast', '09:01:00', '10:00:00', 566),
(123, 'Breakfast', 'Refectory', 'Breakfast', '09:01:00', '10:00:00', 565),
(130, 'Check in', 'Reception', 'Check in', '12:00:00', '12:30:00', 564),
(3147, 'Full Day Excursion', 'Coach meeting point', 'Full Day Excursion to London', '08:30:00', '18:30:00', 1296),
(3144, 'Lesson', 'Class', 'Lesson', '09:00:00', '12:30:00', 1294),
(3143, 'Swimming ', 'TB', 'Swimming ', '14:30:00', '17:00:00', 1294),
(3142, 'Dinner', 'Refectory', 'Dinner', '18:30:00', '19:30:00', 1294),
(3141, 'Relax & Shower time', 'Rooms', 'Relax & Shower time', '17:30:00', '18:30:00', 1294),
(3140, 'Lunch', 'Refectory', 'Lunch', '12:30:00', '13:30:00', 1294),
(3139, 'Evening Activity', 'TBA', 'Activity', '20:30:00', '22:30:00', 1293),
(190, 'Breakfast', 'Refectory', 'Breakfast', '08:30:00', '09:00:00', 624),
(191, 'Breakfast', 'Refectory', 'Breakfast', '08:30:00', '09:00:00', 625),
(192, 'Breakfast', 'Refectory', 'Breakfast', '08:30:00', '09:00:00', 626),
(193, 'Breakfast', 'Refectory', 'Breakfast', '08:30:00', '09:00:00', 627),
(194, 'Breakfast', 'Refectory', 'Breakfast', '08:30:00', '09:00:00', 628),
(195, 'Breakfast', 'Refectory', 'Breakfast', '08:30:00', '09:00:00', 629),
(196, 'Breakfast', 'Refectory', 'Breakfast', '08:30:00', '09:00:00', 630),
(197, 'Breakfast', 'Refectory', 'Breakfast', '08:30:00', '09:00:00', 631),
(198, 'Breakfast', 'Refectory', 'Breakfast', '08:30:00', '09:00:00', 632),
(199, 'Breakfast', 'Refectory', 'Breakfast', '08:30:00', '09:00:00', 633),
(200, 'Breakfast', 'Refectory', 'Breakfast', '08:30:00', '09:00:00', 634),
(201, 'Breakfast', 'Refectory', 'Breakfast', '08:30:00', '09:00:00', 635),
(202, 'Breakfast', 'Refectory', 'Breakfast', '08:30:00', '09:00:00', 636),
(203, 'Breakfast', 'Refectory', 'Breakfast', '08:30:00', '09:00:00', 637),
(204, 'Breakfast', 'Refectory', 'Breakfast', '08:30:00', '09:00:00', 638),
(205, 'Breakfast', 'Refectory', 'Breakfast', '08:30:00', '09:00:00', 639),
(206, 'Breakfast', 'Refectory', 'Breakfast', '08:30:00', '09:00:00', 640),
(207, 'Breakfast', 'Refectory', 'Breakfast', '08:30:00', '09:00:00', 641),
(208, 'Breakfast', 'Refectory', 'Breakfast', '08:30:00', '09:00:00', 642),
(209, 'Breakfast', 'Refectory', 'Breakfast', '08:30:00', '09:00:00', 643),
(210, 'Breakfast', 'Refectory', 'Breakfast', '08:30:00', '09:00:00', 644),
(211, 'Breakfast', 'Refectory', 'Breakfast', '08:30:00', '09:00:00', 645),
(212, 'Breakfast', 'Refectory', 'Breakfast', '08:30:00', '09:00:00', 646),
(213, 'Breakfast', 'Refectory', 'Breakfast', '08:30:00', '09:00:00', 647),
(214, 'Breakfast', 'Refectory', 'Breakfast', '08:30:00', '09:00:00', 648),
(215, 'Breakfast', 'Refectory', 'Breakfast', '08:30:00', '09:00:00', 649),
(216, 'Breakfast', 'Refectory', 'Breakfast', '08:30:00', '09:00:00', 650),
(217, 'Breakfast', 'Refectory', 'Breakfast', '08:30:00', '09:00:00', 651),
(218, 'Breakfast', 'Refectory', 'Breakfast', '08:30:00', '09:00:00', 652),
(219, 'Breakfast', 'Refectory', 'Breakfast', '08:30:00', '09:00:00', 653),
(220, 'Breakfast', 'Refectory', 'Breakfast', '08:30:00', '09:00:00', 654),
(221, 'Breakfast', 'Refectory', 'Breakfast', '08:30:00', '09:00:00', 655),
(222, 'Breakfast', 'Refectory', 'Breakfast', '08:30:00', '09:00:00', 656),
(223, 'Breakfast', 'Refectory', 'Breakfast', '08:30:00', '09:00:00', 657),
(224, 'Breakfast', 'Refectory', 'Breakfast', '08:30:00', '09:00:00', 658),
(225, 'Breakfast', 'Refectory', 'Breakfast', '08:30:00', '09:00:00', 659),
(226, 'Breakfast', 'Refectory', 'Breakfast', '08:30:00', '09:00:00', 660),
(227, 'Breakfast', 'Refectory', 'Breakfast', '08:30:00', '09:00:00', 661),
(228, 'Breakfast', 'Refectory', 'Breakfast', '08:30:00', '09:00:00', 662),
(229, 'Breakfast', 'Refectory', 'Breakfast', '08:30:00', '09:00:00', 663),
(230, 'Breakfast', 'Refectory', 'Breakfast', '08:30:00', '09:00:00', 664),
(231, 'Breakfast', 'Refectory', 'Breakfast', '08:30:00', '09:00:00', 665),
(232, 'Breakfast', 'Refectory', 'Breakfast', '08:30:00', '09:00:00', 666),
(233, 'Breakfast', 'Refectory', 'Breakfast', '08:30:00', '09:00:00', 667),
(234, 'Breakfast', 'Refectory', 'Breakfast', '08:30:00', '09:00:00', 668),
(235, 'Breakfast', 'Refectory', 'Breakfast', '08:30:00', '09:00:00', 669),
(236, 'Breakfast', 'Refectory', 'Breakfast', '08:30:00', '09:00:00', 670),
(237, 'Breakfast', 'Refectory', 'Breakfast', '08:30:00', '09:00:00', 671),
(238, 'Breakfast', 'Refectory', 'Breakfast', '08:30:00', '09:00:00', 672),
(239, 'Breakfast', 'Refectory', 'Breakfast', '08:30:00', '09:00:00', 673),
(240, 'Breakfast', 'Refectory', 'Breakfast', '08:30:00', '09:00:00', 674),
(241, 'Breakfast', 'Refectory', 'Breakfast', '08:30:00', '09:00:00', 675),
(242, 'Lunch', 'Refectory', 'Lunch', '12:30:00', '13:30:00', 621),
(243, 'Lunch', 'Refectory', 'Lunch', '12:30:00', '13:30:00', 622),
(3187, 'Packed Lunch', 'Collection at PLUS Office', 'Packed Lunch', '08:30:00', '09:00:00', 631),
(3186, 'Packed Lunch', 'Collection at PLUS Office', 'Packed Lunch', '08:30:00', '09:00:00', 630),
(246, 'Lunch', 'Refectory', 'Lunch', '12:30:00', '13:30:00', 625),
(247, 'Lunch', 'Refectory', 'Lunch', '12:30:00', '13:30:00', 626),
(248, 'Lunch', 'Refectory', 'Lunch', '12:30:00', '13:30:00', 627),
(249, 'Lunch', 'Refectory', 'Lunch', '12:30:00', '13:30:00', 628),
(250, 'Lunch', 'Refectory', 'Lunch', '12:30:00', '13:30:00', 629),
(3189, 'Packed Lunch', 'Collection at PLUS Office', 'Packed Lunch', '08:30:00', '09:00:00', 638),
(3188, 'Packed Lunch', 'Collection at PLUS Office', 'Packed Lunch', '08:30:00', '09:00:00', 637),
(253, 'Lunch', 'Refectory', 'Lunch', '12:30:00', '13:30:00', 632),
(254, 'Lunch', 'Refectory', 'Lunch', '12:30:00', '13:30:00', 633),
(255, 'Lunch', 'Refectory', 'Lunch', '12:30:00', '13:30:00', 634),
(256, 'Lunch', 'Refectory', 'Lunch', '12:30:00', '13:30:00', 635),
(257, 'Lunch', 'Refectory', 'Lunch', '12:30:00', '13:30:00', 636),
(3191, 'Packed Lunch', 'Collection at PLUS Office', 'Packed Lunch', '08:30:00', '09:00:00', 645),
(3190, 'Packed Lunch', 'Collection at PLUS Office', 'Packed Lunch', '08:30:00', '09:00:00', 644),
(260, 'Lunch', 'Refectory', 'Lunch', '12:30:00', '13:30:00', 639),
(261, 'Lunch', 'Refectory', 'Lunch', '12:30:00', '13:30:00', 640),
(262, 'Lunch', 'Refectory', 'Lunch', '12:30:00', '13:30:00', 641),
(263, 'Lunch', 'Refectory', 'Lunch', '12:30:00', '13:30:00', 642),
(264, 'Lunch', 'Refectory', 'Lunch', '12:30:00', '13:30:00', 643),
(3192, 'Packed Lunch', 'Collection at PLUS Office', 'Packed Lunch', '08:30:00', '09:00:00', 651),
(266, 'Lunch', 'Refectory', 'Lunch', '12:30:00', '13:30:00', 646),
(3193, 'Packed Lunch', 'Collection at PLUS Office', 'Packed Lunch', '08:30:00', '09:00:00', 652),
(268, 'Lunch', 'Refectory', 'Lunch', '12:30:00', '13:30:00', 647),
(269, 'Lunch', 'Refectory', 'Lunch', '12:30:00', '13:30:00', 648),
(270, 'Lunch', 'Refectory', 'Lunch', '12:30:00', '13:30:00', 649),
(271, 'Lunch', 'Refectory', 'Lunch', '12:30:00', '13:30:00', 650),
(4016, 'Full Day Excursion to London', 'Meeting Point ', 'Full Day Excursion to London', '08:30:00', '18:30:00', 1266),
(274, 'Lunch', 'Refectory', 'Lunch', '12:30:00', '13:30:00', 653),
(275, 'Lunch', 'Refectory', 'Lunch', '12:30:00', '13:30:00', 654),
(276, 'Lunch', 'Refectory', 'Lunch', '12:30:00', '13:30:00', 655),
(277, 'Lunch', 'Refectory', 'Lunch', '12:30:00', '13:30:00', 656),
(278, 'Lunch', 'Refectory', 'Lunch', '12:30:00', '13:30:00', 657),
(3197, 'Packed Lunch', 'Collection at PLUS Office', 'Packed Lunch', '08:30:00', '09:00:00', 666),
(280, 'Lunch', 'Refectory', 'Lunch', '12:30:00', '13:30:00', 660),
(3196, 'Packed Lunch', 'Collection at PLUS Office', 'Packed Lunch', '08:30:00', '09:00:00', 665),
(282, 'Lunch', 'Refectory', 'Lunch', '12:30:00', '13:30:00', 661),
(283, 'Lunch', 'Refectory', 'Lunch', '12:30:00', '13:30:00', 662),
(284, 'Lunch', 'Refectory', 'Lunch', '12:30:00', '13:30:00', 663),
(285, 'Lunch', 'Refectory', 'Lunch', '12:30:00', '13:30:00', 664),
(3198, 'Packed Lunch', 'Collection at PLUS Office', 'Packed Lunch', '08:30:00', '09:00:00', 672),
(3199, 'Packed Lunch', 'Collection at PLUS Office', 'Packed Lunch', '08:30:00', '09:00:00', 673),
(288, 'Lunch', 'Refectory', 'Lunch', '12:30:00', '13:30:00', 667),
(289, 'Lunch', 'Refectory', 'Lunch', '12:30:00', '13:30:00', 668),
(290, 'Lunch', 'Refectory', 'Lunch', '12:30:00', '13:30:00', 669),
(291, 'Lunch', 'Refectory', 'Lunch', '12:30:00', '13:30:00', 670),
(292, 'Lunch', 'Refectory', 'Lunch', '12:30:00', '13:30:00', 671),
(3285, 'Dinner', 'Refectory', 'Dinner', '18:30:00', '19:30:00', 1051),
(3273, 'Early Breakfast', 'The Hub', 'Breakfast early pick up', '07:30:00', '08:30:00', 1266),
(295, 'Lunch', 'Refectory', 'Lunch', '12:30:00', '13:30:00', 674),
(296, 'Dinner', 'Refectory', 'Dinner', '18:30:00', '19:30:00', 621),
(297, 'Dinner', 'Refectory', 'Dinner', '18:30:00', '19:30:00', 622),
(298, 'Dinner', 'Refectory', 'Dinner', '18:30:00', '19:30:00', 623),
(299, 'Dinner', 'Refectory', 'Dinner', '18:30:00', '19:30:00', 624),
(300, 'Dinner', 'Refectory', 'Dinner', '18:30:00', '19:30:00', 625),
(301, 'Dinner', 'Refectory', 'Dinner', '18:30:00', '19:30:00', 626),
(302, 'Dinner', 'Refectory', 'Dinner', '18:30:00', '19:30:00', 627),
(303, 'Dinner', 'Refectory', 'Dinner', '18:30:00', '19:30:00', 628),
(304, 'Dinner', 'Refectory', 'Dinner', '18:30:00', '19:30:00', 629),
(305, 'Dinner', 'Refectory', 'Dinner', '18:30:00', '19:30:00', 630),
(306, 'Dinner', 'Refectory', 'Dinner', '18:30:00', '19:30:00', 631),
(307, 'Dinner', 'Refectory', 'Dinner', '18:30:00', '19:30:00', 632),
(308, 'Dinner', 'Refectory', 'Dinner', '18:30:00', '19:30:00', 633),
(309, 'Dinner', 'Refectory', 'Dinner', '18:30:00', '19:30:00', 634),
(310, 'Dinner', 'Refectory', 'Dinner', '18:30:00', '19:30:00', 635),
(311, 'Dinner', 'Refectory', 'Dinner', '18:30:00', '19:30:00', 636),
(312, 'Dinner', 'Refectory', 'Dinner', '18:30:00', '19:30:00', 637),
(313, 'Dinner', 'Refectory', 'Dinner', '18:30:00', '19:30:00', 638),
(314, 'Dinner', 'Refectory', 'Dinner', '18:30:00', '19:30:00', 639),
(315, 'Dinner', 'Refectory', 'Dinner', '18:30:00', '19:30:00', 640),
(316, 'Dinner', 'Refectory', 'Dinner', '18:30:00', '19:30:00', 641),
(317, 'Dinner', 'Refectory', 'Dinner', '18:30:00', '19:30:00', 642),
(318, 'Dinner', 'Refectory', 'Dinner', '18:30:00', '19:30:00', 643),
(319, 'Dinner', 'Refectory', 'Dinner', '18:30:00', '19:30:00', 644),
(320, 'Dinner', 'Refectory', 'Dinner', '18:30:00', '19:30:00', 645),
(321, 'Dinner', 'Refectory', 'Dinner', '18:30:00', '19:30:00', 646),
(322, 'Dinner', 'Refectory', 'Dinner', '18:30:00', '19:30:00', 647),
(323, 'Dinner', 'Refectory', 'Dinner', '18:30:00', '19:30:00', 648),
(324, 'Dinner', 'Refectory', 'Dinner', '18:30:00', '19:30:00', 649),
(325, 'Dinner', 'Refectory', 'Dinner', '18:30:00', '19:30:00', 650),
(326, 'Dinner', 'Refectory', 'Dinner', '18:30:00', '19:30:00', 651),
(327, 'Dinner', 'Refectory', 'Dinner', '18:30:00', '19:30:00', 652),
(328, 'Dinner', 'Refectory', 'Dinner', '18:30:00', '19:30:00', 653),
(329, 'Dinner', 'Refectory', 'Dinner', '18:30:00', '19:30:00', 654),
(330, 'Dinner', 'Refectory', 'Dinner', '18:30:00', '19:30:00', 655),
(331, 'Dinner', 'Refectory', 'Dinner', '18:30:00', '19:30:00', 656),
(332, 'Dinner', 'Refectory', 'Dinner', '18:30:00', '19:30:00', 657),
(333, 'Dinner', 'Refectory', 'Dinner', '18:30:00', '19:30:00', 658),
(334, 'Dinner', 'Refectory', 'Dinner', '18:30:00', '19:30:00', 659),
(335, 'Dinner', 'Refectory', 'Dinner', '18:30:00', '19:30:00', 660),
(336, 'Dinner', 'Refectory', 'Dinner', '18:30:00', '19:30:00', 661),
(337, 'Dinner', 'Refectory', 'Dinner', '18:30:00', '19:30:00', 662),
(338, 'Dinner', 'Refectory', 'Dinner', '18:30:00', '19:30:00', 663),
(339, 'Dinner', 'Refectory', 'Dinner', '18:30:00', '19:30:00', 664),
(340, 'Dinner', 'Refectory', 'Dinner', '18:30:00', '19:30:00', 665),
(341, 'Dinner', 'Refectory', 'Dinner', '18:30:00', '19:30:00', 666),
(342, 'Dinner', 'Refectory', 'Dinner', '18:30:00', '19:30:00', 667),
(343, 'Dinner', 'Refectory', 'Dinner', '18:30:00', '19:30:00', 668),
(344, 'Dinner', 'Refectory', 'Dinner', '18:30:00', '19:30:00', 669),
(345, 'Dinner', 'Refectory', 'Dinner', '18:30:00', '19:30:00', 670),
(346, 'Dinner', 'Refectory', 'Dinner', '18:30:00', '19:30:00', 671),
(347, 'Dinner', 'Refectory', 'Dinner', '18:30:00', '19:30:00', 672),
(348, 'Dinner', 'Refectory', 'Dinner', '18:30:00', '19:30:00', 673),
(349, 'Dinner', 'Refectory', 'Dinner', '18:30:00', '19:30:00', 674),
(3138, 'Lesson', 'Class', 'Lesson', '09:00:00', '12:30:00', 1293),
(3137, 'Tour of Edinburgh', 'Main Hall Meeting point', 'Tour of Edinburgh - Walking Tour', '14:30:00', '16:30:00', 1293),
(3136, 'Dinner', 'Refectory', 'Dinner', '18:30:00', '19:30:00', 1293),
(3135, 'Relax & Shower time', 'Rooms', 'Relax & Shower time', '17:30:00', '18:30:00', 1293),
(3134, 'Lunch', 'Refectory', 'Lunch', '12:30:00', '13:30:00', 1293),
(3133, 'Evening Activity', 'TBA', 'Activity', '20:30:00', '22:30:00', 1292),
(3132, 'Lesson', 'Class', 'Lesson', '09:00:00', '12:30:00', 1292),
(3131, 'Dinner', 'Refectory', 'Dinner', '18:30:00', '19:30:00', 1292),
(3130, 'Relax & Shower time', 'Rooms', 'Relax & Shower time', '17:30:00', '18:30:00', 1292),
(3129, 'Lunch', 'Refectory', 'Lunch', '12:30:00', '13:30:00', 1292),
(3128, 'Evening Activity', 'TBA', 'Activity', '20:30:00', '22:30:00', 1291),
(3127, 'Lesson', 'Class', 'Lesson', '09:00:00', '12:30:00', 1291),
(3126, 'Swimming ', 'TB', 'Swimming ', '14:30:00', '17:00:00', 1291),
(3125, 'Dinner', 'Refectory', 'Dinner', '18:30:00', '19:30:00', 1291),
(3124, 'Relax & Shower time', 'Rooms', 'Relax & Shower time', '17:30:00', '18:30:00', 1291),
(3123, 'Lunch', 'Refectory', 'Lunch', '12:30:00', '13:30:00', 1291),
(3122, 'Tour of Edinburgh', 'Main Hall Meeting point', 'Tour of Edinburgh - Walking Tour', '14:30:00', '16:30:00', 1291),
(3121, 'Evening Activity', 'TBA', 'Activity', '20:30:00', '22:30:00', 1290),
(3120, 'Lesson', 'Class', 'Lesson', '09:00:00', '12:30:00', 1290),
(3119, 'Dinner', 'Refectory', 'Dinner', '18:30:00', '19:30:00', 1290),
(3118, 'Relax & Shower time', 'Rooms', 'Relax & Shower time', '17:30:00', '18:30:00', 1290),
(3117, 'Lunch', 'Refectory', 'Lunch', '12:30:00', '13:30:00', 1290),
(3116, 'Full Day Excursion', 'Coach meeting point', 'Full Day Excursion to London', '08:30:00', '18:30:00', 1289),
(3115, 'Full Day Excursion', 'Coach meeting point', 'Full Day Excursion to London', '08:30:00', '18:30:00', 1288),
(3114, 'Evening Activity', 'TBA', 'Activity', '20:30:00', '22:30:00', 1287),
(3113, 'Lesson', 'Class', 'Lesson', '09:00:00', '12:30:00', 1287),
(3112, 'Tour of Edinburgh', 'Main Hall Meeting point', 'Tour of Edinburgh - Walking Tour', '14:30:00', '16:30:00', 1287),
(3111, 'Dinner', 'Refectory', 'Dinner', '18:30:00', '19:30:00', 1287),
(3110, 'Relax & Shower time', 'Rooms', 'Relax & Shower time', '17:30:00', '18:30:00', 1287),
(3109, 'Lunch', 'Refectory', 'Lunch', '12:30:00', '13:30:00', 1287),
(3108, 'Evening Activity', 'TBA', 'Activity', '20:30:00', '22:30:00', 1286),
(3107, 'Lesson', 'Class', 'Lesson', '09:00:00', '12:30:00', 1286),
(3106, 'Swimming ', 'TB', 'Swimming ', '14:30:00', '17:00:00', 1286),
(3105, 'Dinner', 'Refectory', 'Dinner', '18:30:00', '19:30:00', 1286),
(3104, 'Relax & Shower time', 'Rooms', 'Relax & Shower time', '17:30:00', '18:30:00', 1286),
(3103, 'Lunch', 'Refectory', 'Lunch', '12:30:00', '13:30:00', 1286),
(3102, 'Tour of Edinburgh', 'Main Hall Meeting point', 'Tour of Edinburgh - Walking Tour', '14:30:00', '16:30:00', 1286),
(3101, 'Evening Activity', 'TBA', 'Activity', '20:30:00', '22:30:00', 1285),
(3988, 'Breakfast', 'Refectory', 'Breakfast', '08:00:00', '09:00:00', 721),
(3099, 'Tour of Edinburgh', 'Main Hall Meeting point', 'Tour of Edinburgh - Walking Tour', '14:30:00', '16:30:00', 1285),
(3098, 'Relax & Shower time', 'Rooms', 'Relax & Shower time', '17:30:00', '18:30:00', 1285),
(3097, 'Dinner', 'Refectory', 'Dinner', '18:30:00', '19:30:00', 1285),
(3096, 'Lunch', 'Refectory', 'Lunch', '12:30:00', '13:30:00', 1285),
(3095, 'Evening Activity', 'TBA', 'Activity', '20:30:00', '22:30:00', 1284),
(3094, 'Lesson', 'Class', 'Lesson', '09:00:00', '12:30:00', 1284),
(3093, 'Tour of Edinburgh', 'Main Hall Meeting point', 'Tour of Edinburgh - Walking Tour', '14:30:00', '16:30:00', 1284),
(3092, 'Dinner', 'Refectory', 'Dinner', '18:30:00', '19:30:00', 1284),
(3091, 'Relax & Shower time', 'Rooms', 'Relax & Shower time', '17:30:00', '18:30:00', 1284),
(3090, 'Lunch', 'Refectory', 'Lunch', '12:30:00', '13:30:00', 1284),
(3089, 'Evening Activity', 'TBA', 'Activity', '20:30:00', '22:30:00', 1283),
(3088, 'Lesson', 'Class', 'Lesson', '09:00:00', '12:30:00', 1283),
(3085, 'Relax & Shower time', 'Rooms', 'Relax & Shower time', '17:30:00', '18:30:00', 1283),
(735, 'Dinner', 'Refectory', 'Dinner', '18:30:00', '19:15:00', 735),
(3086, 'Dinner', 'Refectory', 'Dinner', '18:30:00', '19:30:00', 1283),
(2495, 'Packed Lunch', 'Dining room', 'Packed Lunch', '08:00:00', '08:45:00', 752),
(3087, 'Tour of Edinburgh', 'Main Hall Meeting point', 'Tour of Edinburgh - Walking Tour', '14:30:00', '16:30:00', 1283),
(734, 'Lunch', 'Refectory', 'Lunch', '13:00:00', '13:45:00', 735),
(3084, 'Lunch', 'Refectory', 'Lunch', '12:30:00', '13:30:00', 1283),
(3082, 'Swimming ', 'TB', 'Swimming ', '14:30:00', '17:00:00', 1282),
(3083, 'Breakfast', 'Refectory', 'Breakfast', '08:00:00', '09:00:00', 1282),
(3081, 'Dinner', 'Refectory', 'Dinner', '18:30:00', '19:30:00', 1282),
(3080, 'Free day in Edinburgh', 'Free time for Groups', 'Free time ', '14:30:00', '16:30:00', 1282),
(3079, 'Full Day Excursion', 'Coach meeting point', 'Full Day Excursion to Glasgow', '08:30:00', '18:30:00', 1281),
(3075, 'Lesson', 'Class', 'Lesson', '09:00:00', '12:30:00', 1280),
(3074, 'Dinner', 'Refectory', 'Dinner', '18:30:00', '19:30:00', 1280),
(3073, 'Relax & Shower time', 'Rooms', 'Relax & Shower time', '17:30:00', '18:30:00', 1280),
(3072, 'Lunch', 'Refectory', 'Lunch', '12:30:00', '13:30:00', 1280),
(3071, 'Evening Activity', 'TBA', 'Activity', '20:30:00', '22:30:00', 1279),
(3070, 'Lesson', 'Class', 'Lesson', '09:00:00', '12:30:00', 1279),
(3069, 'Tour of Edinburgh', 'Main Hall Meeting point', 'Tour of Edinburgh - Walking Tour', '14:30:00', '16:30:00', 1279),
(3068, 'Dinner', 'Refectory', 'Dinner', '18:30:00', '19:30:00', 1279),
(3067, 'Relax & Shower time', 'Rooms', 'Relax & Shower time', '17:30:00', '18:30:00', 1279),
(3066, 'Breakfast', 'Refectory', 'Breakfast', '08:00:00', '09:00:00', 1279),
(3065, 'Lunch', 'Refectory', 'Lunch', '12:30:00', '13:30:00', 1279),
(3064, 'Evening Activity', 'TBA', 'Activity', '20:30:00', '22:30:00', 1278),
(3063, 'Lesson', 'Class', 'Lesson', '09:00:00', '12:30:00', 1278),
(3062, 'Swimming ', 'TB', 'Swimming ', '14:30:00', '17:00:00', 1278),
(3061, 'Tour of Edinburgh', 'Main Hall Meeting point', 'Tour of Edinburgh - Edinburgh Castle', '14:30:00', '16:30:00', 1278),
(3060, 'Dinner', 'Refectory', 'Dinner', '18:30:00', '19:30:00', 1278),
(3059, 'Relax & Shower time', 'Rooms', 'Relax & Shower time', '17:30:00', '18:30:00', 1278),
(2480, 'Graduation Ceremony', 'Main Hall', 'Graduation Ceremony Group B', '19:30:00', '20:00:00', 758),
(3058, 'Breakfast', 'Refectory', 'Breakfast', '08:00:00', '09:00:00', 1278),
(3057, 'Lunch', 'Refectory', 'Lunch', '12:30:00', '13:30:00', 1278),
(733, 'Breakfast', 'Dining room', 'Breakfast', '08:00:00', '08:45:00', 735),
(3056, 'Evening Activity', 'TBA', 'Disco', '20:30:00', '22:30:00', 1277),
(3055, 'Tour of Edinburgh', 'Main Hall Meeting point', 'Tour of Edinburgh - Cadies witchery Tours', '14:30:00', '16:30:00', 1277),
(512, 'Check out', 'Rooms', 'Check out', '10:10:00', '10:10:00', 705),
(513, 'Departure to Airport', 'Coach meeting point', 'Departure to Airport', '12:00:00', '12:15:00', 705),
(674, 'Tour of Edinburgh', 'Main Hall Meeting point', 'Tour of Edinburgh - Walking Tour', '09:00:00', '17:00:00', 718),
(515, 'Lunch', 'Refectory', 'Lunch', '12:30:00', '13:30:00', 706),
(516, 'Relax & Shower time', 'Rooms', 'Relax & Shower time', '17:30:00', '18:30:00', 706),
(517, 'Dinner', 'Refectory', 'Dinner', '18:30:00', '19:30:00', 706),
(678, 'Tour of Edinburgh', 'Main Hall Meeting point', 'Tour of Edinburgh - Walking Tour', '09:00:00', '17:00:00', 707),
(520, 'Lunch', 'Refectory', 'Lunch', '12:30:00', '13:30:00', 707),
(521, 'Relax & Shower time', 'Rooms', 'Relax & Shower time', '17:30:00', '18:30:00', 707),
(522, 'Dinner', 'Refectory', 'Dinner', '18:30:00', '19:30:00', 707),
(679, 'Tour of Edinburgh', 'Main Hall Meeting point', 'Tour of Edinburgh - Walking Tour', '09:00:00', '17:00:00', 706),
(524, 'Swimming ', 'TB', 'Swimming ', '14:30:00', '17:00:00', 707),
(4005, 'Full Day Excursion', 'Coach meeting point', 'Full Day Excursion to Glasgow', '08:30:00', '18:30:00', 709),
(527, 'Lunch', 'Refectory', 'Lunch', '12:30:00', '13:30:00', 710),
(529, 'Relax & Shower time', 'Rooms', 'Relax & Shower time', '17:30:00', '18:30:00', 710),
(530, 'Dinner', 'Refectory', 'Dinner', '18:30:00', '19:30:00', 710),
(676, 'Tour of Edinburgh', 'Main Hall Meeting point', 'Tour of Edinburgh - Walking Tour', '09:00:00', '17:00:00', 713),
(532, 'Swimming ', 'TB', 'Swimming ', '14:30:00', '17:00:00', 710),
(534, 'Lunch', 'Refectory', 'Lunch', '12:30:00', '13:30:00', 711),
(535, 'Relax & Shower time', 'Rooms', 'Relax & Shower time', '17:30:00', '18:30:00', 711),
(536, 'Dinner', 'Refectory', 'Dinner', '18:30:00', '19:30:00', 711),
(677, 'Tour of Edinburgh', 'Main Hall Meeting point', 'Tour of Edinburgh - Walking Tour', '09:00:00', '17:00:00', 711),
(539, 'Lunch', 'Refectory', 'Lunch', '12:30:00', '13:30:00', 712),
(540, 'Relax & Shower time', 'Rooms', 'Relax & Shower time', '17:30:00', '18:30:00', 712),
(541, 'Dinner', 'Refectory', 'Dinner', '18:30:00', '19:30:00', 712),
(668, 'Lesson', 'Class', 'Lesson', '14:30:00', '17:30:00', 706),
(544, 'Lunch', 'Refectory', 'Lunch', '12:30:00', '13:30:00', 713),
(545, 'Relax & Shower time', 'Rooms', 'Relax & Shower time', '17:30:00', '18:30:00', 713),
(546, 'Dinner', 'Refectory', 'Dinner', '18:30:00', '19:30:00', 713),
(548, 'Swimming ', 'TB', 'Swimming ', '14:30:00', '17:00:00', 713),
(667, 'Lesson', 'Class', 'Lesson', '14:30:00', '17:30:00', 707),
(550, 'Lunch', 'Refectory', 'Lunch', '12:30:00', '13:30:00', 714),
(551, 'Relax & Shower time', 'Rooms', 'Relax & Shower time', '17:30:00', '18:30:00', 714),
(552, 'Dinner', 'Refectory', 'Dinner', '18:30:00', '19:30:00', 714),
(685, 'Free day in Edinburgh', 'Free time for Groups', 'Free time ', '09:00:00', '17:00:00', 722),
(4006, 'Full Day Excursion', 'Coach meeting point', 'Full Day Excursion to St Andrews + Castle', '08:30:00', '18:30:00', 716),
(3987, 'Breakfast', 'Refectory', 'Breakfast', '08:00:00', '09:00:00', 723),
(666, 'Lesson', 'Class', 'Lesson', '14:30:00', '17:30:00', 710),
(557, 'Lunch', 'Refectory', 'Lunch', '12:30:00', '13:30:00', 717),
(558, 'Relax & Shower time', 'Rooms', 'Relax & Shower time', '17:30:00', '18:30:00', 717),
(559, 'Dinner', 'Refectory', 'Dinner', '18:30:00', '19:30:00', 717),
(675, 'Tour of Edinburgh', 'Main Hall Meeting point', 'Tour of Edinburgh - Walking Tour', '09:00:00', '17:00:00', 717),
(665, 'Lesson', 'Class', 'Lesson', '14:30:00', '17:30:00', 711),
(562, 'Lunch', 'Refectory', 'Lunch', '12:30:00', '13:30:00', 718),
(563, 'Relax & Shower time', 'Rooms', 'Relax & Shower time', '17:30:00', '18:30:00', 718),
(564, 'Dinner', 'Refectory', 'Dinner', '18:30:00', '19:30:00', 718),
(565, 'Swimming ', 'TB', 'Swimming ', '14:30:00', '17:00:00', 718),
(664, 'Lesson', 'Class', 'Lesson', '14:30:00', '17:30:00', 712),
(567, 'Lunch', 'Refectory', 'Lunch', '12:30:00', '13:30:00', 719),
(568, 'Dinner', 'Refectory', 'Dinner', '18:30:00', '19:30:00', 719),
(569, 'Relax & Shower time', 'Rooms', 'Relax & Shower time', '17:30:00', '18:30:00', 719),
(673, 'Tour of Edinburgh', 'Main Hall Meeting point', 'Tour of Edinburgh - Walking Tour', '09:00:00', '17:00:00', 719),
(571, 'Lunch', 'Refectory', 'Lunch', '12:30:00', '13:30:00', 720),
(663, 'Lesson', 'Class', 'Lesson', '14:30:00', '17:30:00', 713),
(573, 'Relax & Shower time', 'Rooms', 'Relax & Shower time', '17:30:00', '18:30:00', 720),
(574, 'Dinner', 'Refectory', 'Dinner', '18:30:00', '19:30:00', 720),
(575, 'Lunch', 'Refectory', 'Lunch', '12:30:00', '13:30:00', 721),
(662, 'Lesson', 'Class', 'Lesson', '14:30:00', '17:30:00', 714),
(577, 'Relax & Shower time', 'Rooms', 'Relax & Shower time', '17:30:00', '18:30:00', 721),
(578, 'Dinner', 'Refectory', 'Dinner', '18:30:00', '19:30:00', 721),
(671, 'Tour of Edinburgh', 'Main Hall Meeting point', 'Tour of Edinburgh - Walking Tour', '09:00:00', '17:00:00', 721),
(580, 'Dinner', 'Refectory', 'Dinner', '18:30:00', '19:30:00', 722),
(672, 'Tour of Edinburgh', 'Main Hall Meeting point', 'Tour of Edinburgh - Walking Tour', '09:00:00', '17:00:00', 720),
(582, 'Swimming ', 'TB', 'Swimming ', '14:30:00', '17:00:00', 722),
(583, 'Dinner', 'Refectory', 'Dinner', '18:30:00', '19:30:00', 723),
(584, 'Full Day Excursion', 'Coach meeting point', 'Full Day Excursion to Glasgow', '08:30:00', '18:30:00', 723),
(657, 'Lesson', 'Class', 'Lesson', '14:30:00', '17:30:00', 721),
(586, 'Lunch', 'Refectory', 'Lunch', '12:30:00', '13:30:00', 724),
(587, 'Relax & Shower time', 'Rooms', 'Relax & Shower time', '17:30:00', '18:30:00', 724),
(588, 'Dinner', 'Refectory', 'Dinner', '18:30:00', '19:30:00', 724),
(590, 'Lunch', 'Refectory', 'Lunch', '12:30:00', '13:30:00', 725),
(650, 'Lesson', 'Class', 'Lesson', '14:30:00', '17:30:00', 731),
(592, 'Breakfast', 'Refectory', 'Breakfast', '08:00:00', '09:00:00', 725),
(593, 'Relax & Shower time', 'Rooms', 'Relax & Shower time', '17:30:00', '18:30:00', 725),
(594, 'Dinner', 'Refectory', 'Dinner', '18:30:00', '19:30:00', 725),
(670, 'Tour of Edinburgh', 'Main Hall Meeting point', 'Tour of Edinburgh - Walking Tour', '09:00:00', '17:00:00', 725),
(596, 'Lunch', 'Refectory', 'Lunch', '12:30:00', '13:30:00', 726),
(653, 'Lesson', 'Class', 'Lesson', '14:30:00', '17:30:00', 727),
(598, 'Breakfast', 'Refectory', 'Breakfast', '08:00:00', '09:00:00', 726),
(599, 'Relax & Shower time', 'Rooms', 'Relax & Shower time', '17:30:00', '18:30:00', 726),
(600, 'Dinner', 'Refectory', 'Dinner', '18:30:00', '19:30:00', 726),
(669, 'Tour of Edinburgh', 'Main Hall Meeting point', 'Tour of Edinburgh - Edinburgh Castle', '09:00:00', '17:00:00', 726),
(602, 'Swimming ', 'TB', 'Swimming ', '14:30:00', '17:00:00', 726),
(603, 'Lunch', 'Refectory', 'Lunch', '12:30:00', '13:30:00', 727),
(652, 'Lesson', 'Class', 'Lesson', '14:30:00', '17:30:00', 728),
(605, 'Breakfast', 'Refectory', 'Breakfast', '08:00:00', '09:00:00', 727),
(606, 'Relax & Shower time', 'Rooms', 'Relax & Shower time', '17:30:00', '18:30:00', 727),
(607, 'Dinner', 'Refectory', 'Dinner', '18:30:00', '19:30:00', 727),
(608, 'Tour of Edinburgh', 'Main Hall Meeting point', 'Tour of Edinburgh - Cadies witchery Tours', '09:00:00', '17:00:00', 727),
(609, 'Lunch', 'Refectory', 'Lunch', '12:30:00', '13:30:00', 728),
(610, 'Relax & Shower time', 'Rooms', 'Relax & Shower time', '17:30:00', '18:30:00', 728),
(654, 'Lesson', 'Class', 'Lesson', '14:30:00', '17:30:00', 726),
(612, 'Breakfast', 'Refectory', 'Breakfast', '08:00:00', '09:00:00', 728),
(613, 'Dinner', 'Refectory', 'Dinner', '18:30:00', '19:30:00', 728),
(614, 'Tour of Edinburgh', 'Main Hall Meeting point', 'Tour of Edinburgh Royal Yacht Britannia', '09:00:00', '17:00:00', 728),
(615, 'Meal Voucher', 'Collection from PLUS office', 'Meal Voucher', '12:30:00', '13:30:00', 729),
(616, 'Breakfast', 'Refectory', 'Breakfast', '08:00:00', '09:00:00', 729),
(617, 'Relax & Shower time', 'Rooms', 'Relax & Shower time', '17:30:00', '18:30:00', 729),
(618, 'Dinner', 'Refectory', 'Dinner', '18:30:00', '19:30:00', 729),
(682, 'Tour of Edinburgh', 'Main Hall Meeting point', 'Tour of Edinburgh - Walking Tour', '09:00:00', '17:00:00', 731),
(621, 'Meal Voucher', 'Collection from PLUS office', 'Meal Voucher', '12:30:00', '13:30:00', 730),
(622, 'Breakfast', 'Refectory', 'Breakfast', '08:00:00', '09:00:00', 730),
(623, 'Relax & Shower time', 'Rooms', 'Relax & Shower time', '17:30:00', '18:30:00', 730),
(624, 'Dinner', 'Refectory', 'Dinner', '18:30:00', '19:30:00', 730),
(625, 'Full Day Excursion', 'Coach meeting point', 'Full Day Excursion to St Andrews + Castle', '08:30:00', '18:30:00', 730),
(628, 'Swimming ', 'TB', 'Swimming ', '14:30:00', '17:00:00', 730),
(629, 'Lunch', 'Refectory', 'Lunch', '12:30:00', '13:30:00', 731),
(655, 'Lesson', 'Class', 'Lesson', '14:30:00', '17:30:00', 725),
(631, 'Breakfast', 'Refectory', 'Breakfast', '08:00:00', '09:00:00', 731),
(632, 'Relax & Shower time', 'Rooms', 'Relax & Shower time', '17:30:00', '18:30:00', 731),
(633, 'Dinner', 'Refectory', 'Dinner', '18:30:00', '19:30:00', 731),
(689, 'Evening Activity', 'TBA', 'Activity', '20:30:00', '22:30:00', 731),
(636, 'Breakfast', 'Refectory', 'Breakfast', '08:00:00', '09:00:00', 732),
(637, 'Lunch', 'Refectory', 'Lunch', '12:30:00', '13:30:00', 732),
(638, 'Dinner', 'Refectory', 'Dinner', '18:30:00', '19:30:00', 732),
(656, 'Lesson', 'Class', 'Lesson', '14:30:00', '17:30:00', 724),
(640, 'Relax & Shower time', 'Rooms', 'Relax & Shower time', '17:30:00', '18:30:00', 732),
(641, 'Evening Activity', 'TBA', 'Activity', '20:30:00', '22:30:00', 732),
(642, 'Tour of Edinburgh', 'Main Hall Meeting point', 'Tour of Edinburgh', '09:00:00', '17:00:00', 732),
(643, 'Staff presentation ', 'Main Hall', 'Staff presentation', '20:00:00', '20:30:00', 733),
(644, 'Welcome Party', 'Hall', 'Welcome Party', '20:30:00', '22:30:00', 733),
(645, 'Group Arrival ', 'Campus', 'Group Arrival', '11:00:00', '11:10:00', 733),
(646, 'Campus Tour', 'Campus', 'Campus Tour', '17:00:00', '17:30:00', 733),
(647, 'Check in', 'Reception ', 'Check in', '12:00:00', '12:30:00', 733),
(648, 'Check out', 'Reception', 'Check out', '10:00:00', '10:05:00', 733),
(649, 'Lesson', 'Class', 'Lesson', '14:30:00', '17:30:00', 732),
(658, 'Lesson', 'Class', 'Lesson', '14:30:00', '17:30:00', 720),
(659, 'Lesson', 'Class', 'Lesson', '14:30:00', '17:30:00', 719),
(660, 'Lesson', 'Class', 'Lesson', '14:30:00', '17:30:00', 718),
(661, 'Lesson', 'Class', 'Lesson', '14:30:00', '17:30:00', 717),
(683, 'Breakfast', 'Refectory', 'Breakfast', '08:00:00', '09:00:00', 724),
(684, 'Breakfast', 'Refectory', 'Breakfast', '08:00:00', '09:00:00', 722),
(688, 'Evening Activity', 'TBA', 'Disco', '20:30:00', '22:30:00', 727),
(693, 'Evening Activity', 'TBA', 'Activity', '20:30:00', '22:30:00', 725),
(694, 'Evening Activity', 'TBA', 'Activity', '20:30:00', '22:30:00', 726),
(692, 'Evening Activity', 'TBA', 'Activity', '20:30:00', '22:30:00', 728),
(695, 'Evening Activity', 'TBA', 'Activity', '20:30:00', '22:30:00', 724),
(696, 'Evening Activity', 'TBA', 'Activity', '20:30:00', '22:30:00', 721),
(697, 'Evening Activity', 'TBA', 'Activity', '20:30:00', '22:30:00', 720),
(698, 'Evening Activity', 'TBA', 'Activity', '20:30:00', '22:30:00', 719),
(699, 'Evening Activity', 'TBA', 'Activity', '20:30:00', '22:30:00', 718),
(700, 'Evening Activity', 'TBA', 'Activity', '20:30:00', '22:30:00', 717),
(701, 'Evening Activity', 'TBA', 'Activity', '20:30:00', '22:30:00', 714),
(702, 'Evening Activity', 'TBA', 'Activity', '20:30:00', '22:30:00', 713),
(703, 'Evening Activity', 'TBA', 'Activity', '20:30:00', '22:30:00', 712),
(704, 'Evening Activity', 'TBA', 'Activity', '20:30:00', '22:30:00', 711),
(705, 'Evening Activity', 'TBA', 'Activity', '20:30:00', '22:30:00', 710),
(706, 'Evening Activity', 'TBA', 'Activity', '20:30:00', '22:30:00', 707),
(707, 'Evening Activity', 'TBA', 'Activity', '20:30:00', '22:30:00', 706),
(3078, 'Dinner', 'Refectory', 'Dinner', '18:30:00', '19:30:00', 1281),
(3077, 'Evening Activity', 'TBA', 'Activity', '20:30:00', '22:30:00', 1280),
(3054, 'Dinner', 'Refectory', 'Dinner', '18:30:00', '19:30:00', 1277),
(3053, 'Relax & Shower time', 'Rooms', 'Relax & Shower time', '17:30:00', '18:30:00', 1277),
(3052, 'Breakfast', 'Refectory', 'Breakfast', '08:00:00', '09:00:00', 1277),
(3051, 'Lunch', 'Refectory', 'Lunch', '12:30:00', '13:30:00', 1277),
(3050, 'Lesson', 'Class', 'Lesson', '09:00:00', '12:30:00', 1277),
(3049, 'Evening Activity', 'TBA', 'Activity', '20:30:00', '22:30:00', 1276),
(3048, 'Tour of Edinburgh', 'Main Hall Meeting point', 'Tour of Edinburgh Royal Yacht Britannia', '14:30:00', '16:30:00', 1276),
(3047, 'Dinner', 'Refectory', 'Dinner', '18:30:00', '19:30:00', 1276),
(3046, 'Breakfast', 'Refectory', 'Breakfast', '08:00:00', '09:00:00', 1276),
(3045, 'Relax & Shower time', 'Rooms', 'Relax & Shower time', '17:30:00', '18:30:00', 1276),
(3044, 'Lunch', 'Refectory', 'Lunch', '12:30:00', '13:30:00', 1276),
(3043, 'Lesson', 'Class', 'Lesson', '09:00:00', '12:30:00', 1276),
(3042, 'Dinner', 'Refectory', 'Dinner', '18:30:00', '19:30:00', 1275),
(3041, 'Relax & Shower time', 'Rooms', 'Relax & Shower time', '17:30:00', '18:30:00', 1275),
(3040, 'Breakfast', 'Refectory', 'Breakfast', '08:00:00', '09:00:00', 1275),
(3039, 'Meal Voucher', 'Collection from PLUS office', 'Meal Voucher', '12:30:00', '13:30:00', 1275),
(3038, 'Swimming ', 'TB', 'Swimming ', '14:30:00', '17:00:00', 1274),
(2494, 'Packed Lunch', 'Dining room', 'Packed Lunch', '08:00:00', '08:45:00', 746),
(738, 'Lesson', 'Class', 'Lesson', '09:00:00', '12:45:00', 735),
(739, 'Lesson', 'Class', 'Lesson', '09:00:00', '12:45:00', 736),
(740, 'Lesson', 'Class', 'Lesson', '09:00:00', '12:45:00', 737),
(741, 'Lesson', 'Class', 'Lesson', '09:00:00', '12:45:00', 740),
(742, 'Lesson', 'Class', 'Lesson', '09:00:00', '12:45:00', 741),
(743, 'Lesson', 'Class', 'Lesson', '09:00:00', '12:45:00', 742),
(744, 'Lesson', 'Class', 'Lesson', '09:00:00', '12:45:00', 743),
(745, 'Lesson', 'Class', 'Lesson', '09:00:00', '12:45:00', 744),
(747, 'Lunch', 'Refectory', 'Lunch', '13:00:00', '13:45:00', 736),
(748, 'Lunch', 'Refectory', 'Lunch', '13:00:00', '13:45:00', 737),
(749, 'Dinner', 'Refectory', 'Dinner', '18:30:00', '19:15:00', 736),
(750, 'Dinner', 'Refectory', 'Dinner', '18:30:00', '19:15:00', 737),
(2398, 'Rugby Academy', 'Grass field', 'Rugby Academy', '14:30:00', '16:30:00', 758),
(2387, 'Breakfast', 'Dining room', 'Breakfast', '08:00:00', '08:45:00', 737),
(2386, 'Breakfast', 'Dining room', 'Breakfast', '08:00:00', '08:45:00', 736),
(2441, 'Breakfast', 'Dining room', 'Breakfast', '08:00:00', '08:45:00', 743),
(2440, 'Breakfast', 'Dining room', 'Breakfast', '08:00:00', '08:45:00', 742),
(2449, 'Breakfast', 'Dining room', 'Breakfast', '08:00:00', '08:45:00', 751),
(758, 'Lunch', 'Refectory', 'Lunch', '13:00:00', '13:45:00', 740),
(759, 'Lunch', 'Refectory', 'Lunch', '13:00:00', '13:45:00', 741),
(760, 'Lunch', 'Refectory', 'Lunch', '13:00:00', '13:45:00', 742),
(761, 'Lunch', 'Refectory', 'Lunch', '13:00:00', '13:45:00', 743),
(762, 'Lunch', 'Refectory', 'Lunch', '13:00:00', '13:45:00', 744),
(763, 'Dinner', 'Refectory', 'Dinner', '18:30:00', '19:15:00', 740),
(764, 'Dinner', 'Refectory', 'Dinner', '18:30:00', '19:15:00', 741),
(765, 'Dinner', 'Refectory', 'Dinner', '18:30:00', '19:15:00', 742),
(766, 'Dinner', 'Refectory', 'Dinner', '18:30:00', '19:15:00', 743),
(767, 'Dinner', 'Refectory', 'Dinner', '18:30:00', '19:15:00', 744),
(2497, 'Packed Lunch', 'Dining room', 'Packed Lunch', '08:00:00', '08:45:00', 759),
(2498, 'Packed Lunch', 'Dining room', 'Packed Lunch', '08:00:00', '08:45:00', 760),
(2448, 'Breakfast', 'Dining room', 'Breakfast', '08:00:00', '08:45:00', 750),
(2447, 'Breakfast', 'Dining room', 'Breakfast', '08:00:00', '08:45:00', 749),
(2388, 'Breakfast', 'Dining room', 'Breakfast', '08:00:00', '08:45:00', 738),
(2396, 'Dance Academy', 'Dance Studio', 'Dance Academy', '14:30:00', '16:30:00', 756),
(774, 'Dinner', 'Refectory', 'Dinner', '18:30:00', '19:15:00', 745),
(775, 'Dinner', 'Refectory', 'Dinner', '18:30:00', '19:15:00', 746),
(2474, 'Sport ', 'Sport Hall', 'Sport', '09:00:00', '12:45:00', 747),
(2446, 'Breakfast', 'Dining room', 'Breakfast', '08:00:00', '08:45:00', 748),
(2445, 'Breakfast', 'Dining room', 'Breakfast', '08:00:00', '08:45:00', 747),
(2444, 'Breakfast', 'Dining room', 'Breakfast', '08:00:00', '08:45:00', 746),
(2443, 'Breakfast', 'Dining room', 'Breakfast', '08:00:00', '08:45:00', 745),
(2442, 'Breakfast', 'Dining room', 'Breakfast', '08:00:00', '08:45:00', 744),
(2450, 'Breakfast', 'Dining room', 'Breakfast', '08:00:00', '08:45:00', 752),
(2437, 'Breakfast', 'Dining room', 'Breakfast', '08:00:00', '08:45:00', 739),
(2438, 'Breakfast', 'Dining room', 'Breakfast', '08:00:00', '08:45:00', 740),
(2439, 'Breakfast', 'Dining room', 'Breakfast', '08:00:00', '08:45:00', 741),
(2451, 'Breakfast', 'Dining room', 'Breakfast', '08:00:00', '08:45:00', 753),
(2452, 'Breakfast', 'Dining room', 'Breakfast', '08:00:00', '08:45:00', 754),
(2453, 'Breakfast', 'Dining room', 'Breakfast', '08:00:00', '08:45:00', 755),
(2454, 'Breakfast', 'Dining room', 'Breakfast', '08:00:00', '08:45:00', 756),
(2455, 'Breakfast', 'Dining room', 'Breakfast', '08:00:00', '08:45:00', 757),
(2501, 'Packed Lunch', 'Collection at the Hub/Canteen', 'Packed Lunch', '08:00:00', '09:00:00', 767),
(2492, 'Packed Lunch', 'Dining room', 'Packed Lunch', '08:00:00', '08:45:00', 739),
(2491, 'Packed Lunch', 'Dining room', 'Packed Lunch', '08:00:00', '08:45:00', 738),
(798, 'Lunch', 'Refectory', 'Lunch', '13:00:00', '13:45:00', 747),
(799, 'Lunch', 'Refectory', 'Lunch', '13:00:00', '13:45:00', 748),
(800, 'Lunch', 'Refectory', 'Lunch', '13:00:00', '13:45:00', 749),
(801, 'Lunch', 'Refectory', 'Lunch', '13:00:00', '13:45:00', 750),
(802, 'Lunch', 'Refectory', 'Lunch', '13:00:00', '13:45:00', 751),
(803, 'Lunch', 'Refectory', 'Lunch', '13:00:00', '13:45:00', 754),
(804, 'Lunch', 'Refectory', 'Lunch', '13:00:00', '13:45:00', 755),
(805, 'Lunch', 'Refectory', 'Lunch', '13:00:00', '13:45:00', 756),
(806, 'Lunch', 'Refectory', 'Lunch', '13:00:00', '13:45:00', 757),
(807, 'Lunch', 'Refectory', 'Lunch', '13:00:00', '13:45:00', 758),
(808, 'Lunch', 'Refectory', 'Lunch', '13:00:00', '13:45:00', 761),
(809, 'Lunch', 'Refectory', 'Lunch', '13:00:00', '13:45:00', 762),
(810, 'Dinner', 'Refectory', 'Dinner', '18:30:00', '19:15:00', 747),
(811, 'Dinner', 'Refectory', 'Dinner', '18:30:00', '19:15:00', 748),
(812, 'Dinner', 'Refectory', 'Dinner', '18:30:00', '19:15:00', 749),
(813, 'Dinner', 'Refectory', 'Dinner', '18:30:00', '19:15:00', 750),
(814, 'Dinner', 'Refectory', 'Dinner', '18:30:00', '19:15:00', 751),
(815, 'Dinner', 'Refectory', 'Dinner', '18:30:00', '19:15:00', 752),
(816, 'Dinner', 'Refectory', 'Dinner', '18:30:00', '19:15:00', 753),
(817, 'Dinner', 'Refectory', 'Dinner', '18:30:00', '19:15:00', 754),
(818, 'Dinner', 'Refectory', 'Dinner', '18:30:00', '19:15:00', 755),
(819, 'Dinner', 'Refectory', 'Dinner', '18:30:00', '19:15:00', 756),
(820, 'Dinner', 'Refectory', 'Dinner', '18:30:00', '19:15:00', 757),
(821, 'Dinner', 'Refectory', 'Dinner', '18:30:00', '19:15:00', 758),
(822, 'Dinner', 'Refectory', 'Dinner', '18:30:00', '19:15:00', 759),
(823, 'Dinner', 'Refectory', 'Dinner', '18:30:00', '19:15:00', 760),
(824, 'Dinner', 'Refectory', 'Dinner', '18:30:00', '19:15:00', 761),
(947, 'Swimming ', 'Swimming pool', 'Swimming ', '20:30:00', '22:30:00', 746),
(827, 'Lesson', 'Class', 'Lesson', '09:00:00', '12:45:00', 749),
(828, 'Lesson', 'Class', 'Lesson', '09:00:00', '12:45:00', 750),
(829, 'Lesson', 'Class', 'Lesson', '09:00:00', '12:45:00', 751),
(831, 'Lesson', 'Class', 'Lesson', '09:00:00', '12:45:00', 754),
(832, 'Lesson', 'Class', 'Lesson', '09:00:00', '12:45:00', 755),
(833, 'Lesson', 'Class', 'Lesson', '09:00:00', '12:45:00', 756),
(834, 'Lesson', 'Class', 'Lesson', '09:00:00', '12:45:00', 757),
(835, 'Lesson', 'Class', 'Lesson', '09:00:00', '12:45:00', 758),
(2475, 'Sport ', 'Sport Hall', 'Sport', '09:00:00', '12:45:00', 761),
(837, 'Full Day Excursion', 'Coach meeting point', 'Full Day Excursion London', '08:30:00', '18:30:00', 738),
(838, 'Full Day Excursion', 'Coach meeting point', 'Full Day Excursion Oxford', '08:30:00', '18:30:00', 739),
(839, 'Full Day Excursion', 'Coach meeting point', 'Full Day Excursion Portsmouth', '08:30:00', '18:30:00', 745),
(840, 'Full Day Excursion', 'Coach meeting point', 'Full Day Excursion London', '08:30:00', '18:30:00', 746),
(841, 'Full Day Excursion', 'Coach meeting point', 'Full Day Excursion London', '08:30:00', '18:30:00', 752),
(842, 'Full Day Excursion', 'Coach meeting point', 'Full Day Excursion Oxford', '08:30:00', '18:30:00', 753),
(843, 'Full Day Excursion', 'Coach meeting point', 'Full Day Excursion Portsmouth', '08:30:00', '18:30:00', 759),
(844, 'Full Day Excursion', 'Coach meeting point', 'Full Day Excursion London', '08:30:00', '18:30:00', 760),
(903, 'Disco', 'Main School/ Mairlot Hall', 'Disco', '20:30:00', '22:30:00', 737),
(846, 'Check in', 'Reception', 'Check in', '14:00:00', '14:14:00', 734),
(847, 'Group Arrival', 'Main Campus', 'Group Arrival', '14:00:00', '14:05:00', 734),
(2382, 'Check out', 'Reception', 'Check out', '10:00:00', '10:10:00', 762),
(2478, 'Graduation Ceremony', 'Main Hall', 'Graduation Ceremony Group A', '19:00:00', '19:30:00', 747),
(850, 'Campus Tour', 'Meeting at reception', 'Campus Tour', '17:00:00', '17:30:00', 734),
(851, 'Staff Presentation', 'Main School/ Mairlot Hall', 'Staff Presentation', '20:00:00', '20:30:00', 734),
(861, 'Relaxing and Shower/Free time', 'Rooms', 'Relaxing and Shower/Free time', '16:30:00', '18:30:00', 736),
(860, 'Relaxing and Shower/Free time', 'Rooms', 'Relaxing and Shower/Free time', '16:30:00', '18:30:00', 735),
(856, 'Relaxing and Shower/Free time', 'Rooms', 'Relaxing and Shower/Free time', '16:30:00', '18:30:00', 734),
(857, 'Football Academy', 'Astroturf', 'Football Academy', '14:30:00', '16:30:00', 735),
(858, 'Dance Academy', 'Dance Studio', 'Dance Academy', '14:30:00', '16:30:00', 735),
(859, 'Rugby Academy', 'Grass field', 'Rugby Academy', '14:30:00', '16:30:00', 735),
(862, 'Relaxing and Shower/Free time', 'Rooms', 'Relaxing and Shower/Free time', '16:30:00', '18:30:00', 737),
(863, 'Relaxing and Shower/Free time', 'Rooms', 'Relaxing and Shower/Free time', '16:30:00', '18:30:00', 738),
(864, 'Relaxing and Shower/Free time', 'Rooms', 'Relaxing and Shower/Free time', '16:30:00', '18:30:00', 739),
(865, 'Relaxing and Shower/Free time', 'Rooms', 'Relaxing and Shower/Free time', '16:30:00', '18:30:00', 740),
(866, 'Relaxing and Shower/Free time', 'Rooms', 'Relaxing and Shower/Free time', '16:30:00', '18:30:00', 741),
(867, 'Relaxing and Shower/Free time', 'Rooms', 'Relaxing and Shower/Free time', '16:30:00', '18:30:00', 742),
(868, 'Relaxing and Shower/Free time', 'Rooms', 'Relaxing and Shower/Free time', '16:30:00', '18:30:00', 743),
(869, 'Relaxing and Shower/Free time', 'Rooms', 'Relaxing and Shower/Free time', '16:30:00', '18:30:00', 744),
(870, 'Relaxing and Shower/Free time', 'Rooms', 'Relaxing and Shower/Free time', '16:30:00', '18:30:00', 745),
(871, 'Relaxing and Shower/Free time', 'Rooms', 'Relaxing and Shower/Free time', '16:30:00', '18:30:00', 746),
(872, 'Relaxing and Shower/Free time', 'Rooms', 'Relaxing and Shower/Free time', '16:30:00', '18:30:00', 747),
(873, 'Relaxing and Shower/Free time', 'Rooms', 'Relaxing and Shower/Free time', '16:30:00', '18:30:00', 748),
(874, 'Relaxing and Shower/Free time', 'Rooms', 'Relaxing and Shower/Free time', '16:30:00', '18:30:00', 749),
(875, 'Relaxing and Shower/Free time', 'Rooms', 'Relaxing and Shower/Free time', '16:30:00', '18:30:00', 750),
(876, 'Relaxing and Shower/Free time', 'Rooms', 'Relaxing and Shower/Free time', '16:30:00', '18:30:00', 751),
(877, 'Relaxing and Shower/Free time', 'Rooms', 'Relaxing and Shower/Free time', '16:30:00', '18:30:00', 752),
(878, 'Relaxing and Shower/Free time', 'Rooms', 'Relaxing and Shower/Free time', '16:30:00', '18:30:00', 753),
(879, 'Relaxing and Shower/Free time', 'Rooms', 'Relaxing and Shower/Free time', '16:30:00', '18:30:00', 754),
(880, 'Relaxing and Shower/Free time', 'Rooms', 'Relaxing and Shower/Free time', '16:30:00', '18:30:00', 755),
(881, 'Relaxing and Shower/Free time', 'Rooms', 'Relaxing and Shower/Free time', '16:30:00', '18:30:00', 756),
(882, 'Relaxing and Shower/Free time', 'Rooms', 'Relaxing and Shower/Free time', '16:30:00', '18:30:00', 757),
(883, 'Relaxing and Shower/Free time', 'Rooms', 'Relaxing and Shower/Free time', '16:30:00', '18:30:00', 758),
(884, 'Relaxing and Shower/Free time', 'Rooms', 'Relaxing and Shower/Free time', '16:30:00', '18:30:00', 759),
(885, 'Relaxing and Shower/Free time', 'Rooms', 'Relaxing and Shower/Free time', '16:30:00', '18:30:00', 760),
(886, 'Relaxing and Shower/Free time', 'Rooms', 'Relaxing and Shower/Free time', '16:30:00', '18:30:00', 761),
(889, 'Excursion Presentation ', 'Main Hall', 'Excursion Presentation', '14:00:00', '14:45:00', 744),
(888, 'Excursion Presentation ', 'Main Hall', 'Excursion Presentation', '14:00:00', '14:45:00', 737),
(890, 'Excursion Presentation ', 'Main Hall', 'Excursion Presentation', '14:00:00', '14:45:00', 751),
(891, 'Excursion Presentation ', 'Main Hall', 'Excursion Presentation', '14:00:00', '14:45:00', 758),
(2477, 'Graduation Ceremony', 'Main Hall', 'Graduation Ceremony Group A', '19:00:00', '19:30:00', 758),
(897, 'Students'' Questionnaire', 'Class', 'Students'' Questionnaire', '12:30:00', '13:00:00', 741),
(2479, 'Graduation Ceremony', 'Main Hall', 'Graduation Ceremony Group B', '19:30:00', '20:00:00', 747),
(898, 'Students'' Questionnaire', 'Class', 'Students'' Questionnaire', '12:30:00', '13:00:00', 748),
(902, 'Disco', 'Main School/ Mairlot Hall', 'Disco', '20:30:00', '22:30:00', 735),
(900, 'Students'' Questionnaire', 'Class', 'Students'' Questionnaire', '12:30:00', '13:00:00', 755),
(904, 'Disco', 'Main School/ Mairlot Hall', 'Disco - Fancy Dress', '20:30:00', '22:30:00', 741),
(905, 'Disco', 'Main School/ Mairlot Hall', 'Disco', '20:30:00', '22:30:00', 743);
INSERT INTO `frontweb_fixed_day_activity_details` (`fixed_day_activity_details_id`, `program_name`, `location`, `activity`, `from_time`, `to_time`, `fixed_day_activity_id`) VALUES
(906, 'Disco', 'Main School/ Mairlot Hall', 'Disco', '20:30:00', '22:30:00', 749),
(907, 'Disco', 'Main School/ Mairlot Hall', 'Disco', '20:30:00', '22:30:00', 751),
(2430, 'Disco', 'Main School/ Mairlot Hall', 'Disco', '20:30:00', '22:30:00', 757),
(911, 'Football Academy', 'Astroturf', 'Football Academy', '14:30:00', '16:30:00', 737),
(913, 'Rugby Academy', 'Grass field', 'Rugby Academy', '14:30:00', '16:30:00', 737),
(914, 'Football Academy', 'Astroturf', 'Football Academy', '14:30:00', '16:30:00', 740),
(2461, 'Sport ', 'Sport Hall', 'Sport', '14:30:00', '18:00:00', 736),
(916, 'Rugby Academy', 'Grass field', 'Rugby Academy', '14:30:00', '16:30:00', 740),
(917, 'Football Academy', 'Astroturf', 'Football Academy', '14:30:00', '16:30:00', 742),
(2389, 'Dance Academy', 'Dance Studio', 'Dance Academy', '14:30:00', '16:30:00', 737),
(919, 'Rugby Academy', 'Grass field', 'Rugby Academy', '14:30:00', '16:30:00', 742),
(920, 'Football Academy', 'Astroturf', 'Football Academy', '14:30:00', '16:30:00', 744),
(2390, 'Dance Academy', 'Dance Studio', 'Dance Academy', '14:30:00', '16:30:00', 740),
(922, 'Rugby Academy', 'Grass field', 'Rugby Academy', '14:30:00', '16:30:00', 744),
(923, 'Football Academy', 'Astroturf', 'Football Academy', '14:30:00', '16:30:00', 749),
(2391, 'Dance Academy', 'Dance Studio', 'Dance Academy', '14:30:00', '16:30:00', 742),
(925, 'Rugby Academy', 'Grass field', 'Rugby Academy', '14:30:00', '16:30:00', 749),
(926, 'Football Academy', 'Astroturf', 'Football Academy', '14:30:00', '16:30:00', 751),
(2392, 'Dance Academy', 'Dance Studio', 'Dance Academy', '14:30:00', '16:30:00', 744),
(928, 'Rugby Academy', 'Grass field', 'Rugby Academy', '14:30:00', '16:30:00', 751),
(929, 'Football Academy', 'Astroturf', 'Football Academy', '14:30:00', '16:30:00', 754),
(2393, 'Dance Academy', 'Dance Studio', 'Dance Academy', '14:30:00', '16:30:00', 749),
(931, 'Rugby Academy', 'Grass field', 'Rugby Academy', '14:30:00', '16:30:00', 754),
(932, 'Football Academy', 'Astroturf', 'Football Academy', '14:30:00', '16:30:00', 756),
(2394, 'Dance Academy', 'Dance Studio', 'Dance Academy', '14:30:00', '16:30:00', 751),
(934, 'Rugby Academy', 'Grass field', 'Rugby Academy', '14:30:00', '16:30:00', 756),
(935, 'Football Academy', 'Astroturf', 'Football Academy', '14:30:00', '16:30:00', 758),
(2397, 'Dance Academy', 'Dance Studio', 'Dance Academy', '14:30:00', '16:30:00', 758),
(2395, 'Dance Academy', 'Dance Studio', 'Dance Academy', '14:30:00', '16:30:00', 754),
(2462, 'Swimming ', 'Swimming pool', 'Swimming ', '14:30:00', '18:00:00', 736),
(939, 'Sport Organized by PLUS Staff', 'Sport Hall', 'Team building games', '14:30:00', '16:30:00', 747),
(946, 'Swimming ', 'Swimming pool', 'Swimming ', '20:30:00', '22:30:00', 745),
(941, 'Swimming ', 'Swimming pool', 'Swimming ', '14:30:00', '16:30:00', 747),
(2463, 'Swimming ', 'Swimming pool', 'Swimming ', '14:30:00', '18:00:00', 743),
(2464, 'Sport ', 'Astroturf', 'Sport', '14:30:00', '18:00:00', 743),
(2473, 'Sport ', 'Sport Hall', 'Sport', '14:30:00', '18:00:00', 757),
(948, 'Swimming ', 'Swimming pool', 'Swimming ', '20:30:00', '22:30:00', 752),
(3037, 'Full Day Excursion', 'Coach meeting point', 'Full Day Excursion to St Andrews + Castle', '08:30:00', '18:30:00', 1274),
(957, 'Sport ', 'Astroturf', 'Sport', '14:30:00', '16:30:00', 748),
(958, 'Swimming ', 'Swimming pool', 'Swimming ', '14:30:00', '16:30:00', 748),
(2465, 'Lesson', 'Class', 'Lesson', '14:30:00', '16:30:00', 741),
(959, 'Sport ', 'Astroturf', 'Sport', '14:30:00', '16:30:00', 750),
(960, 'Swimming ', 'Swimming pool', 'Swimming ', '14:30:00', '16:30:00', 750),
(2470, 'Team Sport', 'Sport Hall', 'Team Sport', '14:30:00', '18:00:00', 747),
(2469, 'Lesson', 'Class', 'Lesson', '14:30:00', '16:30:00', 755),
(963, 'Swimming ', 'Swimming pool', 'Swimming ', '20:30:00', '22:30:00', 738),
(964, 'Swimming ', 'Swimming pool', 'Swimming ', '20:30:00', '22:30:00', 739),
(3036, 'Dinner', 'Refectory', 'Dinner', '18:30:00', '19:30:00', 1274),
(3035, 'Relax & Shower time', 'Rooms', 'Relax & Shower time', '17:30:00', '18:30:00', 1274),
(3034, 'Breakfast', 'Refectory', 'Breakfast', '08:00:00', '09:00:00', 1274),
(3033, 'Meal Voucher', 'Collection from PLUS office', 'Meal Voucher', '12:30:00', '13:30:00', 1274),
(3032, 'Evening Activity', 'TBA', 'Activity', '20:30:00', '22:30:00', 1273),
(3031, 'Dinner', 'Refectory', 'Dinner', '18:30:00', '19:30:00', 1273),
(3030, 'Relax & Shower time', 'Rooms', 'Relax & Shower time', '17:30:00', '18:30:00', 1273),
(3029, 'Breakfast', 'Refectory', 'Breakfast', '08:00:00', '09:00:00', 1273),
(3028, 'Lunch', 'Refectory', 'Lunch', '12:30:00', '13:30:00', 1273),
(3027, 'Tour of Edinburgh', 'Main Hall Meeting point', 'Tour of Edinburgh - Walking Tour', '14:30:00', '16:30:00', 1273),
(3026, 'Lesson', 'Class', 'Lesson', '09:00:00', '12:30:00', 1273),
(3025, 'Lesson', 'Class', 'Lesson', '09:00:00', '12:30:00', 1272),
(3024, 'Tour of Edinburgh', 'Main Hall Meeting point', 'Tour of Edinburgh', '14:30:00', '16:30:00', 1272),
(3023, 'Evening Activity', 'TBA', 'Activity', '20:30:00', '22:30:00', 1272),
(3022, 'Relax & Shower time', 'Rooms', 'Relax & Shower time', '17:30:00', '18:30:00', 1272),
(3021, 'Dinner', 'Refectory', 'Dinner', '18:30:00', '19:30:00', 1272),
(3020, 'Lunch', 'Refectory', 'Lunch', '12:30:00', '13:30:00', 1272),
(3019, 'Breakfast', 'Refectory', 'Breakfast', '08:00:00', '09:00:00', 1272),
(1094, 'Breakfast', 'The Hub/Refectory', 'Breakfast', '08:00:00', '09:00:00', 765),
(993, 'Lunch', 'Refectory', 'Lunch', '13:00:00', '14:00:00', 764),
(994, 'Dinner', 'Refectory', 'Dinner', '18:30:00', '19:30:00', 764),
(2681, 'Breakfast', 'The Hub/Refectory', 'Breakfast', '08:00:00', '09:00:00', 781),
(2682, 'Breakfast', 'The Hub/Refectory', 'Breakfast', '08:00:00', '09:00:00', 782),
(997, 'Lunch', 'Refectory', 'Lunch', '13:00:00', '14:00:00', 765),
(998, 'Lunch', 'Refectory', 'Lunch', '13:00:00', '14:00:00', 766),
(999, 'Dinner', 'Refectory', 'Dinner', '18:30:00', '19:30:00', 765),
(1000, 'Dinner', 'Refectory', 'Dinner', '18:30:00', '19:30:00', 766),
(1001, 'Dinner', 'Refectory', 'Dinner', '18:30:00', '19:30:00', 767),
(1002, 'Dinner', 'Refectory', 'Dinner', '18:30:00', '19:30:00', 768),
(1003, 'Dinner', 'Refectory', 'Dinner', '18:30:00', '19:30:00', 769),
(1004, 'Dinner', 'Refectory', 'Dinner', '18:30:00', '19:30:00', 770),
(1005, 'Dinner', 'Refectory', 'Dinner', '18:30:00', '19:30:00', 771),
(1007, 'Lunch', 'Refectory', 'Lunch', '13:00:00', '14:00:00', 769),
(1008, 'Lunch', 'Refectory', 'Lunch', '13:00:00', '14:00:00', 770),
(1009, 'Lunch', 'Refectory', 'Lunch', '13:00:00', '14:00:00', 771),
(1097, 'Breakfast', 'Refectory', 'Breakfast', '08:00:00', '09:00:00', 768),
(2679, 'Breakfast', 'The Hub/Refectory', 'Breakfast', '08:00:00', '09:00:00', 779),
(2680, 'Breakfast', 'The Hub/Refectory', 'Breakfast', '08:00:00', '09:00:00', 780),
(2678, 'Breakfast', 'The Hub/Refectory', 'Breakfast', '08:00:00', '09:00:00', 778),
(2674, 'Breakfast', 'The Hub/Refectory', 'Breakfast', '08:00:00', '09:00:00', 774),
(2675, 'Breakfast', 'The Hub/Refectory', 'Breakfast', '08:00:00', '09:00:00', 775),
(2676, 'Breakfast', 'The Hub/Refectory', 'Breakfast', '08:00:00', '09:00:00', 776),
(2671, 'Breakfast', 'The Hub/Refectory', 'Breakfast', '08:00:00', '09:00:00', 771),
(2672, 'Breakfast', 'The Hub/Refectory', 'Breakfast', '08:00:00', '09:00:00', 772),
(2673, 'Breakfast', 'The Hub/Refectory', 'Breakfast', '08:00:00', '09:00:00', 773),
(2677, 'Breakfast', 'The Hub/Refectory', 'Breakfast', '08:00:00', '09:00:00', 777),
(1121, 'Lesson', 'Class', 'Lesson', '09:00:00', '12:45:00', 786),
(2915, 'Half Day ', 'Reception', 'Half Day Walking Tour Brighton', '14:30:00', '17:30:00', 1260),
(2914, 'Relaxing and Shower/Free time', 'Rooms', 'Relaxing and Shower/Free time', '17:30:00', '18:30:00', 1260),
(2513, 'Disco', 'The Hub/Top floor', 'Disco', '20:30:00', '22:30:00', 786),
(2514, 'Disco', 'The Hub/Top floor', 'Disco', '20:30:00', '22:30:00', 790),
(2515, 'Karaoke', 'The Hub/Restaurant area', 'Karaoke', '20:30:00', '22:30:00', 785),
(1035, 'Lunch', 'Refectory', 'Lunch', '13:00:00', '14:00:00', 772),
(1036, 'Lunch', 'Refectory', 'Lunch', '13:00:00', '14:00:00', 773),
(1037, 'Dinner', 'Refectory', 'Dinner', '18:30:00', '19:30:00', 772),
(1038, 'Dinner', 'Refectory', 'Dinner', '18:30:00', '19:30:00', 773),
(1039, 'Meal Voucher ', 'Collection at PLUS Office', 'Meal Voucher', '13:00:00', '14:00:00', 776),
(1040, 'Lunch', 'Refectory', 'Lunch', '13:00:00', '14:00:00', 777),
(1041, 'Lunch', 'Refectory', 'Lunch', '13:00:00', '14:00:00', 778),
(1042, 'Lunch', 'Refectory', 'Lunch', '13:00:00', '14:00:00', 779),
(1043, 'Lunch', 'Refectory', 'Lunch', '13:00:00', '14:00:00', 780),
(1044, 'Dinner', 'Refectory', 'Dinner', '18:30:00', '19:30:00', 776),
(1045, 'Dinner', 'Refectory', 'Dinner', '18:30:00', '19:30:00', 775),
(1046, 'Dinner', 'Refectory', 'Dinner', '18:30:00', '19:30:00', 774),
(1047, 'Dinner', 'Refectory', 'Dinner', '18:30:00', '19:30:00', 777),
(1048, 'Dinner', 'Refectory', 'Dinner', '18:30:00', '19:30:00', 778),
(1049, 'Dinner', 'Refectory', 'Dinner', '18:30:00', '19:30:00', 779),
(1050, 'Dinner', 'Refectory', 'Dinner', '18:30:00', '19:30:00', 780),
(1051, 'Lunch', 'Refectory', 'Lunch', '13:00:00', '14:00:00', 783),
(1052, 'Dinner', 'Refectory', 'Dinner', '18:30:00', '19:30:00', 781),
(1053, 'Dinner', 'Refectory', 'Dinner', '18:30:00', '19:30:00', 782),
(1054, 'Dinner', 'Refectory', 'Dinner', '18:30:00', '19:30:00', 783),
(1055, 'Dinner', 'Refectory', 'Dinner', '18:30:00', '19:30:00', 784),
(1056, 'Lunch', 'Refectory', 'Lunch', '13:00:00', '14:00:00', 784),
(1057, 'Lunch', 'Refectory', 'Lunch', '13:00:00', '14:00:00', 785),
(1058, 'Lunch', 'Refectory', 'Lunch', '13:00:00', '14:00:00', 786),
(1059, 'Dinner', 'Refectory', 'Dinner', '18:30:00', '19:30:00', 785),
(1060, 'Dinner', 'Refectory', 'Dinner', '18:30:00', '19:30:00', 786),
(1061, 'Dinner', 'Refectory', 'Dinner', '18:30:00', '19:30:00', 787),
(1062, 'Dinner', 'Refectory', 'Dinner', '18:30:00', '19:30:00', 788),
(1063, 'Dinner', 'Refectory', 'Dinner', '18:30:00', '19:30:00', 789),
(1064, 'Dinner', 'Refectory', 'Dinner', '18:30:00', '19:30:00', 790),
(1068, 'Lesson', 'Class', 'Lesson', '09:00:00', '12:45:00', 765),
(1066, 'Lunch', 'Refectory', 'Lunch', '13:00:00', '14:00:00', 790),
(1067, 'Lunch', 'Refectory', 'Lunch', '13:00:00', '14:00:00', 787),
(1069, 'Lesson', 'Class', 'Lesson', '09:00:00', '12:45:00', 766),
(1093, 'Lesson', 'Class', 'Lesson', '09:00:00', '12:45:00', 764),
(1072, 'Lesson', 'Class', 'Lesson', '09:00:00', '12:45:00', 769),
(2692, 'Lesson', 'Class', 'Lesson', '14:30:00', '17:00:00', 769),
(1074, 'Lesson', 'Class', 'Lesson', '09:00:00', '12:45:00', 771),
(1075, 'Lesson', 'Class', 'Lesson', '09:00:00', '12:45:00', 772),
(1076, 'Lesson', 'Class', 'Lesson', '09:00:00', '12:45:00', 773),
(2670, 'Breakfast', 'The Hub/Refectory', 'Breakfast', '08:00:00', '09:00:00', 770),
(2706, 'Full Day Excursion', 'Coach meeting point', 'Full Day Excursion London', '08:30:00', '18:30:00', 776),
(1080, 'Lesson', 'Class', 'Lesson', '09:00:00', '12:45:00', 777),
(1081, 'Lesson', 'Class', 'Lesson', '09:00:00', '12:45:00', 778),
(1082, 'Lesson', 'Class', 'Lesson', '09:00:00', '12:45:00', 779),
(1083, 'Lesson', 'Class', 'Lesson', '09:00:00', '12:45:00', 780),
(2669, 'Breakfast', 'The Hub/Refectory', 'Breakfast', '08:00:00', '09:00:00', 769),
(1086, 'Lesson', 'Class', 'Lesson', '09:00:00', '12:45:00', 783),
(1087, 'Lesson', 'Class', 'Lesson', '09:00:00', '12:45:00', 784),
(1088, 'Lesson', 'Class', 'Lesson', '09:00:00', '12:45:00', 785),
(1090, 'Lesson', 'Class', 'Lesson', '09:00:00', '12:45:00', 787),
(2668, 'Breakfast', 'The Hub/Refectory', 'Breakfast', '08:00:00', '09:00:00', 767),
(2743, 'Shopping  in Town', 'In town', 'Shopping in Town', '09:00:00', '12:45:00', 790),
(2667, 'Breakfast', 'The Hub/Refectory', 'Breakfast', '08:00:00', '09:00:00', 766),
(2665, 'Half Day ', 'Reception', 'Half Day Walking Tour Brighton', '14:30:00', '17:30:00', 770),
(2752, '3 choices of movies', 'The Hub', 'Movie night', '20:30:00', '22:30:00', 775),
(2721, 'Lesson', 'Class', 'Lesson', '14:30:00', '17:30:00', 784),
(2502, 'Packed Lunch', 'Collection at the Hub/Canteen', 'Packed Lunch', '08:00:00', '09:00:00', 774),
(2661, 'Sport ', 'Grass Area', 'Sport', '09:00:00', '12:45:00', 768),
(2660, 'Lesson', 'Class', 'Lesson', '14:30:00', '17:30:00', 765),
(2697, 'Rounders', 'Grass Area', 'Rounders', '14:30:00', '17:30:00', 772),
(2696, 'General Sport ', 'Sport Hall', 'Sport', '14:30:00', '17:30:00', 772),
(2712, 'Football ', 'Synthetic Pitch', 'Football ', '14:30:00', '17:30:00', 779),
(2711, 'Rounders', 'Grass Area', 'Rounders', '14:30:00', '17:30:00', 779),
(2723, 'Sport ', 'Coldean School Field', 'Football ', '14:00:00', '17:00:00', 786),
(2741, 'Football ', 'Synthetic Pitch', 'Football ', '14:00:00', '17:00:00', 789),
(2729, 'Team Challanges', 'Sport Hall', 'Team Challanges', '09:00:00', '12:45:00', 789),
(2740, 'Rounders', 'Grass Area', 'Rounders', '14:00:00', '17:00:00', 789),
(1150, 'Check in', 'Reception', 'Check in', '14:00:00', '14:15:00', 763),
(1151, 'Campus Tour', 'Meeting at reception', 'Campus Tour', '17:00:00', '17:30:00', 763),
(1152, 'Staff Presentation ', 'The Hub/Canteen area ', 'Staff Presentation', '20:00:00', '20:30:00', 763),
(1335, 'Full Day Excursion', 'Coach meeting point', 'Full Day Excursion London', '08:30:00', '18:30:00', 767),
(2702, 'Sport ', 'Sport Hall', 'Sport', '09:00:00', '12:45:00', 775),
(1156, 'Half Day ', 'Reception', 'Half Day Walking Tour Brighton', '14:30:00', '17:30:00', 766),
(1157, 'Half Day ', 'Reception', 'Half Day Walking Tour Brighton', '14:30:00', '17:30:00', 764),
(2693, 'General Sport ', 'Sport Hall', 'Sport', '09:00:00', '12:45:00', 770),
(1159, 'Half Day ', 'Reception', 'Half Day Walking Tour Brighton', '14:30:00', '17:30:00', 771),
(2700, 'Excursion Presentation ', 'TBA', 'Excursion Presentation', '14:00:00', '14:30:00', 773),
(1161, 'Half Day ', 'Reception', 'Half Day Walking Tour Brighton', '14:30:00', '17:30:00', 778),
(1162, 'Half Day ', 'Reception', 'Half Day Walking Tour Brighton', '14:30:00', '17:30:00', 780),
(1163, 'Half Day ', 'Reception', 'Half Day Walking Tour Brighton', '14:30:00', '17:30:00', 783),
(1164, 'Half Day ', 'Reception', 'Half Day Walking Tour Brighton', '14:30:00', '17:30:00', 785),
(1167, 'Disco', 'The Hub/Top floor', 'Disco', '20:30:00', '22:30:00', 765),
(1166, 'Half Day ', 'Reception', 'Half Day Walking Tour Brighton', '14:30:00', '17:30:00', 790),
(2508, 'Fancy Dress Disco', 'The Hub/Top floor', 'Disco', '20:30:00', '22:30:00', 770),
(2509, 'Black and White Disco', 'The Hub/Top floor', 'Disco', '20:30:00', '22:30:00', 772),
(2512, 'Fancy Dress Disco', 'The Hub/Top floor', 'Disco', '20:30:00', '22:30:00', 784),
(2511, 'Disco', 'The Hub/Top floor', 'Disco', '20:30:00', '22:30:00', 779),
(2758, 'Team Challanges', 'The Hub', 'Team Challanges', '20:30:00', '22:30:00', 780),
(2517, 'Karaoke', 'TBC', 'Karaoke', '20:30:00', '22:30:00', 771),
(2662, 'Sport ', 'Sport Hall', 'Sport', '09:00:00', '12:45:00', 768),
(2663, 'Karaoke', 'The Hub', 'Karaoke', '14:30:00', '17:30:00', 768),
(2664, 'Cinema', 'Cinema', 'Cinema', '14:30:00', '17:30:00', 768),
(1181, 'Students'' Questionnaire', 'Class', 'Students'' Questionnaire', '12:45:00', '13:00:00', 784),
(2912, 'Lesson', 'Class', 'Lesson', '09:00:00', '12:45:00', 1260),
(3250, 'Dinner', 'The Hub', 'Dinner', '18:30:00', '19:30:00', 1260),
(3233, 'Lunch', 'The Hub', 'Lunch', '13:00:00', '14:00:00', 1260),
(3207, 'Breakfast', 'The Hub', 'Breakfast', '08:00:00', '09:00:00', 1262),
(2908, 'Bingo', 'The Hub', 'Bingo', '20:30:00', '22:30:00', 1259),
(2833, 'Half Day ', 'Reception', 'Half Day Walking Tour Brighton', '14:30:00', '17:30:00', 1250),
(2834, 'Relaxing and Shower/Free time', 'Rooms', 'Relaxing and Shower/Free time', '17:30:00', '18:30:00', 1250),
(4019, 'Full Day Excursion', 'Coach meeting point', 'Full Day Excursion Cambridge', '07:30:00', '18:30:00', 1259),
(2907, 'Relaxing and Shower/Free time', 'Rooms', 'Relaxing and Shower/Free time', '17:30:00', '18:30:00', 1259),
(4022, 'Pick up Packed Lunch', 'The Hub', 'Packed Lunch Pick up', '07:30:00', '08:30:00', 1258),
(3260, 'Dinner', 'The Hub', 'Dinner', '18:30:00', '19:30:00', 1251),
(3206, 'Breakfast', 'The Hub', 'Breakfast', '08:00:00', '09:00:00', 1263),
(3003, 'Yellowwave and Beach Sport ', 'Brighton Beach', 'Yellowwave and Beach Sport ', '09:00:00', '11:00:00', 772),
(3000, 'Full Day Excursion', 'Coach meeting point', 'Full Day Excursion London', '08:30:00', '18:30:00', 1244),
(2899, 'Cinema', 'Cinema', 'Cinema', '14:30:00', '17:30:00', 1258),
(2900, 'Karaoke', 'The Hub', 'Karaoke', '14:30:00', '17:30:00', 1258),
(2999, 'Full Day Excursion', 'Coach meeting point', 'Full Day Excursion Oxford', '08:30:00', '18:30:00', 1251),
(2897, 'Relaxing and Shower/Free time', 'Rooms', 'Relaxing and Shower/Free time', '17:30:00', '18:30:00', 1258),
(2896, 'Meal Voucher ', 'Collection at PLUS Office', 'Meal Voucher', '13:00:00', '14:00:00', 1258),
(2997, 'Full Day Excursion', 'Coach meeting point', 'Full Day Excursion Oxford', '08:30:00', '18:30:00', 1265),
(4046, 'Full Day Excursion', 'Coach meeting point', 'Full Day Excursion Portsmouth', '08:30:00', '18:30:00', 1243),
(3259, 'Dinner', 'The Hub', 'Dinner', '18:30:00', '19:30:00', 1252),
(4045, 'Murder Mystery', 'The Hub', 'Murder Mystery', '20:30:00', '22:30:00', 1249),
(4043, 'Talent Show', 'The Hub', 'Talent Show', '20:00:00', '20:30:00', 1258),
(3205, 'Breakfast', 'The Hub', 'Breakfast', '08:00:00', '09:00:00', 1264),
(2890, 'Relaxing and Shower/Free time', 'Rooms', 'Relaxing and Shower/Free time', '17:30:00', '18:30:00', 1257),
(4027, 'Breakfast', 'The Hub', 'Breakfast', '07:30:00', '08:30:00', 1252),
(2726, 'Excursion Presentation ', 'TBA', 'Excursion Presentation', '14:00:00', '14:30:00', 787),
(3258, 'Dinner', 'The Hub', 'Dinner', '18:30:00', '19:30:00', 1253),
(2889, 'Full Day Excursion', 'Coach meeting point', 'Full Day Excursion Portsmouth', '08:30:00', '18:30:00', 1257),
(2885, 'Carousel Conversation', 'The Hub', 'Carousel Conversation', '20:30:00', '22:30:00', 1256),
(4009, 'Staff Presentation ', 'The Hub/Canteen area ', 'Welcome Meeting', '20:00:00', '20:30:00', 1256),
(4012, 'Early Breakfast', 'The Hub', 'Breakfast early pick up', '07:30:00', '08:30:00', 1259),
(2882, 'Check in', 'Reception', 'Check in', '14:00:00', '14:15:00', 1256),
(2881, 'Check out', 'Rooms', 'Check out', '10:00:00', '10:15:00', 1256),
(4032, 'Yellowwave and Beach Sport ', 'Brighton Beach', 'Yellowwave and Beach Sport ', '14:00:00', '17:00:00', 1247),
(2880, 'Group Departure', 'The Hub/ Coach meeting point', 'Group Departure', '15:00:00', '15:15:00', 1256),
(2879, 'Relaxing and Shower/Free time', 'Rooms', 'Relaxing and Shower/Free time', '17:30:00', '18:30:00', 1256),
(3270, 'General Sport ', 'Sport Hall', 'Sport', '14:30:00', '17:30:00', 1267),
(3257, 'Dinner', 'The Hub', 'Dinner', '18:30:00', '19:30:00', 1254),
(2878, 'Lesson', 'Class', 'Lesson', '09:00:00', '12:45:00', 1256),
(2876, 'Lunch', 'The Hub', 'Lunch', '13:00:00', '14:00:00', 1256),
(3220, 'Breakfast', 'The Hub', 'Breakfast', '08:00:00', '09:00:00', 1249),
(2874, 'Newspaper Fashion Show', 'The Hub', 'Newspaper Fashion Show', '20:30:00', '22:30:00', 1255),
(2873, 'Relaxing and Shower/Free time', 'Rooms', 'Relaxing and Shower/Free time', '17:30:00', '18:30:00', 1255),
(2872, 'Half Day ', 'Reception', 'Half Day Walking Tour Brighton', '14:30:00', '17:30:00', 1255),
(3256, 'Dinner', 'The Hub', 'Dinner', '18:30:00', '19:30:00', 1255),
(2871, 'Lesson', 'Class', 'Lesson', '09:00:00', '12:45:00', 1255),
(3234, 'Lunch', 'The Hub', 'Lunch', '13:00:00', '14:00:00', 1255),
(3219, 'Breakfast', 'The Hub', 'Breakfast', '08:00:00', '09:00:00', 1250),
(2867, 'Relaxing and Shower/Free time', 'Rooms', 'Relaxing and Shower/Free time', '17:30:00', '18:30:00', 1254),
(2865, 'Rounders', 'Grass Area', 'Rounders', '14:30:00', '17:30:00', 1254),
(2866, 'Disco', 'The Hub/Top floor', 'Disco', '20:30:00', '22:30:00', 1254),
(2864, 'Football ', 'Synthetic Pitch', 'Football ', '14:30:00', '17:30:00', 1254),
(2863, 'Lesson', 'Class', 'Lesson', '09:00:00', '12:45:00', 1254),
(3255, 'Dinner', 'The Hub', 'Dinner', '18:30:00', '19:30:00', 1256),
(3235, 'Lunch', 'The Hub', 'Lunch', '13:00:00', '14:00:00', 1254),
(4029, 'Breakfast', 'The Hub', 'Breakfast', '07:30:00', '08:30:00', 1251),
(2859, 'Relaxing and Shower/Free time', 'Rooms', 'Relaxing and Shower/Free time', '17:30:00', '18:30:00', 1253),
(2858, 'Excursion Presentation ', 'TBA', 'Excursion Presentation', '14:00:00', '14:30:00', 1253),
(2857, 'Team Challanges', 'The Hub', 'Team Challanges', '20:30:00', '22:30:00', 1253),
(2856, 'Half Day ', 'Reception', 'Half Day Walking Tour Brighton', '14:30:00', '17:30:00', 1253),
(2855, 'Lesson', 'Class', 'Lesson', '09:00:00', '12:45:00', 1253),
(3254, 'Dinner', 'The Hub', 'Dinner', '18:30:00', '19:30:00', 1257),
(3236, 'Lunch', 'The Hub', 'Lunch', '13:00:00', '14:00:00', 1253),
(2851, 'Quiz Night', 'The Hub', 'Quiz Night', '20:30:00', '22:30:00', 1252),
(3216, 'Breakfast', 'The Hub', 'Breakfast', '08:00:00', '09:00:00', 1253),
(2850, 'Relaxing and Shower/Free time', 'Rooms', 'Relaxing and Shower/Free time', '17:30:00', '18:30:00', 1252),
(4036, 'Packed Lunch', 'Collection at the Hub/Canteen', 'Pick up Packed Lunch', '07:30:00', '08:30:00', 1251),
(4034, 'Packed Lunch', 'Collection at the Hub/Canteen', 'Pick up Packed Lunch', '07:30:00', '08:30:00', 1245),
(2848, 'Full Day Excursion', 'Coach meeting point', 'Full Day Excursion London', '08:30:00', '18:30:00', 1252),
(3162, 'Departure to Airport', 'Coach meeting point', 'Departure to Airport', '12:00:00', '12:15:00', 1299),
(2845, '3 choices of movies', 'The Hub', 'Movie night', '20:30:00', '22:30:00', 1251),
(4033, 'Breakfast', 'The Hub', 'Breakfast', '07:30:00', '08:30:00', 1245),
(4031, 'Lesson', 'Class', 'Lesson', '14:30:00', '16:30:00', 1249),
(3252, 'Dinner', 'The Hub', 'Dinner', '18:30:00', '19:30:00', 1259),
(2839, 'Relaxing and Shower/Free time', 'Rooms', 'Relaxing and Shower/Free time', '17:30:00', '18:30:00', 1251),
(3214, 'Breakfast', 'The Hub', 'Breakfast', '08:00:00', '09:00:00', 1255),
(2836, 'Picture Hunt', 'The Hub', 'Picture Hunt', '20:30:00', '22:30:00', 1250),
(3213, 'Breakfast', 'The Hub', 'Breakfast', '08:00:00', '09:00:00', 1256),
(2832, 'Lesson', 'Class', 'Lesson', '09:00:00', '12:45:00', 1250),
(3268, 'Dinner', 'The Hub', 'Dinner', '18:30:00', '19:30:00', 1243),
(3237, 'Lunch', 'The Hub', 'Lunch', '13:00:00', '14:00:00', 1250),
(4025, 'Meal Voucher ', 'Collection at PLUS Office', 'Meal Voucher', '13:00:00', '14:00:00', 1252),
(2827, 'Students'' Questionnaire', 'Class', 'Students'' Questionnaire', '12:45:00', '13:00:00', 1249),
(2824, 'Lesson', 'Class', 'Lesson', '09:00:00', '12:45:00', 1249),
(3238, 'Lunch', 'The Hub', 'Lunch', '13:00:00', '14:00:00', 1249),
(3267, 'Dinner', 'The Hub', 'Dinner', '18:30:00', '19:30:00', 1244),
(3269, 'Football ', 'Synthetic Pitch', 'Football ', '14:30:00', '17:30:00', 1267),
(2820, 'Relaxing and Shower/Free time', 'Rooms', 'Relaxing and Shower/Free time', '17:30:00', '18:30:00', 1248),
(2819, 'Half Day ', 'Reception', 'Half Day Walking Tour Brighton', '14:30:00', '17:30:00', 1248),
(1333, 'Full Day Excursion', 'Coach meeting point', 'Full Day Excursion London', '08:30:00', '18:30:00', 781),
(1336, 'Excursion Presentation ', 'TBA', 'Excursion Presentation', '14:00:00', '14:30:00', 766),
(2701, 'Full Day Excursion', 'Coach meeting point', 'Full Day Excursion Cambridge', '08:30:00', '18:30:00', 774),
(1338, 'Excursion Presentation ', 'TBA', 'Excursion Presentation', '14:00:00', '14:30:00', 780),
(2730, 'Check out', 'Rooms', 'Check out', '10:00:00', '10:15:00', 791),
(2818, 'Lesson', 'Class', 'Lesson', '09:00:00', '12:45:00', 1248),
(3266, 'Dinner', 'The Hub', 'Dinner', '18:30:00', '19:30:00', 1245),
(3239, 'Lunch', 'The Hub', 'Lunch', '13:00:00', '14:00:00', 1248),
(2815, 'Karaoke', 'The Hub/Restaurant area', 'Karaoke', '20:30:00', '22:30:00', 1248),
(1508, 'Check in', 'Reception', 'Check in', '14:00:00', '15:00:00', 821),
(1345, 'Breakfast', 'Refectory', 'Breakfast', '08:00:00', '09:00:00', 878),
(1346, 'Breakfast', 'Refectory', 'Breakfast', '08:00:00', '09:00:00', 921),
(1347, 'Breakfast', 'Reception', 'Breakfast', '08:00:00', '09:00:00', 964),
(1751, 'Lesson', 'Class', 'Lesson', '09:30:00', '12:30:00', 1008),
(1349, 'Breakfast', 'Refectory', 'Breakfast', '08:00:00', '09:00:00', 1050),
(2058, 'Staff presentation', 'Main Hall', 'Staff presentation', '20:00:00', '20:20:00', 1086),
(1351, 'Breakfast', 'Refectory', 'Breakfast', '08:00:00', '09:00:00', 1116),
(1352, 'Breakfast', 'Refectory', 'Breakfast', '08:00:00', '09:00:00', 1159),
(1353, 'Breakfast', 'Refectory', 'Breakfast', '08:00:00', '09:00:00', 1188),
(1354, 'Breakfast', 'Refectory', 'Breakfast', '08:00:00', '09:00:00', 822),
(1355, 'Breakfast', 'Refectory', 'Breakfast', '08:00:00', '09:00:00', 823),
(1356, 'Breakfast', 'Refectory', 'Breakfast', '08:00:00', '09:00:00', 824),
(1357, 'Breakfast', 'Refectory', 'Breakfast', '08:00:00', '09:00:00', 825),
(1358, 'Breakfast', 'Refectory', 'Breakfast', '08:00:00', '09:00:00', 826),
(1359, 'Breakfast', 'Refectory', 'Breakfast', '08:00:00', '09:00:00', 827),
(1360, 'Breakfast', 'Refectory', 'Breakfast', '08:00:00', '09:00:00', 828),
(1361, 'Breakfast', 'Refectory', 'Breakfast', '08:00:00', '09:00:00', 829),
(1362, 'Breakfast', 'Refectory', 'Breakfast', '08:00:00', '09:00:00', 830),
(1363, 'Breakfast', 'Refectory', 'Breakfast', '08:00:00', '09:00:00', 831),
(1364, 'Breakfast', 'Refectory', 'Breakfast', '08:00:00', '09:00:00', 832),
(1365, 'Breakfast', 'Refectory', 'Breakfast', '08:00:00', '09:00:00', 833),
(1366, 'Breakfast', 'Refectory', 'Breakfast', '08:00:00', '09:00:00', 834),
(1367, 'Breakfast', 'Refectory', 'Breakfast', '08:00:00', '09:00:00', 835),
(1368, 'Breakfast', 'Refectory', 'Breakfast', '08:00:00', '09:00:00', 836),
(1369, 'Breakfast', 'Refectory', 'Breakfast', '08:00:00', '09:00:00', 837),
(1370, 'Breakfast', 'Refectory', 'Breakfast', '08:00:00', '09:00:00', 838),
(1371, 'Breakfast', 'Refectory', 'Breakfast', '08:00:00', '09:00:00', 839),
(1372, 'Breakfast', 'Refectory', 'Breakfast', '08:00:00', '09:00:00', 840),
(1373, 'Breakfast', 'Refectory', 'Breakfast', '08:00:00', '09:00:00', 841),
(1374, 'Breakfast', 'Refectory', 'Breakfast', '08:00:00', '09:00:00', 842),
(1375, 'Breakfast', 'Refectory', 'Breakfast', '08:00:00', '09:00:00', 843),
(1376, 'Breakfast', 'Refectory', 'Breakfast', '08:00:00', '09:00:00', 844),
(1377, 'Breakfast', 'Refectory', 'Breakfast', '08:00:00', '09:00:00', 845),
(1378, 'Breakfast', 'Refectory', 'Breakfast', '08:00:00', '09:00:00', 846),
(1379, 'Breakfast', 'Refectory', 'Breakfast', '08:00:00', '09:00:00', 847),
(1380, 'Breakfast', 'Refectory', 'Breakfast', '08:00:00', '09:00:00', 848),
(1381, 'Breakfast', 'Refectory', 'Breakfast', '08:00:00', '09:00:00', 849),
(1382, 'Breakfast', 'Refectory', 'Breakfast', '08:00:00', '09:00:00', 850),
(1383, 'Breakfast', 'Refectory', 'Breakfast', '08:00:00', '09:00:00', 851),
(1384, 'Breakfast', 'Refectory', 'Breakfast', '08:00:00', '09:00:00', 852),
(1385, 'Breakfast', 'Refectory', 'Breakfast', '08:00:00', '09:00:00', 853),
(1386, 'Breakfast', 'Refectory', 'Breakfast', '08:00:00', '09:00:00', 854),
(1387, 'Breakfast', 'Refectory', 'Breakfast', '08:00:00', '09:00:00', 855),
(1388, 'Breakfast', 'Refectory', 'Breakfast', '08:00:00', '09:00:00', 856),
(1389, 'Breakfast', 'Refectory', 'Breakfast', '08:00:00', '09:00:00', 857),
(1390, 'Breakfast', 'Refectory', 'Breakfast', '08:00:00', '09:00:00', 858),
(1391, 'Breakfast', 'Refectory', 'Breakfast', '08:00:00', '09:00:00', 859),
(1392, 'Breakfast', 'Refectory', 'Breakfast', '08:00:00', '09:00:00', 860),
(1393, 'Breakfast', 'Refectory', 'Breakfast', '08:00:00', '09:00:00', 861),
(1394, 'Breakfast', 'Refectory', 'Breakfast', '08:00:00', '09:00:00', 862),
(1395, 'Breakfast', 'Refectory', 'Breakfast', '08:00:00', '09:00:00', 863),
(1396, 'Breakfast', 'Refectory', 'Breakfast', '08:00:00', '09:00:00', 864),
(1397, 'Breakfast', 'Refectory', 'Breakfast', '08:00:00', '09:00:00', 865),
(1398, 'Breakfast', 'Refectory', 'Breakfast', '08:00:00', '09:00:00', 866),
(1399, 'Breakfast', 'Refectory', 'Breakfast', '08:00:00', '09:00:00', 867),
(1400, 'Breakfast', 'Refectory', 'Breakfast', '08:00:00', '09:00:00', 868),
(1401, 'Breakfast', 'Refectory', 'Breakfast', '08:00:00', '09:00:00', 869),
(1402, 'Breakfast', 'Refectory', 'Breakfast', '08:00:00', '09:00:00', 870),
(1403, 'Breakfast', 'Refectory', 'Breakfast', '08:00:00', '09:00:00', 871),
(1404, 'Breakfast', 'Refectory', 'Breakfast', '08:00:00', '09:00:00', 872),
(1405, 'Breakfast', 'Refectory', 'Breakfast', '08:00:00', '09:00:00', 873),
(1406, 'Breakfast', 'Refectory', 'Breakfast', '08:00:00', '09:00:00', 874),
(1407, 'Breakfast', 'Refectory', 'Breakfast', '08:00:00', '09:00:00', 875),
(1408, 'Breakfast', 'Refectory', 'Breakfast', '08:00:00', '09:00:00', 876),
(1409, 'Lunch', 'Refectory', 'Lunch', '12:30:00', '13:30:00', 822),
(1410, 'Lunch', 'Refectory', 'Lunch', '12:30:00', '13:30:00', 823),
(1411, 'Lunch', 'Refectory', 'Lunch', '12:30:00', '13:30:00', 826),
(1412, 'Lunch', 'Refectory', 'Lunch', '12:30:00', '13:30:00', 827),
(1413, 'Lunch', 'Refectory', 'Lunch', '12:30:00', '13:30:00', 828),
(1414, 'Lunch', 'Refectory', 'Lunch', '12:30:00', '13:30:00', 829),
(1415, 'Lunch', 'Refectory', 'Lunch', '12:30:00', '13:30:00', 830),
(1416, 'Lunch', 'Refectory', 'Lunch', '12:30:00', '13:30:00', 833),
(1417, 'Lunch', 'Refectory', 'Lunch', '12:30:00', '13:30:00', 834),
(1418, 'Lunch', 'Refectory', 'Lunch', '12:30:00', '13:30:00', 835),
(1419, 'Lunch', 'Refectory', 'Lunch', '12:30:00', '13:30:00', 836),
(1420, 'Lunch', 'Refectory', 'Lunch', '12:30:00', '13:30:00', 837),
(1421, 'Lunch', 'Refectory', 'Lunch', '12:30:00', '13:30:00', 840),
(1422, 'Lunch', 'Refectory', 'Lunch', '12:30:00', '13:30:00', 841),
(1423, 'Lunch', 'Refectory', 'Lunch', '12:30:00', '13:30:00', 842),
(1424, 'Lunch', 'Refectory', 'Lunch', '12:30:00', '13:30:00', 843),
(1425, 'Lunch', 'Refectory', 'Lunch', '12:30:00', '13:30:00', 844),
(1426, 'Lunch', 'Refectory', 'Lunch', '12:30:00', '13:30:00', 847),
(1427, 'Lunch', 'Refectory', 'Lunch', '12:30:00', '13:30:00', 848),
(1428, 'Lunch', 'Refectory', 'Lunch', '12:30:00', '13:30:00', 849),
(1429, 'Lunch', 'Refectory', 'Lunch', '12:30:00', '13:30:00', 850),
(1430, 'Lunch', 'Refectory', 'Lunch', '12:30:00', '13:30:00', 851),
(1431, 'Lunch', 'Refectory', 'Lunch', '12:30:00', '13:30:00', 854),
(1432, 'Lunch', 'Refectory', 'Lunch', '12:30:00', '13:30:00', 855),
(1433, 'Lunch', 'Refectory', 'Lunch', '12:30:00', '13:30:00', 856),
(1434, 'Lunch', 'Refectory', 'Lunch', '12:30:00', '13:30:00', 857),
(1435, 'Lunch', 'Refectory', 'Lunch', '12:30:00', '13:30:00', 858),
(1436, 'Lunch', 'Refectory', 'Lunch', '12:30:00', '13:30:00', 861),
(1437, 'Lunch', 'Refectory', 'Lunch', '12:30:00', '13:30:00', 862),
(1438, 'Lunch', 'Refectory', 'Lunch', '12:30:00', '13:30:00', 863),
(1439, 'Lunch', 'Refectory', 'Lunch', '12:30:00', '13:30:00', 864),
(1440, 'Lunch', 'Refectory', 'Lunch', '12:30:00', '13:30:00', 865),
(1441, 'Lunch', 'Refectory', 'Lunch', '12:30:00', '13:30:00', 868),
(1442, 'Lunch', 'Refectory', 'Lunch', '12:30:00', '13:30:00', 869),
(1443, 'Lunch', 'Refectory', 'Lunch', '12:30:00', '13:30:00', 870),
(1444, 'Lunch', 'Refectory', 'Lunch', '12:30:00', '13:30:00', 871),
(1445, 'Lunch', 'Refectory', 'Lunch', '12:30:00', '13:30:00', 872),
(1446, 'Lunch', 'Refectory', 'Lunch', '12:30:00', '13:30:00', 875),
(1447, 'Lunch', 'Refectory', 'Lunch', '12:30:00', '13:30:00', 876),
(1448, 'Breakfast', 'Refectory', 'Breakfast', '08:00:00', '09:00:00', 877),
(1449, 'Dinner', 'Refectory', 'Dinner', '18:30:00', '19:30:00', 821),
(1450, 'Dinner', 'Refectory', 'Dinner', '18:30:00', '19:30:00', 822),
(1451, 'Dinner', 'Refectory', 'Dinner', '18:30:00', '19:30:00', 823),
(1452, 'Dinner', 'Refectory', 'Dinner', '18:30:00', '19:30:00', 824),
(1453, 'Dinner', 'Refectory', 'Dinner', '18:30:00', '19:30:00', 825),
(1454, 'Dinner', 'Refectory', 'Dinner', '18:30:00', '19:30:00', 826),
(1455, 'Dinner', 'Refectory', 'Dinner', '18:30:00', '19:30:00', 827),
(1456, 'Dinner', 'Refectory', 'Dinner', '18:30:00', '19:30:00', 828),
(1457, 'Dinner', 'Refectory', 'Dinner', '18:30:00', '19:30:00', 829),
(1458, 'Dinner', 'Refectory', 'Dinner', '18:30:00', '19:30:00', 830),
(1459, 'Dinner', 'Refectory', 'Dinner', '18:30:00', '19:30:00', 831),
(1460, 'Dinner', 'Refectory', 'Dinner', '18:30:00', '19:30:00', 832),
(1461, 'Dinner', 'Refectory', 'Dinner', '18:30:00', '19:30:00', 833),
(1462, 'Dinner', 'Refectory', 'Dinner', '18:30:00', '19:30:00', 834),
(1463, 'Dinner', 'Refectory', 'Dinner', '18:30:00', '19:30:00', 835),
(1464, 'Dinner', 'Refectory', 'Dinner', '18:30:00', '19:30:00', 836),
(1465, 'Dinner', 'Refectory', 'Dinner', '18:30:00', '19:30:00', 837),
(1466, 'Dinner', 'Refectory', 'Dinner', '18:30:00', '19:30:00', 838),
(1467, 'Dinner', 'Refectory', 'Dinner', '18:30:00', '19:30:00', 839),
(1468, 'Dinner', 'Refectory', 'Dinner', '18:30:00', '19:30:00', 840),
(1469, 'Dinner', 'Refectory', 'Dinner', '18:30:00', '19:30:00', 841),
(1470, 'Dinner', 'Refectory', 'Dinner', '18:30:00', '19:30:00', 842),
(1471, 'Dinner', 'Refectory', 'Dinner', '18:30:00', '19:30:00', 843),
(1472, 'Dinner', 'Refectory', 'Dinner', '18:30:00', '19:30:00', 844),
(1473, 'Dinner', 'Refectory', 'Dinner', '18:30:00', '19:30:00', 845),
(1474, 'Dinner', 'Refectory', 'Dinner', '18:30:00', '19:30:00', 846),
(1475, 'Dinner', 'Refectory', 'Dinner', '18:30:00', '19:30:00', 847),
(1476, 'Dinner', 'Refectory', 'Dinner', '18:30:00', '19:30:00', 848),
(1477, 'Dinner', 'Refectory', 'Dinner', '18:30:00', '19:30:00', 849),
(1478, 'Dinner', 'Refectory', 'Dinner', '18:30:00', '19:30:00', 850),
(1479, 'Dinner', 'Refectory', 'Dinner', '18:30:00', '19:30:00', 851),
(1480, 'Dinner', 'Refectory', 'Dinner', '18:30:00', '19:30:00', 852),
(1481, 'Dinner', 'Refectory', 'Dinner', '18:30:00', '19:30:00', 853),
(1482, 'Dinner', 'Refectory', 'Dinner', '18:30:00', '19:30:00', 854),
(1483, 'Dinner', 'Refectory', 'Dinner', '18:30:00', '19:30:00', 855),
(1484, 'Dinner', 'Refectory', 'Dinner', '18:30:00', '19:30:00', 856),
(1485, 'Dinner', 'Refectory', 'Dinner', '18:30:00', '19:30:00', 857),
(1486, 'Dinner', 'Refectory', 'Dinner', '18:30:00', '19:30:00', 858),
(1487, 'Dinner', 'Refectory', 'Dinner', '18:30:00', '19:30:00', 860),
(1488, 'Dinner', 'Refectory', 'Dinner', '18:30:00', '19:30:00', 859),
(1489, 'Dinner', 'Refectory', 'Dinner', '18:30:00', '19:30:00', 861),
(1490, 'Dinner', 'Refectory', 'Dinner', '18:30:00', '19:30:00', 862),
(1491, 'Dinner', 'Refectory', 'Dinner', '18:30:00', '19:30:00', 863),
(1492, 'Dinner', 'Refectory', 'Dinner', '18:30:00', '19:30:00', 864),
(1493, 'Dinner', 'Refectory', 'Dinner', '18:30:00', '19:30:00', 865),
(1494, 'Dinner', 'Refectory', 'Dinner', '18:30:00', '19:30:00', 866),
(1495, 'Dinner', 'Refectory', 'Dinner', '18:30:00', '19:30:00', 867),
(1496, 'Dinner', 'Refectory', 'Dinner', '18:30:00', '19:30:00', 868),
(1497, 'Dinner', 'Refectory', 'Dinner', '18:30:00', '19:30:00', 869),
(1498, 'Dinner', 'Refectory', 'Dinner', '18:30:00', '19:30:00', 870),
(1499, 'Dinner', 'Refectory', 'Dinner', '18:30:00', '19:30:00', 871),
(1500, 'Dinner', 'Refectory', 'Dinner', '18:30:00', '19:30:00', 872),
(1501, 'Dinner', 'Refectory', 'Dinner', '18:30:00', '19:30:00', 873),
(1502, 'Dinner', 'Refectory', 'Dinner', '18:30:00', '19:30:00', 874),
(1503, 'Dinner', 'Refectory', 'Dinner', '18:30:00', '19:30:00', 875),
(1504, 'Dinner', 'Refectory', 'Dinner', '18:30:00', '19:30:00', 876),
(1505, 'Lesson', 'Class', 'Lesson', '09:00:00', '12:30:00', 822),
(1506, 'Lesson', 'Class', 'Lesson', '09:00:00', '12:30:00', 823),
(1507, 'Lesson', 'Class', 'Lesson', '09:00:00', '12:30:00', 826),
(1509, 'Campus Tour', 'Reception', 'Campus Tour', '17:00:00', '17:30:00', 821),
(1510, 'Staff Presentation', 'Main Hall', 'Staff Presentation', '20:00:00', '20:30:00', 821),
(1511, 'Welcome Party', 'Main Hall', 'Welcome Party', '20:30:00', '22:30:00', 821),
(1512, 'Relaxing and Shower/Free time', 'Rooms', 'Relaxing and Shower/Free time', '18:00:00', '18:30:00', 821),
(1513, 'Relaxing and Shower/Free time', 'Rooms', 'Relaxing and Shower/Free time', '18:00:00', '18:30:00', 822),
(1514, 'Relaxing and Shower/Free time', 'Rooms', 'Relaxing and Shower/Free time', '18:00:00', '18:30:00', 823),
(1515, 'Relaxing and Shower/Free time', 'Rooms', 'Relaxing and Shower/Free time', '18:00:00', '18:30:00', 824),
(1597, 'Group Arrival', 'Main Campus', 'Group Arrival', '14:00:00', '14:15:00', 877),
(1598, 'Group Departure', 'Coach meeting point', 'Group departure', '14:01:00', '15:00:00', 877),
(1519, 'Relaxing and Shower/Free time', 'Rooms', 'Relaxing and Shower/Free time', '18:00:00', '18:30:00', 825),
(1520, 'Relaxing and Shower/Free time', 'Rooms', 'Relaxing and Shower/Free time', '18:00:00', '18:30:00', 826),
(1521, 'Relaxing and Shower/Free time', 'Rooms', 'Relaxing and Shower/Free time', '18:00:00', '18:30:00', 827),
(1522, 'Relaxing and Shower/Free time', 'Rooms', 'Relaxing and Shower/Free time', '18:00:00', '18:30:00', 828),
(1523, 'Relaxing and Shower/Free time', 'Rooms', 'Relaxing and Shower/Free time', '18:00:00', '18:30:00', 829),
(1524, 'Relaxing and Shower/Free time', 'Rooms', 'Relaxing and Shower/Free time', '18:00:00', '18:30:00', 830),
(1525, 'Relaxing and Shower/Free time', 'Rooms', 'Relaxing and Shower/Free time', '18:00:00', '18:30:00', 831),
(1526, 'Relaxing and Shower/Free time', 'Rooms', 'Relaxing and Shower/Free time', '18:00:00', '18:30:00', 832),
(1527, 'Relaxing and Shower/Free time', 'Rooms', 'Relaxing and Shower/Free time', '18:00:00', '18:30:00', 833),
(1528, 'Relaxing and Shower/Free time', 'Rooms', 'Relaxing and Shower/Free time', '18:00:00', '18:30:00', 834),
(1529, 'Relaxing and Shower/Free time', 'Rooms', 'Relaxing and Shower/Free time', '18:00:00', '18:30:00', 835),
(1530, 'Relaxing and Shower/Free time', 'Rooms', 'Relaxing and Shower/Free time', '18:00:00', '18:30:00', 836),
(1531, 'Relaxing and Shower/Free time', 'Rooms', 'Relaxing and Shower/Free time', '18:00:00', '18:30:00', 837),
(1532, 'Relaxing and Shower/Free time', 'Rooms', 'Relaxing and Shower/Free time', '18:00:00', '18:30:00', 838),
(1533, 'Relaxing and Shower/Free time', 'Rooms', 'Relaxing and Shower/Free time', '18:00:00', '18:30:00', 839),
(1534, 'Relaxing and Shower/Free time', 'Rooms', 'Relaxing and Shower/Free time', '18:00:00', '18:30:00', 840),
(1535, 'Relaxing and Shower/Free time', 'Rooms', 'Relaxing and Shower/Free time', '18:00:00', '18:30:00', 841),
(1536, 'Relaxing and Shower/Free time', 'Rooms', 'Relaxing and Shower/Free time', '18:00:00', '18:30:00', 842),
(1537, 'Relaxing and Shower/Free time', 'Rooms', 'Relaxing and Shower/Free time', '18:00:00', '18:30:00', 843),
(1538, 'Relaxing and Shower/Free time', 'Rooms', 'Relaxing and Shower/Free time', '18:00:00', '18:30:00', 844),
(1539, 'Relaxing and Shower/Free time', 'Rooms', 'Relaxing and Shower/Free time', '18:00:00', '18:30:00', 845),
(1540, 'Relaxing and Shower/Free time', 'Rooms', 'Relaxing and Shower/Free time', '18:00:00', '18:30:00', 846),
(1541, 'Relaxing and Shower/Free time', 'Rooms', 'Relaxing and Shower/Free time', '18:00:00', '18:30:00', 847),
(1542, 'Relaxing and Shower/Free time', 'Rooms', 'Relaxing and Shower/Free time', '18:00:00', '18:30:00', 848),
(1543, 'Relaxing and Shower/Free time', 'Rooms', 'Relaxing and Shower/Free time', '18:00:00', '18:30:00', 849),
(1544, 'Relaxing and Shower/Free time', 'Rooms', 'Relaxing and Shower/Free time', '18:00:00', '18:30:00', 850),
(1545, 'Relaxing and Shower/Free time', 'Rooms', 'Relaxing and Shower/Free time', '18:00:00', '18:30:00', 851),
(1546, 'Relaxing and Shower/Free time', 'Rooms', 'Relaxing and Shower/Free time', '18:00:00', '18:30:00', 852),
(1547, 'Relaxing and Shower/Free time', 'Rooms', 'Relaxing and Shower/Free time', '18:00:00', '18:30:00', 853),
(1548, 'Relaxing and Shower/Free time', 'Rooms', 'Relaxing and Shower/Free time', '18:00:00', '18:30:00', 854),
(1549, 'Relaxing and Shower/Free time', 'Rooms', 'Relaxing and Shower/Free time', '18:00:00', '18:30:00', 855),
(1550, 'Relaxing and Shower/Free time', 'Rooms', 'Relaxing and Shower/Free time', '18:00:00', '18:30:00', 856),
(1551, 'Relaxing and Shower/Free time', 'Rooms', 'Relaxing and Shower/Free time', '18:00:00', '18:30:00', 857),
(1552, 'Relaxing and Shower/Free time', 'Rooms', 'Relaxing and Shower/Free time', '18:00:00', '18:30:00', 858),
(1553, 'Relaxing and Shower/Free time', 'Rooms', 'Relaxing and Shower/Free time', '18:00:00', '18:30:00', 859),
(1554, 'Relaxing and Shower/Free time', 'Rooms', 'Relaxing and Shower/Free time', '18:00:00', '18:30:00', 860),
(1555, 'Relaxing and Shower/Free time', 'Rooms', 'Relaxing and Shower/Free time', '18:00:00', '18:30:00', 861),
(1556, 'Relaxing and Shower/Free time', 'Rooms', 'Relaxing and Shower/Free time', '18:00:00', '18:30:00', 862),
(1557, 'Relaxing and Shower/Free time', 'Rooms', 'Relaxing and Shower/Free time', '18:00:00', '18:30:00', 863),
(1558, 'Relaxing and Shower/Free time', 'Rooms', 'Relaxing and Shower/Free time', '18:00:00', '18:30:00', 864),
(1559, 'Relaxing and Shower/Free time', 'Rooms', 'Relaxing and Shower/Free time', '18:00:00', '18:30:00', 865),
(1560, 'Relaxing and Shower/Free time', 'Rooms', 'Relaxing and Shower/Free time', '18:00:00', '18:30:00', 866),
(1561, 'Relaxing and Shower/Free time', 'Rooms', 'Relaxing and Shower/Free time', '18:00:00', '18:30:00', 867),
(1562, 'Relaxing and Shower/Free time', 'Rooms', 'Relaxing and Shower/Free time', '18:00:00', '18:30:00', 868),
(1563, 'Relaxing and Shower/Free time', 'Rooms', 'Relaxing and Shower/Free time', '18:00:00', '18:30:00', 869),
(1564, 'Relaxing and Shower/Free time', 'Rooms', 'Relaxing and Shower/Free time', '18:00:00', '18:30:00', 870),
(1565, 'Relaxing and Shower/Free time', 'Rooms', 'Relaxing and Shower/Free time', '18:00:00', '18:30:00', 871),
(1566, 'Relaxing and Shower/Free time', 'Rooms', 'Relaxing and Shower/Free time', '18:00:00', '18:30:00', 872),
(1567, 'Relaxing and Shower/Free time', 'Rooms', 'Relaxing and Shower/Free time', '18:00:00', '18:30:00', 873),
(1568, 'Relaxing and Shower/Free time', 'Rooms', 'Relaxing and Shower/Free time', '18:00:00', '18:30:00', 874),
(1569, 'Relaxing and Shower/Free time', 'Rooms', 'Relaxing and Shower/Free time', '18:00:00', '18:30:00', 875),
(1570, 'Relaxing and Shower/Free time', 'Rooms', 'Relaxing and Shower/Free time', '18:00:00', '18:30:00', 876),
(1571, 'Students'' Questionnaire', 'Class', 'Students'' Questionnaire', '12:30:00', '12:40:00', 827),
(1572, 'Students'' Questionnaire', 'Class', 'Students'' Questionnaire', '12:30:00', '12:40:00', 834),
(1573, 'Students'' Questionnaire', 'Class', 'Students'' Questionnaire', '12:30:00', '12:40:00', 841),
(1574, 'Students'' Questionnaire', 'Class', 'Students'' Questionnaire', '12:30:00', '12:40:00', 848),
(1575, 'Students'' Questionnaire', 'Class', 'Students'' Questionnaire', '12:30:00', '12:40:00', 855),
(1576, 'Students'' Questionnaire', 'Class', 'Students'' Questionnaire', '12:30:00', '12:40:00', 862),
(1577, 'Students'' Questionnaire', 'Class', 'Students'' Questionnaire', '12:30:00', '12:40:00', 869),
(1578, 'Students'' Questionnaire', 'Class', 'Students'' Questionnaire', '12:30:00', '12:40:00', 876),
(1579, 'Excursion Presentation ', 'TBA', 'Excursion Presentation', '14:00:00', '14:30:00', 823),
(1580, 'Excursion Presentation ', 'TBA', 'Excursion Presentation', '14:00:00', '14:30:00', 830),
(1581, 'Excursion Presentation ', 'TBA', 'Excursion Presentation', '14:00:00', '14:30:00', 837),
(1582, 'Excursion Presentation ', 'TBA', 'Excursion Presentation', '14:00:00', '14:30:00', 844),
(1583, 'Excursion Presentation ', 'TBA', 'Excursion Presentation', '14:00:00', '14:30:00', 851),
(1584, 'Excursion Presentation ', 'TBA', 'Excursion Presentation', '14:00:00', '14:30:00', 858),
(1585, 'Excursion Presentation ', 'TBA', 'Excursion Presentation', '14:00:00', '14:30:00', 865),
(1586, 'Excursion Presentation ', 'TBA', 'Excursion Presentation', '14:00:00', '14:30:00', 872),
(1600, 'Breakfast', 'Refectory', 'Breakfast', '08:00:00', '09:00:00', 1161),
(1601, 'Breakfast', 'Refectory', 'Breakfast', '08:00:00', '09:00:00', 1162),
(1596, 'Check out', 'Rooms', 'Check out', '10:00:00', '10:15:00', 877),
(1599, 'Breakfast', 'Refectory', 'Breakfast', '08:00:00', '09:00:00', 1160),
(1602, 'Breakfast', 'Refectory', 'Breakfast', '08:00:00', '09:00:00', 1163),
(1603, 'Breakfast', 'Refectory', 'Breakfast', '08:00:00', '09:00:00', 1164),
(1604, 'Breakfast', 'Refectory', 'Breakfast', '08:00:00', '09:00:00', 1165),
(1605, 'Breakfast', 'Refectory', 'Breakfast', '08:00:00', '09:00:00', 1166),
(1606, 'Breakfast', 'Refectory', 'Breakfast', '08:00:00', '09:00:00', 1167),
(1607, 'Breakfast', 'Refectory', 'Breakfast', '08:00:00', '09:00:00', 1168),
(1608, 'Breakfast', 'Refectory', 'Breakfast', '08:00:00', '09:00:00', 1169),
(1609, 'Breakfast', 'Refectory', 'Breakfast', '08:00:00', '09:00:00', 1170),
(1610, 'Breakfast', 'Refectory', 'Breakfast', '08:00:00', '09:00:00', 1171),
(1611, 'Breakfast', 'Refectory', 'Breakfast', '08:00:00', '09:00:00', 1172),
(1612, 'Breakfast', 'Refectory', 'Breakfast', '08:00:00', '09:00:00', 1173),
(1613, 'Breakfast', 'Refectory', 'Breakfast', '08:00:00', '09:00:00', 1174),
(1614, 'Lunch', 'Refectory', 'Lunch', '12:30:00', '13:30:00', 1159),
(1615, 'Lunch', 'Refectory', 'Lunch', '12:30:00', '13:30:00', 1160),
(1616, 'Lunch', 'Refectory', 'Lunch', '12:30:00', '13:30:00', 1161),
(1617, 'Lunch', 'Refectory', 'Lunch', '12:30:00', '13:30:00', 1162),
(1618, 'Lunch', 'Refectory', 'Lunch', '12:30:00', '13:30:00', 1163),
(1619, 'Lunch', 'Refectory', 'Lunch', '12:30:00', '13:30:00', 1164),
(1620, 'Lunch', 'Refectory', 'Lunch', '12:30:00', '13:30:00', 1165),
(1621, 'Dinner', 'Refectory', 'Dinner', '18:30:00', '19:30:00', 1159),
(1622, 'Check in', 'Reception', 'Check in', '14:00:00', '14:15:00', 1158),
(3713, 'Full Day Excursion', 'Coach meeting point', 'Full Day Excursion Edinburgh + Entry To Castle', '08:30:00', '18:30:00', 1162),
(1624, 'Group Arrival', 'Reception', 'Group Arrival', '14:00:00', '15:00:00', 1158),
(1670, 'Lunch', 'Refectory', 'Lunch', '12:30:00', '13:30:00', 1167),
(1626, 'Staff Presentation', 'Main Hall', 'Staff Presentation', '20:00:00', '20:30:00', 1158),
(1627, 'Welcome Party', 'Main Hall', 'Welcome Party', '20:30:00', '22:30:00', 1158),
(1628, 'Relaxing and Shower/Free time', 'Rooms', 'Relaxing and Shower/Free time', '17:30:00', '18:30:00', 1158),
(1635, 'Excursion Presentation ', 'TBC', 'Excursion Presentation', '14:00:00', '14:45:00', 1168),
(1634, 'Excursion Presentation ', 'TBC', 'Excursion Presentation', '14:00:00', '14:45:00', 1161),
(1631, 'Students'' Questionnaire', 'Class', 'Students'' Questionnaire', '12:30:00', '12:45:00', 1165),
(1632, 'Students'' Questionnaire', 'Class', 'Students'' Questionnaire', '12:30:00', '12:45:00', 1172),
(1633, 'Students'' Questionnaire', 'Class', 'Students'' Questionnaire', '12:30:00', '12:45:00', 1179),
(1636, 'Excursion Presentation ', 'TBC', 'Excursion Presentation', '14:00:00', '14:45:00', 1175),
(1637, 'Excursion Presentation ', 'TBC', 'Excursion Presentation', '14:00:00', '14:45:00', 1182),
(1638, 'Relaxing and Shower/Free time', 'Rooms', 'Relaxing and Shower/Free time', '17:30:00', '18:30:00', 1159),
(1639, 'Relaxing and Shower/Free time', 'Rooms', 'Relaxing and Shower/Free time', '17:30:00', '18:30:00', 1160),
(1640, 'Relaxing and Shower/Free time', 'Rooms', 'Relaxing and Shower/Free time', '17:30:00', '18:30:00', 1161),
(1641, 'Relaxing and Shower/Free time', 'Rooms', 'Relaxing and Shower/Free time', '17:30:00', '18:30:00', 1162),
(1642, 'Relaxing and Shower/Free time', 'Rooms', 'Relaxing and Shower/Free time', '17:30:00', '18:30:00', 1163),
(1643, 'Relaxing and Shower/Free time', 'Rooms', 'Relaxing and Shower/Free time', '17:30:00', '18:30:00', 1164),
(1644, 'Relaxing and Shower/Free time', 'Rooms', 'Relaxing and Shower/Free time', '17:30:00', '18:30:00', 1165),
(1645, 'Relaxing and Shower/Free time', 'Rooms', 'Relaxing and Shower/Free time', '17:30:00', '18:30:00', 1166),
(1646, 'Relaxing and Shower/Free time', 'Rooms', 'Relaxing and Shower/Free time', '17:30:00', '18:30:00', 1167),
(1647, 'Relaxing and Shower/Free time', 'Rooms', 'Relaxing and Shower/Free time', '17:30:00', '18:30:00', 1168),
(1648, 'Relaxing and Shower/Free time', 'Rooms', 'Relaxing and Shower/Free time', '17:30:00', '18:30:00', 1169),
(1649, 'Relaxing and Shower/Free time', 'Rooms', 'Relaxing and Shower/Free time', '17:30:00', '18:30:00', 1170),
(1650, 'Relaxing and Shower/Free time', 'Rooms', 'Relaxing and Shower/Free time', '17:30:00', '18:30:00', 1171),
(1651, 'Relaxing and Shower/Free time', 'Rooms', 'Relaxing and Shower/Free time', '17:30:00', '18:30:00', 1172),
(1652, 'Relaxing and Shower/Free time', 'Rooms', 'Relaxing and Shower/Free time', '17:30:00', '18:30:00', 1173),
(1653, 'Relaxing and Shower/Free time', 'Rooms', 'Relaxing and Shower/Free time', '17:30:00', '18:30:00', 1174),
(1654, 'Relaxing and Shower/Free time', 'Rooms', 'Relaxing and Shower/Free time', '17:30:00', '18:30:00', 1175),
(1655, 'Relaxing and Shower/Free time', 'Rooms', 'Relaxing and Shower/Free time', '17:30:00', '18:30:00', 1176),
(1656, 'Relaxing and Shower/Free time', 'Rooms', 'Relaxing and Shower/Free time', '17:30:00', '18:30:00', 1177),
(1657, 'Relaxing and Shower/Free time', 'Rooms', 'Relaxing and Shower/Free time', '17:30:00', '18:30:00', 1178),
(1658, 'Relaxing and Shower/Free time', 'Rooms', 'Relaxing and Shower/Free time', '17:30:00', '18:30:00', 1179),
(1659, 'Relaxing and Shower/Free time', 'Rooms', 'Relaxing and Shower/Free time', '17:30:00', '18:30:00', 1180),
(1660, 'Relaxing and Shower/Free time', 'Rooms', 'Relaxing and Shower/Free time', '17:30:00', '18:30:00', 1181),
(1661, 'Relaxing and Shower/Free time', 'Rooms', 'Relaxing and Shower/Free time', '17:30:00', '18:30:00', 1182),
(1662, 'Relaxing and Shower/Free time', 'Rooms', 'Relaxing and Shower/Free time', '17:30:00', '18:30:00', 1183),
(1663, 'Relaxing and Shower/Free time', 'Rooms', 'Relaxing and Shower/Free time', '17:30:00', '18:30:00', 1184),
(1664, 'Relaxing and Shower/Free time', 'Rooms', 'Relaxing and Shower/Free time', '17:30:00', '18:30:00', 1185),
(1669, 'Lunch', 'Refectory', 'Lunch', '12:30:00', '13:30:00', 1166),
(1667, 'Check out ', 'Reception', 'Check out', '10:00:00', '10:15:00', 1186),
(1668, 'Group Departure', 'Reception', 'Group departure', '15:00:00', '15:30:00', 1186),
(1671, 'Dinner', 'Refectory', 'Dinner', '18:30:00', '19:30:00', 1160),
(1672, 'Dinner', 'Refectory', 'Dinner', '18:30:00', '19:30:00', 1161),
(1673, 'Dinner', 'Refectory', 'Dinner', '18:30:00', '19:30:00', 1162),
(1674, 'Dinner', 'Refectory', 'Dinner', '18:30:00', '19:30:00', 1163),
(1675, 'Dinner', 'Refectory', 'Dinner', '18:30:00', '19:30:00', 1164),
(1676, 'Dinner', 'Refectory', 'Dinner', '18:30:00', '19:30:00', 1165);
INSERT INTO `frontweb_fixed_day_activity_details` (`fixed_day_activity_details_id`, `program_name`, `location`, `activity`, `from_time`, `to_time`, `fixed_day_activity_id`) VALUES
(1677, 'Dinner', 'Refectory', 'Dinner', '18:30:00', '19:30:00', 1166),
(1678, 'Dinner', 'Refectory', 'Dinner', '18:30:00', '19:30:00', 1167),
(1679, 'Dinner', 'Refectory', 'Dinner', '18:30:00', '19:30:00', 1168),
(1680, 'Dinner', 'Refectory', 'Dinner', '18:30:00', '19:30:00', 1171),
(1681, 'Lunch', 'Refectory', 'Lunch', '12:30:00', '13:30:00', 1168),
(1682, 'Dinner', 'Refectory', 'Dinner', '18:30:00', '19:30:00', 1169),
(1683, 'Dinner', 'Refectory', 'Dinner', '18:30:00', '19:30:00', 1170),
(1684, 'Lunch', 'Refectory', 'Lunch', '12:30:00', '13:30:00', 1171),
(1685, 'Lunch', 'Refectory', 'Lunch', '12:30:00', '13:30:00', 1172),
(1686, 'Dinner', 'Refectory', 'Dinner', '18:30:00', '19:30:00', 1172),
(1687, 'Dinner', 'Refectory', 'Dinner', '18:30:00', '19:30:00', 1173),
(1688, 'Dinner', 'Refectory', 'Dinner', '18:30:00', '19:30:00', 1174),
(1689, 'Dinner', 'Refectory', 'Dinner', '18:30:00', '19:30:00', 1175),
(1690, 'Dinner', 'Refectory', 'Dinner', '18:30:00', '19:30:00', 1176),
(1691, 'Dinner', 'Refectory', 'Dinner', '18:30:00', '19:30:00', 1177),
(1692, 'Dinner', 'Refectory', 'Dinner', '18:30:00', '19:30:00', 1178),
(1693, 'Dinner', 'Refectory', 'Dinner', '18:30:00', '19:30:00', 1179),
(1694, 'Dinner', 'Refectory', 'Dinner', '18:30:00', '19:30:00', 1180),
(1695, 'Dinner', 'Refectory', 'Dinner', '18:30:00', '19:30:00', 1181),
(1696, 'Dinner', 'Refectory', 'Dinner', '18:30:00', '19:30:00', 1182),
(1697, 'Dinner', 'Refectory', 'Dinner', '18:30:00', '19:30:00', 1183),
(1698, 'Dinner', 'Refectory', 'Dinner', '18:30:00', '19:30:00', 1184),
(1699, 'Dinner', 'Refectory', 'Dinner', '18:30:00', '19:30:00', 1185),
(1700, 'Lunch', 'Refectory', 'Lunch', '12:30:00', '13:30:00', 1173),
(1701, 'Lunch', 'Refectory', 'Lunch', '12:30:00', '13:30:00', 1174),
(1702, 'Lunch', 'Refectory', 'Lunch', '12:30:00', '13:30:00', 1175),
(1703, 'Lunch', 'Refectory', 'Lunch', '12:30:00', '13:30:00', 1176),
(1704, 'Lunch', 'Refectory', 'Lunch', '12:30:00', '13:30:00', 1177),
(1705, 'Lunch', 'Refectory', 'Lunch', '12:30:00', '13:30:00', 1178),
(1706, 'Lunch', 'Refectory', 'Lunch', '12:30:00', '13:30:00', 1179),
(1707, 'Lunch', 'Refectory', 'Lunch', '12:30:00', '13:30:00', 1180),
(1708, 'Lunch', 'Refectory', 'Lunch', '12:30:00', '13:30:00', 1181),
(1709, 'Lunch', 'Refectory', 'Lunch', '12:30:00', '13:30:00', 1182),
(1710, 'Lunch', 'Refectory', 'Lunch', '12:30:00', '13:30:00', 1183),
(1711, 'Lunch', 'Refectory', 'Lunch', '12:30:00', '13:30:00', 1184),
(1712, 'Lunch', 'Refectory', 'Lunch', '12:30:00', '13:30:00', 1185),
(1713, 'Lunch', 'Refectory', 'Lunch', '12:30:00', '13:30:00', 1186),
(1714, 'Breakfast', 'Refectory', 'Breakfast', '08:00:00', '09:00:00', 1175),
(1715, 'Breakfast', 'Refectory', 'Breakfast', '08:00:00', '09:00:00', 1176),
(1716, 'Breakfast', 'Refectory', 'Breakfast', '08:00:00', '09:00:00', 1177),
(1717, 'Breakfast', 'Refectory', 'Breakfast', '08:00:00', '09:00:00', 1178),
(1718, 'Breakfast', 'Refectory', 'Breakfast', '08:00:00', '09:00:00', 1179),
(1719, 'Breakfast', 'Refectory', 'Breakfast', '08:00:00', '09:00:00', 1180),
(1720, 'Breakfast', 'Refectory', 'Breakfast', '08:00:00', '09:00:00', 1181),
(1721, 'Breakfast', 'Refectory', 'Breakfast', '08:00:00', '09:00:00', 1182),
(1722, 'Breakfast', 'Refectory', 'Breakfast', '08:00:00', '09:00:00', 1183),
(1723, 'Breakfast', 'Refectory', 'Breakfast', '08:00:00', '09:00:00', 1184),
(1724, 'Breakfast', 'Refectory', 'Breakfast', '08:00:00', '09:00:00', 1185),
(1725, 'Breakfast', 'Refectory', 'Breakfast', '08:00:00', '09:00:00', 1186),
(1726, 'Lesson', 'Class', 'Lesson', '09:00:00', '12:30:00', 1159),
(1727, 'Lesson', 'Class', 'Lesson', '09:00:00', '12:30:00', 1160),
(1728, 'Lesson', 'Class', 'Lesson', '09:00:00', '12:30:00', 1161),
(1729, 'Lesson', 'Class', 'Lesson', '09:00:00', '12:30:00', 1164),
(1730, 'Lesson', 'Class', 'Lesson', '09:00:00', '12:30:00', 1165),
(1731, 'Lesson', 'Class', 'Lesson', '09:00:00', '12:30:00', 1166),
(1732, 'Lesson', 'Class', 'Lesson', '09:00:00', '12:30:00', 1167),
(1733, 'Lesson', 'Class', 'Lesson', '09:00:00', '12:30:00', 1168),
(1734, 'Lesson', 'Class', 'Lesson', '09:00:00', '12:30:00', 1171),
(1735, 'Lesson', 'Class', 'Lesson', '09:00:00', '12:30:00', 1172),
(1736, 'Lesson', 'Class', 'Lesson', '09:00:00', '12:30:00', 1173),
(1737, 'Lesson', 'Class', 'Lesson', '09:00:00', '12:30:00', 1174),
(1738, 'Lesson', 'Class', 'Lesson', '09:00:00', '12:30:00', 1175),
(1741, 'Lesson', 'Class', 'Lesson', '09:00:00', '12:30:00', 1178),
(1742, 'Lesson', 'Class', 'Lesson', '09:00:00', '12:30:00', 1179),
(1743, 'Lesson', 'Class', 'Lesson', '09:00:00', '12:30:00', 1180),
(1744, 'Lesson', 'Class', 'Lesson', '09:00:00', '12:30:00', 1181),
(1745, 'Lesson', 'Class', 'Lesson', '09:00:00', '12:30:00', 1182),
(1746, 'Lesson', 'Class', 'Lesson', '09:00:00', '12:30:00', 1185),
(1747, 'Campus Tour', 'Reception', 'Campus Tour', '17:00:00', '17:30:00', 1158),
(1748, 'Lunch', 'Refectory', 'Lunch', '12:30:00', '13:30:00', 1008),
(1749, 'Dinner', 'Refectory', 'Dinner', '18:30:00', '19:30:00', 1008),
(1750, 'Breakfast', 'Refectory', 'Breakfast', '08:00:00', '09:00:00', 1008),
(1752, 'Lesson', 'Class', 'Lesson', '09:30:00', '12:30:00', 1009),
(1753, 'Lesson', 'Class', 'Lesson', '09:30:00', '12:30:00', 1012),
(1754, 'Lesson', 'Class', 'Lesson', '09:30:00', '12:30:00', 1013),
(1755, 'Lesson', 'Class', 'Lesson', '09:30:00', '12:30:00', 1014),
(1756, 'Lesson', 'Class', 'Lesson', '09:30:00', '12:30:00', 1015),
(1757, 'Lesson', 'Class', 'Lesson', '09:30:00', '12:30:00', 1016),
(1758, 'Breakfast', 'Refectory', 'Breakfast', '08:00:00', '09:00:00', 1009),
(1759, 'Breakfast', 'Refectory', 'Breakfast', '08:00:00', '09:00:00', 1010),
(1760, 'Breakfast', 'Refectory', 'Breakfast', '08:00:00', '09:00:00', 1011),
(1761, 'Breakfast', 'Refectory', 'Breakfast', '08:00:00', '09:00:00', 1012),
(1762, 'Lesson', 'Class', 'Lesson', '09:30:00', '12:30:00', 1019),
(1763, 'Lesson', 'Class', 'Lesson', '09:30:00', '12:30:00', 1020),
(1764, 'Lesson', 'Class', 'Lesson', '09:30:00', '12:30:00', 1021),
(1765, 'Lesson', 'Class', 'Lesson', '09:30:00', '12:30:00', 1022),
(1766, 'Lesson', 'Class', 'Lesson', '09:30:00', '12:30:00', 1023),
(1767, 'Breakfast', 'Refectory', 'Breakfast', '08:00:00', '09:00:00', 1013),
(1768, 'Breakfast', 'Refectory', 'Breakfast', '08:00:00', '09:00:00', 1014),
(1769, 'Breakfast', 'Refectory', 'Breakfast', '08:00:00', '09:00:00', 1015),
(1770, 'Breakfast', 'Refectory', 'Breakfast', '08:00:00', '09:00:00', 1016),
(1771, 'Breakfast', 'Refectory', 'Breakfast', '08:00:00', '09:00:00', 1017),
(1772, 'Breakfast', 'Refectory', 'Breakfast', '08:00:00', '09:00:00', 1018),
(1773, 'Breakfast', 'Refectory', 'Breakfast', '08:00:00', '09:00:00', 1019),
(1774, 'Breakfast', 'Refectory', 'Breakfast', '08:00:00', '09:00:00', 1020),
(1775, 'Lunch', 'Refectory', 'Lunch', '12:30:00', '13:30:00', 1009),
(1776, 'Lunch', 'Refectory', 'Lunch', '12:30:00', '13:30:00', 1010),
(1777, 'Lunch', 'Refectory', 'Lunch', '12:30:00', '13:30:00', 1011),
(1778, 'Lunch', 'Refectory', 'Lunch', '12:30:00', '13:30:00', 1012),
(1779, 'Lunch', 'Refectory', 'Lunch', '12:30:00', '13:30:00', 1013),
(1780, 'Lunch', 'Refectory', 'Lunch', '12:30:00', '13:30:00', 1014),
(1781, 'Dinner', 'Refectory', 'Dinner', '18:30:00', '19:30:00', 1009),
(1782, 'Dinner', 'Refectory', 'Dinner', '18:30:00', '19:30:00', 1010),
(1783, 'Dinner', 'Refectory', 'Dinner', '18:30:00', '19:30:00', 1011),
(1784, 'Dinner', 'Refectory', 'Dinner', '18:30:00', '19:30:00', 1012),
(1785, 'Dinner', 'Refectory', 'Dinner', '18:30:00', '19:30:00', 1013),
(1786, 'Dinner', 'Refectory', 'Dinner', '18:30:00', '19:30:00', 1014),
(1787, 'Dinner', 'Refectory', 'Dinner', '18:30:00', '19:30:00', 1015),
(1788, 'Dinner', 'Refectory', 'Dinner', '18:30:00', '19:30:00', 1016),
(1789, 'Lunch', 'Refectory', 'Lunch', '12:30:00', '13:30:00', 1015),
(1790, 'Lunch', 'Refectory', 'Lunch', '12:30:00', '13:30:00', 1016),
(1791, 'Lunch', 'Refectory', 'Lunch', '12:30:00', '13:30:00', 1017),
(1792, 'Lunch', 'Refectory', 'Lunch', '12:30:00', '13:30:00', 1018),
(1793, 'Lunch', 'Refectory', 'Lunch', '12:30:00', '13:30:00', 1019),
(1794, 'Lunch', 'Refectory', 'Lunch', '12:30:00', '13:30:00', 1020),
(1795, 'Dinner', 'Refectory', 'Dinner', '18:30:00', '19:30:00', 1017),
(1796, 'Dinner', 'Refectory', 'Dinner', '18:30:00', '19:30:00', 1018),
(1797, 'Dinner', 'Refectory', 'Dinner', '18:30:00', '19:30:00', 1019),
(1798, 'Dinner', 'Refectory', 'Dinner', '18:30:00', '19:30:00', 1020),
(1799, 'Breakfast', 'Refectory', 'Breakfast', '08:00:00', '09:00:00', 1021),
(1800, 'Breakfast', 'Refectory', 'Breakfast', '08:00:00', '09:00:00', 1022),
(1801, 'Breakfast', 'Refectory', 'Breakfast', '08:00:00', '09:00:00', 1023),
(1802, 'Breakfast', 'Refectory', 'Breakfast', '08:00:00', '09:00:00', 1024),
(1803, 'Breakfast', 'Refectory', 'Breakfast', '08:00:00', '09:00:00', 1025),
(1804, 'Breakfast', 'Refectory', 'Breakfast', '08:00:00', '09:00:00', 1026),
(1805, 'Breakfast', 'Refectory', 'Breakfast', '08:00:00', '09:00:00', 1027),
(1806, 'Breakfast', 'Refectory', 'Breakfast', '08:00:00', '09:00:00', 1028),
(1807, 'Breakfast', 'Refectory', 'Breakfast', '08:00:00', '09:00:00', 1029),
(1808, 'Breakfast', 'Refectory', 'Breakfast', '08:00:00', '09:00:00', 1030),
(1809, 'Lunch', 'Refectory', 'Lunch', '12:30:00', '13:30:00', 1021),
(1810, 'Lunch', 'Refectory', 'Lunch', '12:30:00', '13:30:00', 1022),
(1811, 'Lunch', 'Refectory', 'Lunch', '12:30:00', '13:30:00', 1023),
(1812, 'Lunch', 'Refectory', 'Lunch', '12:30:00', '13:30:00', 1024),
(1813, 'Lunch', 'Refectory', 'Lunch', '12:30:00', '13:30:00', 1025),
(1814, 'Lunch', 'Refectory', 'Lunch', '12:30:00', '13:30:00', 1026),
(1815, 'Lunch', 'Refectory', 'Lunch', '12:30:00', '13:30:00', 1027),
(1816, 'Lunch', 'Refectory', 'Lunch', '12:30:00', '13:30:00', 1028),
(1817, 'Lunch', 'Refectory', 'Lunch', '12:30:00', '13:30:00', 1029),
(1818, 'Lunch', 'Refectory', 'Lunch', '12:30:00', '13:30:00', 1030),
(1819, 'Dinner', 'Refectory', 'Dinner', '18:30:00', '19:30:00', 1021),
(1820, 'Dinner', 'Refectory', 'Dinner', '18:30:00', '19:30:00', 1022),
(1821, 'Dinner', 'Refectory', 'Dinner', '18:30:00', '19:30:00', 1023),
(1822, 'Dinner', 'Refectory', 'Dinner', '18:30:00', '19:30:00', 1024),
(1823, 'Dinner', 'Refectory', 'Dinner', '18:30:00', '19:30:00', 1025),
(1824, 'Dinner', 'Refectory', 'Dinner', '18:30:00', '19:30:00', 1026),
(1825, 'Dinner', 'Refectory', 'Dinner', '18:30:00', '19:30:00', 1027),
(1826, 'Dinner', 'Refectory', 'Dinner', '18:30:00', '19:30:00', 1028),
(1827, 'Dinner', 'Refectory', 'Dinner', '18:30:00', '19:30:00', 1029),
(1828, 'Dinner', 'Refectory', 'Dinner', '18:30:00', '19:30:00', 1030),
(1829, 'Lesson', 'Class', 'Lesson', '09:30:00', '12:30:00', 1026),
(1830, 'Lesson', 'Class', 'Lesson', '09:30:00', '12:30:00', 1027),
(1831, 'Lesson', 'Class', 'Lesson', '09:30:00', '12:30:00', 1028),
(1832, 'Lesson', 'Class', 'Lesson', '09:30:00', '12:30:00', 1029),
(1833, 'Lesson', 'Class', 'Lesson', '09:30:00', '12:30:00', 1030),
(1834, 'Breakfast', 'Refectory', 'Breakfast', '08:00:00', '09:00:00', 1031),
(1835, 'Breakfast', 'Refectory', 'Breakfast', '08:00:00', '09:00:00', 1032),
(1836, 'Breakfast', 'Refectory', 'Breakfast', '08:00:00', '09:00:00', 1033),
(1837, 'Breakfast', 'Refectory', 'Breakfast', '08:00:00', '09:00:00', 1034),
(1838, 'Lunch', 'Refectory', 'Lunch', '12:30:00', '13:30:00', 1031),
(1839, 'Lunch', 'Refectory', 'Lunch', '12:30:00', '13:30:00', 1032),
(1840, 'Lunch', 'Refectory', 'Lunch', '12:30:00', '13:30:00', 1033),
(1841, 'Lunch', 'Refectory', 'Lunch', '12:30:00', '13:30:00', 1034),
(1842, 'Dinner', 'Refectory', 'Dinner', '18:30:00', '19:30:00', 1031),
(1843, 'Dinner', 'Refectory', 'Dinner', '18:30:00', '19:30:00', 1032),
(1897, 'Lunch', 'Refectory', 'Lunch', '12:30:00', '13:30:00', 1044),
(1846, 'Lesson', 'Class', 'Lesson', '09:30:00', '12:30:00', 1033),
(1847, 'Dinner', 'Refectory', 'Dinner', '18:30:00', '19:30:00', 1033),
(1848, 'Dinner', 'Refectory', 'Dinner', '18:30:00', '19:30:00', 1034),
(1849, 'Lesson', 'Class', 'Lesson', '09:30:00', '12:30:00', 1034),
(1850, 'Lunch', 'Refectory', 'Lunch', '12:30:00', '13:30:00', 1035),
(1851, 'Dinner', 'Refectory', 'Dinner', '18:30:00', '19:30:00', 1035),
(1852, 'Lesson', 'Class', 'Lesson', '09:30:00', '12:30:00', 1035),
(1853, 'Breakfast', 'Refectory', 'Breakfast', '08:00:00', '09:00:00', 1035),
(1854, 'Breakfast', 'Refectory', 'Breakfast', '08:00:00', '09:00:00', 1036),
(1855, 'Breakfast', 'Refectory', 'Breakfast', '08:00:00', '09:00:00', 1037),
(1856, 'Breakfast', 'Refectory', 'Breakfast', '08:00:00', '09:00:00', 1038),
(1857, 'Breakfast', 'Refectory', 'Breakfast', '08:00:00', '09:00:00', 1039),
(1858, 'Breakfast', 'Refectory', 'Breakfast', '08:00:00', '09:00:00', 1040),
(1859, 'Breakfast', 'Refectory', 'Breakfast', '08:00:00', '09:00:00', 1041),
(1860, 'Lesson', 'Class', 'Lesson', '09:30:00', '12:30:00', 1036),
(1861, 'Lunch', 'Refectory', 'Lunch', '12:30:00', '13:30:00', 1036),
(1862, 'Dinner', 'Refectory', 'Dinner', '18:30:00', '19:30:00', 1036),
(1863, 'Dinner', 'Refectory', 'Dinner', '18:30:00', '19:30:00', 1037),
(1864, 'Lunch', 'Refectory', 'Lunch', '12:30:00', '13:30:00', 1037),
(1865, 'Lesson', 'Class', 'Lesson', '09:30:00', '12:30:00', 1037),
(1898, 'Lunch', 'Refectory', 'Lunch', '12:30:00', '13:30:00', 1045),
(1867, 'Lunch', 'Refectory', 'Lunch', '12:30:00', '13:30:00', 1038),
(1868, 'Dinner', 'Refectory', 'Dinner', '18:30:00', '19:30:00', 1038),
(1869, 'Dinner', 'Refectory', 'Dinner', '18:30:00', '19:30:00', 1039),
(1870, 'Lunch', 'Refectory', 'Lunch', '12:30:00', '13:30:00', 1039),
(1872, 'Lesson', 'Class', 'Lesson', '09:30:00', '12:30:00', 1040),
(1873, 'Lunch', 'Refectory', 'Lunch', '12:30:00', '13:30:00', 1040),
(1874, 'Dinner', 'Refectory', 'Dinner', '18:30:00', '19:30:00', 1040),
(1875, 'Lesson', 'Class', 'Lesson', '09:30:00', '12:30:00', 1041),
(1876, 'Lunch', 'Refectory', 'Lunch', '12:30:00', '13:30:00', 1041),
(1877, 'Dinner', 'Refectory', 'Dinner', '18:30:00', '19:30:00', 1041),
(1878, 'Breakfast', 'Refectory', 'Breakfast', '08:00:00', '09:00:00', 1042),
(1879, 'Lesson', 'Class', 'Lesson', '09:30:00', '12:30:00', 1042),
(1880, 'Lunch', 'Refectory', 'Lunch', '12:30:00', '13:30:00', 1042),
(1881, 'Dinner', 'Refectory', 'Dinner', '18:30:00', '19:30:00', 1042),
(1882, 'Breakfast', 'Refectory', 'Breakfast', '08:00:00', '09:00:00', 1043),
(1883, 'Lesson', 'Class', 'Lesson', '09:30:00', '12:30:00', 1043),
(1884, 'Lunch', 'Refectory', 'Lunch', '12:30:00', '13:30:00', 1043),
(1885, 'Dinner', 'Refectory', 'Dinner', '18:30:00', '19:30:00', 1043),
(1886, 'Breakfast', 'Refectory', 'Breakfast', '08:00:00', '09:00:00', 1044),
(1887, 'Breakfast', 'Refectory', 'Breakfast', '08:00:00', '09:00:00', 1045),
(1888, 'Breakfast', 'Refectory', 'Breakfast', '08:00:00', '09:00:00', 1046),
(1889, 'Breakfast', 'Refectory', 'Breakfast', '08:00:00', '09:00:00', 1047),
(1890, 'Breakfast', 'Refectory', 'Breakfast', '08:00:00', '09:00:00', 1048),
(1891, 'Breakfast', 'Refectory', 'Breakfast', '08:00:00', '09:00:00', 1049),
(1892, 'Lesson', 'Class', 'Lesson', '09:30:00', '12:30:00', 1044),
(1899, 'Lunch', 'Refectory', 'Lunch', '12:30:00', '13:30:00', 1046),
(1895, 'Lesson', 'Class', 'Lesson', '09:30:00', '12:30:00', 1047),
(1896, 'Lesson', 'Class', 'Lesson', '09:30:00', '12:30:00', 1048),
(1900, 'Lunch', 'Refectory', 'Lunch', '12:30:00', '13:30:00', 1047),
(1901, 'Lunch', 'Refectory', 'Lunch', '12:30:00', '13:30:00', 1048),
(1902, 'Dinner', 'Refectory', 'Dinner', '18:30:00', '19:30:00', 1044),
(1903, 'Dinner', 'Refectory', 'Dinner', '18:30:00', '19:30:00', 1045),
(1904, 'Dinner', 'Refectory', 'Dinner', '18:30:00', '19:30:00', 1046),
(1905, 'Dinner', 'Refectory', 'Dinner', '18:30:00', '19:30:00', 1047),
(1906, 'Dinner', 'Refectory', 'Dinner', '18:30:00', '19:30:00', 1048),
(1907, 'Relaxing and Shower/Free time', 'Rooms', 'Relaxing and Shower/Free time', '17:30:00', '18:30:00', 1007),
(1908, 'Check in', 'Reception', 'Check in', '14:00:00', '14:15:00', 1007),
(1959, 'Excursion Presentation ', 'Main Hall', 'Excursion Presentation', '14:30:00', '14:45:00', 1016),
(1911, 'Relaxing and Shower/Free time', 'Rooms', 'Relaxing and Shower/Free time', '17:30:00', '18:30:00', 1008),
(1912, 'Relaxing and Shower/Free time', 'Rooms', 'Relaxing and Shower/Free time', '17:30:00', '18:30:00', 1009),
(1913, 'Relaxing and Shower/Free time', 'Rooms', 'Relaxing and Shower/Free time', '17:30:00', '18:30:00', 1010),
(1914, 'Relaxing and Shower/Free time', 'Rooms', 'Relaxing and Shower/Free time', '17:30:00', '18:30:00', 1011),
(1915, 'Relaxing and Shower/Free time', 'Rooms', 'Relaxing and Shower/Free time', '17:30:00', '18:30:00', 1012),
(1916, 'Relaxing and Shower/Free time', 'Rooms', 'Relaxing and Shower/Free time', '17:30:00', '18:30:00', 1013),
(1917, 'Relaxing and Shower/Free time', 'Rooms', 'Relaxing and Shower/Free time', '17:30:00', '18:30:00', 1014),
(1918, 'Relaxing and Shower/Free time', 'Rooms', 'Relaxing and Shower/Free time', '17:30:00', '18:30:00', 1015),
(1919, 'Relaxing and Shower/Free time', 'Rooms', 'Relaxing and Shower/Free time', '17:30:00', '18:30:00', 1016),
(1920, 'Relaxing and Shower/Free time', 'Rooms', 'Relaxing and Shower/Free time', '17:30:00', '18:30:00', 1017),
(1921, 'Relaxing and Shower/Free time', 'Rooms', 'Relaxing and Shower/Free time', '17:30:00', '18:30:00', 1018),
(1922, 'Relaxing and Shower/Free time', 'Rooms', 'Relaxing and Shower/Free time', '17:30:00', '18:30:00', 1019),
(1923, 'Relaxing and Shower/Free time', 'Rooms', 'Relaxing and Shower/Free time', '17:30:00', '18:30:00', 1020),
(1924, 'Relaxing and Shower/Free time', 'Rooms', 'Relaxing and Shower/Free time', '17:30:00', '18:30:00', 1021),
(1925, 'Relaxing and Shower/Free time', 'Rooms', 'Relaxing and Shower/Free time', '17:30:00', '18:30:00', 1022),
(1926, 'Relaxing and Shower/Free time', 'Rooms', 'Relaxing and Shower/Free time', '17:30:00', '18:30:00', 1023),
(1927, 'Relaxing and Shower/Free time', 'Rooms', 'Relaxing and Shower/Free time', '17:30:00', '18:30:00', 1024),
(1928, 'Relaxing and Shower/Free time', 'Rooms', 'Relaxing and Shower/Free time', '17:30:00', '18:30:00', 1025),
(1929, 'Relaxing and Shower/Free time', 'Rooms', 'Relaxing and Shower/Free time', '17:30:00', '18:30:00', 1026),
(1930, 'Relaxing and Shower/Free time', 'Rooms', 'Relaxing and Shower/Free time', '17:30:00', '18:30:00', 1027),
(1931, 'Relaxing and Shower/Free time', 'Rooms', 'Relaxing and Shower/Free time', '17:30:00', '18:30:00', 1028),
(1932, 'Relaxing and Shower/Free time', 'Rooms', 'Relaxing and Shower/Free time', '17:30:00', '18:30:00', 1029),
(1933, 'Relaxing and Shower/Free time', 'Rooms', 'Relaxing and Shower/Free time', '17:30:00', '18:30:00', 1030),
(1934, 'Relaxing and Shower/Free time', 'Rooms', 'Relaxing and Shower/Free time', '17:30:00', '18:30:00', 1031),
(1935, 'Relaxing and Shower/Free time', 'Rooms', 'Relaxing and Shower/Free time', '17:30:00', '18:30:00', 1032),
(1936, 'Relaxing and Shower/Free time', 'Rooms', 'Relaxing and Shower/Free time', '17:30:00', '18:30:00', 1033),
(1937, 'Relaxing and Shower/Free time', 'Rooms', 'Relaxing and Shower/Free time', '17:30:00', '18:30:00', 1034),
(1938, 'Relaxing and Shower/Free time', 'Rooms', 'Relaxing and Shower/Free time', '17:30:00', '18:30:00', 1035),
(1939, 'Relaxing and Shower/Free time', 'Rooms', 'Relaxing and Shower/Free time', '17:30:00', '18:30:00', 1036),
(1940, 'Relaxing and Shower/Free time', 'Rooms', 'Relaxing and Shower/Free time', '17:30:00', '18:30:00', 1037),
(1941, 'Relaxing and Shower/Free time', 'Rooms', 'Relaxing and Shower/Free time', '17:30:00', '18:30:00', 1038),
(1942, 'Relaxing and Shower/Free time', 'Rooms', 'Relaxing and Shower/Free time', '17:30:00', '18:30:00', 1039),
(1943, 'Relaxing and Shower/Free time', 'Rooms', 'Relaxing and Shower/Free time', '17:30:00', '18:30:00', 1040),
(1944, 'Relaxing and Shower/Free time', 'Rooms', 'Relaxing and Shower/Free time', '17:30:00', '18:30:00', 1041),
(1945, 'Relaxing and Shower/Free time', 'Rooms', 'Relaxing and Shower/Free time', '17:30:00', '18:30:00', 1042),
(1946, 'Relaxing and Shower/Free time', 'Rooms', 'Relaxing and Shower/Free time', '17:30:00', '18:30:00', 1043),
(1947, 'Relaxing and Shower/Free time', 'Rooms', 'Relaxing and Shower/Free time', '17:30:00', '18:30:00', 1044),
(1948, 'Relaxing and Shower/Free time', 'Rooms', 'Relaxing and Shower/Free time', '17:30:00', '18:30:00', 1045),
(1949, 'Relaxing and Shower/Free time', 'Rooms', 'Relaxing and Shower/Free time', '17:30:00', '18:30:00', 1046),
(1950, 'Relaxing and Shower/Free time', 'Rooms', 'Relaxing and Shower/Free time', '17:30:00', '18:30:00', 1047),
(1951, 'Relaxing and Shower/Free time', 'Rooms', 'Relaxing and Shower/Free time', '17:30:00', '18:30:00', 1048),
(1957, 'Group Departure', 'Coach meeting point', 'Group Departure', '10:00:00', '10:30:00', 1049),
(1956, 'Check out', 'Reception', 'Check out', '10:00:00', '10:10:00', 1049),
(1958, 'Excursion Presentation ', 'Main Hall', 'Excursion Presentation', '14:30:00', '14:45:00', 1009),
(1960, 'Excursion Presentation ', 'Main Hall', 'Excursion Presentation', '14:30:00', '14:45:00', 1023),
(1961, 'Excursion Presentation ', 'Main Hall', 'Excursion Presentation', '14:30:00', '14:45:00', 1030),
(1962, 'Excursion Presentation ', 'Main Hall', 'Excursion Presentation', '14:30:00', '14:45:00', 1037),
(1963, 'Excursion Presentation ', 'Main Hall', 'Excursion Presentation', '14:30:00', '14:45:00', 1044),
(1964, 'Campus Tour', 'Reception', 'Campus Tour', '17:00:00', '17:30:00', 1007),
(1965, 'Staff presentation', 'Main Hall', 'Staff Presentation', '20:00:00', '20:30:00', 1007),
(1966, 'Welcome Party', 'Main Hall', 'Welcome Party', '20:30:00', '22:30:00', 1007),
(2150, 'Students'' Questionnaire', 'Class', 'Students'' Questionnaire', '12:30:00', '12:45:00', 1013),
(1968, 'Students'' Questionnaire', 'Class', 'Students'' Questionnaire', '12:30:00', '12:45:00', 1020),
(1969, 'Students'' Questionnaire', 'Class', 'Students'' Questionnaire', '12:30:00', '12:45:00', 1027),
(1970, 'Students'' Questionnaire', 'Class', 'Students'' Questionnaire', '12:30:00', '12:45:00', 1034),
(1971, 'Students'' Questionnaire', 'Class', 'Students'' Questionnaire', '12:30:00', '12:45:00', 1041),
(1972, 'Students'' Questionnaire', 'Class', 'Students'' Questionnaire', '12:30:00', '12:45:00', 1048),
(1973, 'Breakfast', 'Refectory', 'Breakfast', '08:00:00', '09:00:00', 1087),
(1974, 'Breakfast', 'Refectory', 'Breakfast', '08:00:00', '09:00:00', 1088),
(1975, 'Breakfast', 'Refectory', 'Breakfast', '08:00:00', '09:00:00', 1089),
(1976, 'Breakfast', 'Refectory', 'Breakfast', '08:00:00', '09:00:00', 1090),
(1977, 'Breakfast', 'Refectory', 'Breakfast', '08:00:00', '09:00:00', 1091),
(1978, 'Breakfast', 'Refectory', 'Breakfast', '08:00:00', '09:00:00', 1092),
(1979, 'Breakfast', 'Refectory', 'Breakfast', '08:00:00', '09:00:00', 1093),
(1980, 'Breakfast', 'Refectory', 'Breakfast', '08:00:00', '09:00:00', 1094),
(1981, 'Breakfast', 'Refectory', 'Breakfast', '08:00:00', '09:00:00', 1095),
(1982, 'Breakfast', 'Refectory', 'Breakfast', '08:00:00', '09:00:00', 1096),
(1983, 'Breakfast', 'Refectory', 'Breakfast', '08:00:00', '09:00:00', 1097),
(1984, 'Breakfast', 'Refectory', 'Breakfast', '08:00:00', '09:00:00', 1098),
(1985, 'Breakfast', 'Refectory', 'Breakfast', '08:00:00', '09:00:00', 1099),
(1986, 'Breakfast', 'Refectory', 'Breakfast', '08:00:00', '09:00:00', 1100),
(1987, 'Breakfast', 'Refectory', 'Breakfast', '08:00:00', '09:00:00', 1101),
(1988, 'Breakfast', 'Refectory', 'Breakfast', '08:00:00', '09:00:00', 1102),
(1989, 'Breakfast', 'Refectory', 'Breakfast', '08:00:00', '09:00:00', 1103),
(1990, 'Breakfast', 'Refectory', 'Breakfast', '08:00:00', '09:00:00', 1104),
(1991, 'Breakfast', 'Refectory', 'Breakfast', '08:00:00', '09:00:00', 1105),
(1992, 'Breakfast', 'Refectory', 'Breakfast', '08:00:00', '09:00:00', 1106),
(1993, 'Breakfast', 'Refectory', 'Breakfast', '08:00:00', '09:00:00', 1107),
(1994, 'Breakfast', 'Refectory', 'Breakfast', '08:00:00', '09:00:00', 1108),
(1995, 'Breakfast', 'Refectory', 'Breakfast', '08:00:00', '09:00:00', 1109),
(1996, 'Breakfast', 'Refectory', 'Breakfast', '08:00:00', '09:00:00', 1110),
(1997, 'Breakfast', 'Refectory', 'Breakfast', '08:00:00', '09:00:00', 1111),
(1998, 'Breakfast', 'Refectory', 'Breakfast', '08:00:00', '09:00:00', 1112),
(1999, 'Breakfast', 'Refectory', 'Breakfast', '08:00:00', '09:00:00', 1113),
(2000, 'Breakfast', 'Refectory', 'Breakfast', '08:00:00', '09:00:00', 1114),
(2001, 'Lunch', 'Refectory', 'Lunch', '12:30:00', '13:30:00', 1087),
(2002, 'Lunch', 'Refectory', 'Lunch', '12:30:00', '13:30:00', 1088),
(2003, 'Lunch', 'Refectory', 'Lunch', '12:30:00', '13:30:00', 1089),
(2004, 'Lunch', 'Refectory', 'Lunch', '12:30:00', '13:30:00', 1090),
(2005, 'Lunch', 'Refectory', 'Lunch', '12:30:00', '13:30:00', 1091),
(2006, 'Lunch', 'Refectory', 'Lunch', '12:30:00', '13:30:00', 1092),
(2007, 'Lunch', 'Refectory', 'Lunch', '12:30:00', '13:30:00', 1093),
(2008, 'Lunch', 'Refectory', 'Lunch', '12:30:00', '13:30:00', 1094),
(2009, 'Lunch', 'Refectory', 'Lunch', '12:30:00', '13:30:00', 1095),
(2010, 'Lunch', 'Refectory', 'Lunch', '12:30:00', '13:30:00', 1096),
(2011, 'Lunch', 'Refectory', 'Lunch', '12:30:00', '13:30:00', 1097),
(2012, 'Lunch', 'Refectory', 'Lunch', '12:30:00', '13:30:00', 1098),
(2013, 'Lunch', 'Refectory', 'Lunch', '12:30:00', '13:30:00', 1099),
(2014, 'Lunch', 'Refectory', 'Lunch', '12:30:00', '13:30:00', 1100),
(2015, 'Lunch', 'Refectory', 'Lunch', '12:30:00', '13:30:00', 1101),
(2016, 'Lunch', 'Refectory', 'Lunch', '12:30:00', '13:30:00', 1102),
(2017, 'Lunch', 'Refectory', 'Lunch', '12:30:00', '13:30:00', 1103),
(2018, 'Lunch', 'Refectory', 'Lunch', '12:30:00', '13:30:00', 1104),
(2019, 'Lunch', 'Refectory', 'Lunch', '12:30:00', '13:30:00', 1105),
(2020, 'Lunch', 'Refectory', 'Lunch', '12:30:00', '13:30:00', 1106),
(2021, 'Lunch', 'Refectory', 'Lunch', '12:30:00', '13:30:00', 1107),
(2022, 'Lunch', 'Refectory', 'Lunch', '12:30:00', '13:30:00', 1108),
(2023, 'Lunch', 'Refectory', 'Lunch', '12:30:00', '13:30:00', 1109),
(2024, 'Lunch', 'Refectory', 'Lunch', '12:30:00', '13:30:00', 1110),
(2025, 'Lunch', 'Refectory', 'Lunch', '12:30:00', '13:30:00', 1111),
(2026, 'Lunch', 'Refectory', 'Lunch', '12:30:00', '13:30:00', 1112),
(2027, 'Lunch', 'Refectory', 'Lunch', '12:30:00', '13:30:00', 1113),
(2028, 'Dinner', 'Refectory', 'Dinner', '18:30:00', '19:30:00', 1087),
(2029, 'Dinner', 'Refectory', 'Dinner', '18:30:00', '19:30:00', 1088),
(2030, 'Dinner', 'Refectory', 'Dinner', '18:30:00', '19:30:00', 1089),
(2031, 'Dinner', 'Refectory', 'Dinner', '18:30:00', '19:30:00', 1090),
(2032, 'Dinner', 'Refectory', 'Dinner', '18:30:00', '19:30:00', 1091),
(2033, 'Dinner', 'Refectory', 'Dinner', '18:30:00', '19:30:00', 1092),
(2034, 'Dinner', 'Refectory', 'Dinner', '18:30:00', '19:30:00', 1093),
(2035, 'Dinner', 'Refectory', 'Dinner', '18:30:00', '19:30:00', 1094),
(2036, 'Dinner', 'Refectory', 'Dinner', '18:30:00', '19:30:00', 1095),
(2037, 'Dinner', 'Refectory', 'Dinner', '18:30:00', '19:30:00', 1096),
(2038, 'Dinner', 'Refectory', 'Dinner', '18:30:00', '19:30:00', 1097),
(2039, 'Dinner', 'Refectory', 'Dinner', '18:30:00', '19:30:00', 1098),
(2040, 'Dinner', 'Refectory', 'Dinner', '18:30:00', '19:30:00', 1099),
(2041, 'Dinner', 'Refectory', 'Dinner', '18:30:00', '19:30:00', 1100),
(2042, 'Dinner', 'Refectory', 'Dinner', '18:30:00', '19:30:00', 1101),
(2043, 'Dinner', 'Refectory', 'Dinner', '18:30:00', '19:30:00', 1102),
(2044, 'Dinner', 'Refectory', 'Dinner', '18:30:00', '19:30:00', 1103),
(2045, 'Dinner', 'Refectory', 'Dinner', '18:30:00', '19:30:00', 1104),
(2046, 'Dinner', 'Refectory', 'Dinner', '18:30:00', '19:30:00', 1105),
(2047, 'Dinner', 'Refectory', 'Dinner', '18:30:00', '19:30:00', 1106),
(2048, 'Dinner', 'Refectory', 'Dinner', '18:30:00', '19:30:00', 1107),
(2049, 'Dinner', 'Refectory', 'Dinner', '18:30:00', '19:30:00', 1108),
(2050, 'Dinner', 'Refectory', 'Dinner', '18:30:00', '19:30:00', 1109),
(2051, 'Dinner', 'Refectory', 'Dinner', '18:30:00', '19:30:00', 1110),
(2052, 'Dinner', 'Refectory', 'Dinner', '18:30:00', '19:30:00', 1111),
(2053, 'Dinner', 'Refectory', 'Dinner', '18:30:00', '19:30:00', 1112),
(2054, 'Dinner', 'Refectory', 'Dinner', '18:30:00', '19:30:00', 1113),
(2055, 'Check in', 'Refectory', 'Check in', '10:00:00', '10:15:00', 1086),
(2056, 'Campus Tour', 'Campus', 'Campus Tour', '17:00:00', '17:30:00', 1086),
(2057, 'Dinner', 'Refectory', 'Dinner', '18:30:00', '19:30:00', 1086),
(2059, 'Welcome Party', 'Main Hall', 'Welcome Party', '20:30:00', '22:30:00', 1086),
(2060, 'Check out', 'Reception', 'Check out', '10:00:00', '10:15:00', 1086),
(2061, 'Group Departure', 'Coach meeting point', 'Group Departure', '14:00:00', '14:30:00', 1086),
(2062, 'Group Arrival', 'TBC', 'Group Arrival', '10:00:00', '10:00:00', 1230),
(2063, 'Dinner', 'Family', 'Dinner', '18:00:00', '19:00:00', 1230),
(2064, 'Breakfast', 'Family', 'Breakfast', '08:00:00', '08:30:00', 1230),
(2066, 'Breakfast', 'Family', 'Breakfast', '08:00:00', '08:30:00', 1231),
(2067, 'Breakfast', 'Family', 'Breakfast', '08:00:00', '08:30:00', 1232),
(2068, 'Breakfast', 'Family', 'Breakfast', '08:00:00', '08:30:00', 1233),
(2069, 'Breakfast', 'Family', 'Breakfast', '08:00:00', '08:30:00', 1234),
(2070, 'Breakfast', 'Family', 'Breakfast', '08:00:00', '08:30:00', 1235),
(2071, 'Breakfast', 'Family', 'Breakfast', '08:00:00', '08:30:00', 1236),
(2072, 'Breakfast', 'Family', 'Breakfast', '08:00:00', '08:30:00', 1237),
(2073, 'Breakfast', 'Family', 'Breakfast', '08:00:00', '08:30:00', 1238),
(2074, 'Breakfast', 'Family', 'Breakfast', '08:00:00', '08:30:00', 1239),
(2075, 'Breakfast', 'Family', 'Breakfast', '08:00:00', '08:30:00', 1240),
(2076, 'Breakfast', 'Family', 'Breakfast', '08:00:00', '08:30:00', 1241),
(2080, 'Dinner', 'Family', 'Dinner', '18:00:00', '19:00:00', 1231),
(2078, 'Meeting with GL', 'Location tbc', 'Meeting with GL', '10:00:00', '10:15:00', 1241),
(2079, 'Group Departure', 'Coach meeting point', 'Group Departure', '14:00:00', '14:15:00', 1241),
(2081, 'Dinner', 'Family', 'Dinner', '18:00:00', '19:00:00', 1232),
(2082, 'Dinner', 'Family', 'Dinner', '18:00:00', '19:00:00', 1233),
(2083, 'Dinner', 'Family', 'Dinner', '18:00:00', '19:00:00', 1234),
(2084, 'Dinner', 'Family', 'Dinner', '18:00:00', '19:00:00', 1235),
(2085, 'Dinner', 'Family', 'Dinner', '18:00:00', '19:00:00', 1236),
(2086, 'Dinner', 'Family', 'Dinner', '18:00:00', '19:00:00', 1237),
(2087, 'Dinner', 'Family', 'Dinner', '18:00:00', '19:00:00', 1238),
(2088, 'Dinner', 'Family', 'Dinner', '18:00:00', '19:00:00', 1239),
(2089, 'Dinner', 'Family', 'Dinner', '18:00:00', '19:00:00', 1240),
(2090, 'Meeting with PLUS Teacher', 'TBC', 'Meeting with PLUS Teacher', '09:00:00', '09:10:00', 1231),
(2091, 'Meeting with PLUS Teacher', 'TBC', 'Meeting with PLUS Teacher', '09:00:00', '09:10:00', 1232),
(2092, 'Meeting with PLUS Teacher', 'TBC', 'Meeting with PLUS Teacher', '09:00:00', '09:10:00', 1233),
(2093, 'Meeting with PLUS Teacher', 'TBC', 'Meeting with PLUS Teacher', '09:00:00', '09:10:00', 1234),
(2094, 'Meeting with PLUS Teacher', 'TBC', 'Meeting with PLUS Teacher', '09:00:00', '09:10:00', 1235),
(2100, 'Lesson ', 'TBC', 'Lesson', '09:30:00', '12:30:00', 1231),
(2101, 'Lesson ', 'TBC', 'Lesson', '09:30:00', '12:30:00', 1232),
(2102, 'Lesson ', 'TBC', 'Lesson', '09:30:00', '12:30:00', 1233),
(2097, 'Meeting with PLUS Teacher', 'TBC', 'Meeting with PLUS Teacher', '09:00:00', '09:10:00', 1238),
(2098, 'Meeting with PLUS Teacher', 'TBC', 'Meeting with PLUS Teacher', '09:00:00', '09:10:00', 1239),
(2099, 'Meeting with PLUS Teacher', 'TBC', 'Meeting with PLUS Teacher', '09:00:00', '09:10:00', 1240),
(2103, 'Lesson ', 'TBC', 'Lesson', '09:30:00', '12:30:00', 1234),
(2104, 'Lesson ', 'TBC', 'Lesson', '09:30:00', '12:30:00', 1235),
(2105, 'Lesson ', 'TBC', 'Lesson', '09:30:00', '12:30:00', 1238),
(2106, 'Lesson ', 'TBC', 'Lesson', '09:30:00', '12:30:00', 1239),
(2107, 'Lesson ', 'TBC', 'Lesson', '09:30:00', '12:30:00', 1240),
(2108, 'Visit', 'New York City', 'Statue of Liberty (outside visit) with Ferry ticket ', '09:30:00', '12:30:00', 1231),
(2109, 'Free Day with GL ', 'TB', 'Free Day with GL', '09:15:00', '18:00:00', 1236),
(2111, 'Check in', 'Family', 'Check in', '16:00:00', '16:30:00', 1230),
(2110, 'Meal Voucher ', 'TBC', 'Meal Voucher $13.00', '12:30:00', '13:30:00', 1231),
(2112, 'Presentation', 'TBC', 'Presentation of the Programme', '16:00:00', '16:30:00', 1230),
(2113, 'Meal Voucher ', 'TBC', 'Meal Voucher $13.00', '12:30:00', '13:30:00', 1232),
(2114, 'Meal Voucher ', 'TBC', 'Meal Voucher $13.00', '12:30:00', '13:30:00', 1233),
(2115, 'Meal Voucher ', 'TBC', 'Meal Voucher $13.00', '12:30:00', '13:30:00', 1234),
(2116, 'Meal Voucher ', 'TBC', 'Meal Voucher $13.00', '12:30:00', '13:30:00', 1235),
(2117, 'Meal Voucher ', 'TBC', 'Meal Voucher $13.00', '12:30:00', '13:30:00', 1236),
(2118, 'Meal Voucher ', 'TBC', 'Meal Voucher $13.00', '12:30:00', '13:30:00', 1237),
(2119, 'Meal Voucher ', 'TBC', 'Meal Voucher $13.00', '12:30:00', '13:30:00', 1238),
(2120, 'Meal Voucher ', 'TBC', 'Meal Voucher $13.00', '12:30:00', '13:30:00', 1239),
(2121, 'Meal Voucher ', 'TBC', 'Meal Voucher $13.00', '12:30:00', '13:30:00', 1240),
(2122, 'Visit', 'New York City', 'Top of the Rock Observation deck  ', '09:30:00', '12:30:00', 1232),
(2123, 'Visit', 'New York City', 'Attend the MoMA ', '09:30:00', '12:30:00', 1235),
(2126, 'Broadway Show', 'TBA', 'Broadway Show +$50.00 Min', '18:00:00', '22:00:00', 1236),
(2125, 'Visit', 'New York City', 'The MET students can visit the Met Cloisters ', '09:30:00', '12:30:00', 1235),
(2127, 'Sport Game', 'TBA', 'Sport  Game +$50.00 Min', '18:00:00', '22:00:00', 1237),
(2128, 'Madam Tussaud', 'TBS', 'Madam Tussaud $34 ', '14:00:00', '16:00:00', 1238),
(2151, 'Lunch', 'Refectory', 'Lunch', '12:30:00', '13:30:00', 1188),
(2152, 'Dinner', 'Refectory', 'Dinner', '18:30:00', '19:30:00', 1188),
(2153, 'Lesson', 'Classroom', 'Lesson', '09:00:00', '12:30:00', 1188),
(2154, 'Check in', 'Reception', 'Check in', '14:00:00', '14:15:00', 1187),
(2155, 'Campus Tour', 'Meeting at Plus Office', 'Campus Tour', '17:00:00', '17:30:00', 1187),
(2130, '9/11 Memorial', 'New York City', ' -9/11 Memorial -Oculous Shopping Center &  Transportation Hub -Wall Street and the New York Stock Exchange Building (outside only) -Trinity Church (outside only, inside if not closed for private event) -South Street Seaport Neighborhood (shopping and res', '09:30:00', '12:30:00', 1240),
(2131, 'Visit China Town and Little Italy', 'New York City', 'Visit China Town and Little Italy', '09:30:00', '12:30:00', 1239),
(2132, 'UNited Nation Tour', 'New York City', 'Visiting the visitors center is free, a guided tour of the UN buildings can be arranged with advanced notice and costs around $15 per student.', '09:30:00', '12:30:00', 1238),
(2133, 'Chelsea District and the New York High Line (2 hours)', 'New York City', 'Chelsea District and the New York High Line (2 hours)', '09:30:00', '12:30:00', 1234),
(2134, 'Roosevelt Island and Sky Tram (3 hours)', 'New York City', 'Roosevelt Island and Sky Tram (3 hours)', '09:30:00', '12:30:00', 1233),
(2135, 'Swimming ', 'Swimming pool', 'Swimming ', '20:30:00', '22:30:00', 735),
(4008, 'Group Departure STI', 'The Hub/ Coach meeting point', 'Group Departure STI', '15:00:00', '15:15:00', 1257),
(2138, 'Swimming ', 'Swimming pool', 'Swimming ', '20:30:00', '22:30:00', 742),
(4007, 'Yellowwave and Beach Sport ', 'Brighton Beach', 'Yellowwave and Beach Sport ', '09:00:00', '11:00:00', 1258),
(2140, 'Swimming ', 'Swimming pool', 'Swimming ', '20:30:00', '22:30:00', 749),
(2141, 'Swimming ', 'Swimming pool', 'Swimming ', '20:30:00', '22:30:00', 753),
(2142, 'Swimming ', 'Swimming pool', 'Swimming ', '20:30:00', '22:30:00', 754),
(2143, 'Swimming ', 'Swimming pool', 'Swimming ', '20:30:00', '22:30:00', 756),
(2144, 'Swimming ', 'Swimming pool', 'Swimming ', '20:30:00', '22:30:00', 757),
(2145, 'Swimming ', 'Swimming pool', 'Swimming ', '20:30:00', '22:30:00', 758),
(2147, 'Swimming ', 'Swimming pool', 'Swimming ', '20:30:00', '22:30:00', 759),
(2148, 'Swimming ', 'Swimming pool', 'Swimming ', '20:30:00', '22:30:00', 760),
(2329, 'Football Academy', 'TBA', 'Football Academy', '14:30:00', '17:30:00', 1188),
(2157, 'Breakfast', 'Refectory', 'Breakfast', '08:00:00', '09:00:00', 1189),
(2158, 'Breakfast', 'Refectory', 'Breakfast', '08:00:00', '09:00:00', 1190),
(2159, 'Breakfast', 'Refectory', 'Breakfast', '08:00:00', '09:00:00', 1191),
(2160, 'Breakfast', 'Refectory', 'Breakfast', '08:00:00', '09:00:00', 1192),
(2161, 'Breakfast', 'Refectory', 'Breakfast', '08:00:00', '09:00:00', 1193),
(2162, 'Breakfast', 'Refectory', 'Breakfast', '08:00:00', '09:00:00', 1194),
(2163, 'Breakfast', 'Refectory', 'Breakfast', '08:00:00', '09:00:00', 1195),
(2164, 'Lesson', 'Classroom', 'Lesson', '09:00:00', '12:30:00', 1189),
(2165, 'Lesson', 'Classroom', 'Lesson', '09:00:00', '12:30:00', 1190),
(2166, 'Lesson', 'Classroom', 'Lesson', '09:00:00', '12:30:00', 1193),
(2167, 'Lesson', 'Classroom', 'Lesson', '09:00:00', '12:30:00', 1194),
(2168, 'Lesson', 'Classroom', 'Lesson', '09:00:00', '12:30:00', 1195),
(2169, 'Lunch', 'Refectory', 'Lunch', '12:30:00', '13:30:00', 1189),
(2170, 'Lunch', 'Refectory', 'Lunch', '12:30:00', '13:30:00', 1190),
(2171, 'Lunch', 'Refectory', 'Lunch', '12:30:00', '13:30:00', 1193),
(2172, 'Lunch', 'Refectory', 'Lunch', '12:30:00', '13:30:00', 1194),
(2173, 'Lunch', 'Refectory', 'Lunch', '12:30:00', '13:30:00', 1195),
(2174, 'Dinner', 'Refectory', 'Dinner', '18:30:00', '19:30:00', 1189),
(2175, 'Dinner', 'Refectory', 'Dinner', '18:30:00', '19:30:00', 1190),
(2176, 'Dinner', 'Refectory', 'Dinner', '18:30:00', '19:30:00', 1191),
(2177, 'Dinner', 'Refectory', 'Dinner', '18:30:00', '19:30:00', 1192),
(2178, 'Dinner', 'Refectory', 'Dinner', '18:30:00', '19:30:00', 1193),
(2179, 'Dinner', 'Refectory', 'Dinner', '18:30:00', '19:30:00', 1194),
(2180, 'Dinner', 'Refectory', 'Dinner', '18:30:00', '19:30:00', 1195),
(3472, 'Meal Voucher', 'Collection from PLUS office', 'Meal Voucher', '08:00:00', '09:00:00', 1199),
(3495, 'Lesson', 'Classroom', 'Lesson', '09:00:00', '12:30:00', 1198),
(2183, 'Breakfast', 'Refectory', 'Breakfast', '08:00:00', '09:00:00', 1196),
(2184, 'Breakfast', 'Refectory', 'Breakfast', '08:00:00', '09:00:00', 1197),
(2185, 'Breakfast', 'Refectory', 'Breakfast', '08:00:00', '09:00:00', 1198),
(2186, 'Breakfast', 'Refectory', 'Breakfast', '08:00:00', '09:00:00', 1199),
(2187, 'Breakfast', 'Refectory', 'Breakfast', '08:00:00', '09:00:00', 1200),
(2188, 'Breakfast', 'Refectory', 'Breakfast', '08:00:00', '09:00:00', 1201),
(2189, 'Breakfast', 'Refectory', 'Breakfast', '08:00:00', '09:00:00', 1202),
(2190, 'Lesson', 'Classroom', 'Lesson', '09:00:00', '12:30:00', 1196),
(2191, 'Lesson', 'Classroom', 'Lesson', '09:00:00', '12:30:00', 1197),
(2192, 'Lesson', 'Classroom', 'Lesson', '09:00:00', '12:30:00', 1200),
(2193, 'Lesson', 'Classroom', 'Lesson', '09:00:00', '12:30:00', 1201),
(2194, 'Lesson', 'Classroom', 'Lesson', '09:00:00', '12:30:00', 1202),
(2195, 'Lunch', 'Refectory', 'Lunch', '12:30:00', '13:30:00', 1196),
(2196, 'Lunch', 'Refectory', 'Lunch', '12:30:00', '13:30:00', 1197),
(2197, 'Lunch', 'Refectory', 'Lunch', '12:30:00', '13:30:00', 1200),
(2198, 'Lunch', 'Refectory', 'Lunch', '12:30:00', '13:30:00', 1201),
(2199, 'Lunch', 'Refectory', 'Lunch', '12:30:00', '13:30:00', 1202),
(3499, 'Lesson', 'Classroom', 'Lesson', '09:00:00', '12:30:00', 1212),
(3473, 'Meal Voucher', 'Collection from PLUS office', 'Meal Voucher', '08:00:00', '09:00:00', 1213),
(2202, 'Dinner', 'Refectory', 'Dinner', '18:30:00', '19:30:00', 1196),
(2203, 'Dinner', 'Refectory', 'Dinner', '18:30:00', '19:30:00', 1197),
(2204, 'Dinner', 'Refectory', 'Dinner', '18:30:00', '19:30:00', 1198),
(2205, 'Dinner', 'Refectory', 'Dinner', '18:30:00', '19:30:00', 1199),
(2206, 'Dinner', 'Refectory', 'Dinner', '18:30:00', '19:30:00', 1200),
(2207, 'Dinner', 'Refectory', 'Dinner', '18:30:00', '19:30:00', 1201),
(2208, 'Dinner', 'Refectory', 'Dinner', '18:30:00', '19:30:00', 1202),
(2209, 'Breakfast', 'Refectory', 'Breakfast', '08:00:00', '09:00:00', 1203),
(2210, 'Breakfast', 'Refectory', 'Breakfast', '08:00:00', '09:00:00', 1204),
(2211, 'Breakfast', 'Refectory', 'Breakfast', '08:00:00', '09:00:00', 1205),
(2212, 'Breakfast', 'Refectory', 'Breakfast', '08:00:00', '09:00:00', 1206),
(2213, 'Breakfast', 'Refectory', 'Breakfast', '08:00:00', '09:00:00', 1207),
(2214, 'Breakfast', 'Refectory', 'Breakfast', '08:00:00', '09:00:00', 1208),
(2215, 'Breakfast', 'Refectory', 'Breakfast', '08:00:00', '09:00:00', 1209),
(2216, 'Lesson', 'Classroom', 'Lesson', '09:00:00', '12:30:00', 1203),
(2217, 'Lesson', 'Classroom', 'Lesson', '09:00:00', '12:30:00', 1204),
(2218, 'Lesson', 'Classroom', 'Lesson', '09:00:00', '12:30:00', 1207),
(2219, 'Lesson', 'Classroom', 'Lesson', '09:00:00', '12:30:00', 1208),
(2220, 'Lesson', 'Classroom', 'Lesson', '09:00:00', '12:30:00', 1209),
(2221, 'Lunch', 'Refectory', 'Lunch', '12:30:00', '13:30:00', 1203),
(2222, 'Lunch', 'Refectory', 'Lunch', '12:30:00', '13:30:00', 1204),
(2223, 'Lunch', 'Refectory', 'Lunch', '12:30:00', '13:30:00', 1207),
(2224, 'Lunch', 'Refectory', 'Lunch', '12:30:00', '13:30:00', 1208),
(2225, 'Lunch', 'Refectory', 'Lunch', '12:30:00', '13:30:00', 1209),
(2226, 'Dinner', 'Refectory', 'Dinner', '18:30:00', '19:30:00', 1203),
(2227, 'Dinner', 'Refectory', 'Dinner', '18:30:00', '19:30:00', 1204),
(2228, 'Dinner', 'Refectory', 'Dinner', '18:30:00', '19:30:00', 1205),
(2229, 'Dinner', 'Refectory', 'Dinner', '18:30:00', '19:30:00', 1206),
(2230, 'Dinner', 'Refectory', 'Dinner', '18:30:00', '19:30:00', 1207),
(2231, 'Dinner', 'Refectory', 'Dinner', '18:30:00', '19:30:00', 1208),
(2232, 'Dinner', 'Refectory', 'Dinner', '18:30:00', '19:30:00', 1209),
(3498, 'Lunch', 'Refectory', 'Lunch', '12:30:00', '13:30:00', 1205),
(3500, 'Lunch', 'Refectory', 'Lunch', '12:30:00', '13:30:00', 1212),
(3502, 'Lunch', 'Refectory', 'Lunch', '12:30:00', '13:30:00', 1219),
(2235, 'Breakfast', 'Refectory', 'Breakfast', '08:00:00', '09:00:00', 1210),
(2236, 'Breakfast', 'Refectory', 'Breakfast', '08:00:00', '09:00:00', 1211),
(2237, 'Breakfast', 'Refectory', 'Breakfast', '08:00:00', '09:00:00', 1212),
(2238, 'Breakfast', 'Refectory', 'Breakfast', '08:00:00', '09:00:00', 1213),
(2239, 'Breakfast', 'Refectory', 'Breakfast', '08:00:00', '09:00:00', 1214),
(2240, 'Breakfast', 'Refectory', 'Breakfast', '08:00:00', '09:00:00', 1215),
(2241, 'Breakfast', 'Refectory', 'Breakfast', '08:00:00', '09:00:00', 1216),
(2242, 'Lesson', 'Classroom', 'Lesson', '09:00:00', '12:30:00', 1210),
(2243, 'Lesson', 'Classroom', 'Lesson', '09:00:00', '12:30:00', 1211),
(2244, 'Lesson', 'Classroom', 'Lesson', '09:00:00', '12:30:00', 1214),
(2245, 'Lesson', 'Classroom', 'Lesson', '09:00:00', '12:30:00', 1215),
(2246, 'Lesson', 'Classroom', 'Lesson', '09:00:00', '12:30:00', 1216),
(2247, 'Lunch', 'Refectory', 'Lunch', '12:30:00', '13:30:00', 1210),
(2248, 'Lunch', 'Refectory', 'Lunch', '12:30:00', '13:30:00', 1211),
(3501, 'Lesson', 'Classroom', 'Lesson', '09:00:00', '12:30:00', 1219),
(3476, 'Meal Voucher', 'Collection from PLUS office', 'Meal Voucher', '08:00:00', '09:00:00', 1220),
(2251, 'Lunch', 'Refectory', 'Lunch', '12:30:00', '13:30:00', 1214),
(2252, 'Lunch', 'Refectory', 'Lunch', '12:30:00', '13:30:00', 1215),
(2253, 'Lunch', 'Refectory', 'Lunch', '12:30:00', '13:30:00', 1216),
(2254, 'Dinner', 'Refectory', 'Dinner', '18:30:00', '19:30:00', 1210),
(2255, 'Dinner', 'Refectory', 'Dinner', '18:30:00', '19:30:00', 1211),
(2256, 'Dinner', 'Refectory', 'Dinner', '18:30:00', '19:30:00', 1212),
(2257, 'Dinner', 'Refectory', 'Dinner', '18:30:00', '19:30:00', 1213),
(2258, 'Dinner', 'Refectory', 'Dinner', '18:30:00', '19:30:00', 1214),
(2259, 'Dinner', 'Refectory', 'Dinner', '18:30:00', '19:30:00', 1215),
(2260, 'Dinner', 'Refectory', 'Dinner', '18:30:00', '19:30:00', 1216),
(2261, 'Breakfast', 'Refectory', 'Breakfast', '08:00:00', '09:00:00', 1217),
(2262, 'Breakfast', 'Refectory', 'Breakfast', '08:00:00', '09:00:00', 1218),
(2263, 'Breakfast', 'Refectory', 'Breakfast', '08:00:00', '09:00:00', 1219),
(2264, 'Breakfast', 'Refectory', 'Breakfast', '08:00:00', '09:00:00', 1220),
(2265, 'Breakfast', 'Refectory', 'Breakfast', '08:00:00', '09:00:00', 1221),
(2266, 'Breakfast', 'Refectory', 'Breakfast', '08:00:00', '09:00:00', 1222),
(2267, 'Breakfast', 'Refectory', 'Breakfast', '08:00:00', '09:00:00', 1223),
(2268, 'Lesson', 'Classroom', 'Lesson', '09:00:00', '12:30:00', 1217),
(2269, 'Lesson', 'Classroom', 'Lesson', '09:00:00', '12:30:00', 1218),
(2270, 'Lesson', 'Classroom', 'Lesson', '09:00:00', '12:30:00', 1221),
(2271, 'Lesson', 'Classroom', 'Lesson', '09:00:00', '12:30:00', 1222),
(2272, 'Lesson', 'Classroom', 'Lesson', '09:00:00', '12:30:00', 1223),
(3478, 'Meal Voucher', 'Collection from PLUS office', 'Meal Voucher', '08:00:00', '09:00:00', 1227),
(3503, 'Lesson', 'Classroom', 'Lesson', '09:00:00', '12:30:00', 1226),
(2275, 'Lunch', 'Refectory', 'Lunch', '12:30:00', '13:30:00', 1217),
(2276, 'Lunch', 'Refectory', 'Lunch', '12:30:00', '13:30:00', 1218),
(2277, 'Lunch', 'Refectory', 'Lunch', '12:30:00', '13:30:00', 1221),
(2278, 'Lunch', 'Refectory', 'Lunch', '12:30:00', '13:30:00', 1222),
(2279, 'Lunch', 'Refectory', 'Lunch', '12:30:00', '13:30:00', 1223),
(2280, 'Dinner', 'Refectory', 'Dinner', '18:30:00', '19:30:00', 1217),
(2281, 'Dinner', 'Refectory', 'Dinner', '18:30:00', '19:30:00', 1218),
(2282, 'Dinner', 'Refectory', 'Dinner', '18:30:00', '19:30:00', 1219),
(2283, 'Dinner', 'Refectory', 'Dinner', '18:30:00', '19:30:00', 1220),
(2284, 'Dinner', 'Refectory', 'Dinner', '18:30:00', '19:30:00', 1221),
(2285, 'Dinner', 'Refectory', 'Dinner', '18:30:00', '19:30:00', 1222),
(2286, 'Dinner', 'Refectory', 'Dinner', '18:30:00', '19:30:00', 1223),
(2287, 'Breakfast', 'Refectory', 'Breakfast', '08:00:00', '09:00:00', 1224),
(2288, 'Breakfast', 'Refectory', 'Breakfast', '08:00:00', '09:00:00', 1225),
(2289, 'Breakfast', 'Refectory', 'Breakfast', '08:00:00', '09:00:00', 1226),
(2290, 'Breakfast', 'Refectory', 'Breakfast', '08:00:00', '09:00:00', 1227),
(2291, 'Breakfast', 'Refectory', 'Breakfast', '08:00:00', '09:00:00', 1228),
(2292, 'Breakfast', 'Refectory', 'Breakfast', '08:00:00', '09:00:00', 1229),
(2293, 'Lesson', 'Classroom', 'Lesson', '09:00:00', '12:30:00', 1224),
(2294, 'Lesson', 'Classroom', 'Lesson', '09:00:00', '12:30:00', 1225),
(2295, 'Lesson', 'Classroom', 'Lesson', '09:00:00', '12:30:00', 1228),
(2296, 'Lunch', 'Refectory', 'Lunch', '12:30:00', '13:30:00', 1224),
(2297, 'Lunch', 'Refectory', 'Lunch', '12:30:00', '13:30:00', 1225),
(2298, 'Lunch', 'Refectory', 'Lunch', '12:30:00', '13:30:00', 1228),
(2299, 'Lunch', 'Refectory', 'Lunch', '12:30:00', '13:30:00', 1229),
(3479, 'Castle Entrance ', 'Wales', 'Castle entrance - visit time', '12:45:00', '12:45:00', 1055),
(2302, 'Dinner', 'Refectory', 'Dinner', '18:30:00', '19:30:00', 1224),
(2303, 'Dinner', 'Refectory', 'Dinner', '18:30:00', '19:30:00', 1225),
(2304, 'Dinner', 'Refectory', 'Dinner', '18:30:00', '19:30:00', 1226),
(2305, 'Dinner', 'Refectory', 'Dinner', '18:30:00', '19:30:00', 1227),
(2306, 'Dinner', 'Refectory', 'Dinner', '18:30:00', '19:30:00', 1228),
(2309, 'Students'' Questionnaire', 'Classroom', 'Students'' questionnaires ', '12:30:00', '12:45:00', 1201),
(2308, 'Students'' Questionnaire', 'Classroom', 'Students'' questionnaires ', '12:30:00', '12:45:00', 1194),
(2310, 'Students'' Questionnaire', 'Classroom', 'Students'' questionnaires ', '12:30:00', '12:45:00', 1208),
(2311, 'Students'' Questionnaire', 'Classroom', 'Students'' questionnaires ', '12:30:00', '12:45:00', 1215),
(2312, 'Students'' Questionnaire', 'Classroom', 'Students'' questionnaires ', '12:30:00', '12:45:00', 1222),
(2313, 'Excursion presentation ', 'TBA', 'Excursion presentation', '14:00:00', '14:45:00', 1190),
(2314, 'Excursion presentation ', 'TBA', 'Excursion presentation', '14:00:00', '14:45:00', 1197),
(2315, 'Excursion presentation ', 'TBA', 'Excursion presentation', '14:00:00', '14:45:00', 1204),
(2316, 'Excursion presentation ', 'TBA', 'Excursion presentation', '14:00:00', '14:45:00', 1211),
(2317, 'Excursion presentation ', 'TBA', 'Excursion presentation', '14:00:00', '14:45:00', 1218),
(2318, 'Excursion presentation ', 'TBA', 'Excursion presentation', '14:00:00', '14:45:00', 1225),
(2327, 'Check out', 'Rooms', 'Check out', '10:00:00', '10:15:00', 1229),
(2320, 'Wellinghton College Presentation', 'TBA', 'Wellington College Presentation', '14:00:00', '14:45:00', 1188),
(2322, 'Wellinghton College Presentation', 'TBA', 'Wellington College Presentation', '14:00:00', '14:45:00', 1202),
(2324, 'Wellinghton College Presentation', 'TBA', 'Wellington College Presentation', '14:00:00', '14:45:00', 1216),
(2330, 'Dance Academy', 'TBA', 'Dance Academy', '14:30:00', '17:30:00', 1188),
(2331, 'Rugby Academy', 'TBA', 'Rugby Academy', '14:30:00', '17:30:00', 1188),
(2332, 'Relax & Free time', 'Rooms', 'Relax & Free time', '17:30:00', '18:30:00', 1188),
(2333, 'Relax & Free time', 'Rooms', 'Relax & Free time', '17:30:00', '18:30:00', 1189),
(2334, 'Relax & Free time', 'Rooms', 'Relax & Free time', '17:30:00', '18:30:00', 1190),
(2335, 'Relax & Free time', 'Rooms', 'Relax & Free time', '17:30:00', '18:30:00', 1191),
(2336, 'Relax & Free time', 'Rooms', 'Relax & Free time', '17:30:00', '18:30:00', 1192),
(2337, 'Relax & Free time', 'Rooms', 'Relax & Free time', '17:30:00', '18:30:00', 1193),
(2338, 'Relax & Free time', 'Rooms', 'Relax & Free time', '17:30:00', '18:30:00', 1194),
(2339, 'Relax & Free time', 'Rooms', 'Relax & Free time', '17:30:00', '18:30:00', 1195),
(2340, 'Relax & Free time', 'Rooms', 'Relax & Free time', '17:30:00', '18:30:00', 1196),
(2341, 'Relax & Free time', 'Rooms', 'Relax & Free time', '17:30:00', '18:30:00', 1197),
(2342, 'Relax & Free time', 'Rooms', 'Relax & Free time', '17:30:00', '18:30:00', 1198),
(2343, 'Relax & Free time', 'Rooms', 'Relax & Free time', '17:30:00', '18:30:00', 1199),
(2344, 'Relax & Free time', 'Rooms', 'Relax & Free time', '17:30:00', '18:30:00', 1200),
(2345, 'Relax & Free time', 'Rooms', 'Relax & Free time', '17:30:00', '18:30:00', 1201),
(2346, 'Relax & Free time', 'Rooms', 'Relax & Free time', '17:30:00', '18:30:00', 1202),
(2347, 'Relax & Free time', 'Rooms', 'Relax & Free time', '17:30:00', '18:30:00', 1203),
(2348, 'Relax & Free time', 'Rooms', 'Relax & Free time', '17:30:00', '18:30:00', 1204),
(2349, 'Relax & Free time', 'Rooms', 'Relax & Free time', '17:30:00', '18:30:00', 1205),
(2350, 'Relax & Free time', 'Rooms', 'Relax & Free time', '17:30:00', '18:30:00', 1206),
(2351, 'Relax & Free time', 'Rooms', 'Relax & Free time', '17:30:00', '18:30:00', 1207),
(2352, 'Relax & Free time', 'Rooms', 'Relax & Free time', '17:30:00', '18:30:00', 1208),
(2353, 'Relax & Free time', 'Rooms', 'Relax & Free time', '17:30:00', '18:30:00', 1209),
(2354, 'Relax & Free time', 'Rooms', 'Relax & Free time', '17:30:00', '18:30:00', 1210),
(2355, 'Relax & Free time', 'Rooms', 'Relax & Free time', '17:30:00', '18:30:00', 1211),
(2356, 'Relax & Free time', 'Rooms', 'Relax & Free time', '17:30:00', '18:30:00', 1212);
INSERT INTO `frontweb_fixed_day_activity_details` (`fixed_day_activity_details_id`, `program_name`, `location`, `activity`, `from_time`, `to_time`, `fixed_day_activity_id`) VALUES
(2357, 'Relax & Free time', 'Rooms', 'Relax & Free time', '17:30:00', '18:30:00', 1213),
(2358, 'Relax & Free time', 'Rooms', 'Relax & Free time', '17:30:00', '18:30:00', 1214),
(2359, 'Relax & Free time', 'Rooms', 'Relax & Free time', '17:30:00', '18:30:00', 1215),
(2360, 'Relax & Free time', 'Rooms', 'Relax & Free time', '17:30:00', '18:30:00', 1216),
(2361, 'Relax & Free time', 'Rooms', 'Relax & Free time', '17:30:00', '18:30:00', 1217),
(2362, 'Relax & Free time', 'Rooms', 'Relax & Free time', '17:30:00', '18:30:00', 1218),
(2363, 'Relax & Free time', 'Rooms', 'Relax & Free time', '17:30:00', '18:30:00', 1219),
(2364, 'Relax & Free time', 'Rooms', 'Relax & Free time', '17:30:00', '18:30:00', 1220),
(2365, 'Relax & Free time', 'Rooms', 'Relax & Free time', '17:30:00', '18:30:00', 1221),
(2366, 'Relax & Free time', 'Rooms', 'Relax & Free time', '17:30:00', '18:30:00', 1222),
(2367, 'Relax & Free time', 'Rooms', 'Relax & Free time', '17:30:00', '18:30:00', 1223),
(2368, 'Relax & Free time', 'Rooms', 'Relax & Free time', '17:30:00', '18:30:00', 1224),
(2369, 'Relax & Free time', 'Rooms', 'Relax & Free time', '17:30:00', '18:30:00', 1225),
(2370, 'Relax & Free time', 'Rooms', 'Relax & Free time', '17:30:00', '18:30:00', 1226),
(2371, 'Relax & Free time', 'Rooms', 'Relax & Free time', '17:30:00', '18:30:00', 1227),
(2372, 'Relax & Free time', 'Rooms', 'Relax & Free time', '17:30:00', '18:30:00', 1228),
(2373, 'Staff presentation', 'TBA', 'Staff presentation', '20:00:00', '20:30:00', 1187),
(2374, 'Welcome Party', 'TBA', 'Welcome Party', '20:30:00', '21:30:00', 1187),
(2383, 'Group Departure', 'Coach meeting point', 'Group Departure', '15:00:00', '15:30:00', 762),
(2380, 'Graduation Ceremony', 'TBA', 'Graduation Ceremony', '12:00:00', '12:30:00', 1229),
(2384, 'Disco', 'TBC', 'Disco', '20:30:00', '21:30:00', 1188),
(2399, 'Welcome Night', 'Main School/ Mairlot Hall', 'Carousel Conversations', '20:30:00', '22:30:00', 734),
(2422, 'Picture Hunt', 'Sport Hall', 'Picture Hunt', '20:30:00', '22:30:00', 754),
(2472, 'Swimming ', 'Swimming pool', 'Swimming ', '14:30:00', '18:00:00', 757),
(2400, 'Team Challenges', 'Sport Hall', 'Team Challenges', '20:30:00', '22:30:00', 736),
(2401, 'Quiz Night', 'Main School/ Mairlot Hall', 'Quiz Night', '20:30:00', '22:30:00', 738),
(2402, 'Movie Night', 'Main School/ Mairlot Hall', 'Movie Night', '20:30:00', '22:30:00', 739),
(2403, 'Picture Hunt', 'Sport Hall', 'Picture Hunt', '20:30:00', '22:30:00', 740),
(2404, 'Karaoke', 'Main School/ Mairlot Hall', 'Karaoke', '20:30:00', '22:30:00', 742),
(2406, 'Team Challenges', 'Sport Hall', 'Team Challenges', '20:30:00', '22:30:00', 743),
(2407, 'Talent Show', 'Main School/ Mairlot Hall', 'Talent Show', '20:30:00', '22:30:00', 744),
(2408, 'Murder Mystery', 'Main School/ Mairlot Hall', 'Murder Mystery', '20:30:00', '22:30:00', 745),
(2409, 'Bingo Night', 'Main School/ Mairlot Hall', 'Bingo Night', '20:30:00', '22:30:00', 746),
(2411, 'Quiz Night', 'Main School/ Mairlot Hall', 'Quiz Night', '20:30:00', '22:30:00', 747),
(2412, 'Casino Night', 'Main School/ Mairlot Hall', 'Casino Night', '20:30:00', '22:30:00', 748),
(2413, 'Team Challenges', 'Sport Hall', 'Team Challenges', '20:30:00', '22:30:00', 750),
(2414, 'Quiz Night', 'Main School/ Mairlot Hall', 'Quiz Night', '20:30:00', '22:30:00', 752),
(2456, 'Breakfast', 'Dining room', 'Breakfast', '08:00:00', '08:45:00', 758),
(2423, 'Disco', 'Main School/ Mairlot Hall', 'Fancy Dress Disco', '20:30:00', '22:30:00', 755),
(2418, 'Movie Night', 'Main School/ Mairlot Hall', 'Movie Night', '20:30:00', '22:30:00', 753),
(2433, 'Murder Mystery', 'Main School/ Mairlot Hall', 'Murder Mystery', '20:30:00', '22:30:00', 759),
(2432, 'Talent Show', 'Main School/ Mairlot Hall', 'Talent Show', '20:30:00', '22:30:00', 758),
(2429, 'Karaoke', 'Main School/ Mairlot Hall', 'Karaoke', '20:30:00', '22:30:00', 756),
(2434, 'Bingo', 'Main School/ Mairlot Hall', 'Bingo', '20:30:00', '22:30:00', 760),
(2436, 'Quiz Night', 'Main School/ Mairlot Hall', 'Quiz Night', '20:30:00', '22:30:00', 761),
(2457, 'Breakfast', 'Dining room', 'Breakfast', '08:00:00', '08:45:00', 759),
(2458, 'Breakfast', 'Dining room', 'Breakfast', '08:00:00', '08:45:00', 760),
(2459, 'Breakfast', 'Dining room', 'Breakfast', '08:00:00', '08:45:00', 761),
(2460, 'Breakfast', 'Dining room', 'Breakfast', '08:00:00', '08:45:00', 762),
(2481, 'Sport ', 'Sport Hall', 'Sport', '14:30:00', '18:00:00', 761),
(2482, 'Swimming ', 'Swimming pool', 'Swimming ', '14:30:00', '18:00:00', 761),
(2493, 'Packed Lunch', 'Dining room', 'Packed Lunch', '08:00:00', '08:45:00', 745),
(2496, 'Packed Lunch', 'Dining room', 'Packed Lunch', '08:00:00', '08:45:00', 753),
(2719, 'Meal Voucher ', 'Collection at PLUS Office', 'Meal Voucher', '13:00:00', '14:00:00', 768),
(2504, 'Packed Lunch', 'Collection at the Hub/Canteen', 'Packed Lunch', '08:00:00', '09:00:00', 781),
(2768, 'Meal Voucher ', 'Collection at PLUS Office', 'Meal Voucher', '13:00:00', '14:00:00', 775),
(2770, 'Meal Voucher ', 'Collection at PLUS Office', 'Meal Voucher', '13:00:00', '14:00:00', 789),
(2507, 'Packed Lunch', 'Collection at the Hub/Canteen', 'Packed Lunch', '08:00:00', '09:00:00', 788),
(2913, 'Excursion Presentation ', 'TBA', 'Excursion Presentation', '14:00:00', '14:30:00', 1260),
(3215, 'Breakfast', 'The Hub', 'Breakfast', '08:00:00', '09:00:00', 1254),
(3253, 'Dinner', 'The Hub', 'Dinner', '18:30:00', '19:30:00', 1258),
(4053, 'Karaoke', 'The Hub', 'Karaoke', '20:30:00', '22:30:00', 1246),
(3227, 'Breakfast', 'The Hub', 'Breakfast', '08:00:00', '09:00:00', 1242),
(2813, 'Sport ', 'Coldean School Field', 'Sport', '14:00:00', '17:00:00', 1247),
(2812, 'Relaxing and Shower/Free time', 'Rooms', 'Relaxing and Shower/Free time', '17:30:00', '18:30:00', 1247),
(2811, 'Sport ', 'Coldean School Field', 'Football ', '14:00:00', '17:00:00', 1247),
(3240, 'Lunch', 'The Hub', 'Lunch', '13:00:00', '14:00:00', 1247),
(2808, 'Talent Show Practice', 'The Hub/Top floor', 'Talent Show Practice', '20:30:00', '22:30:00', 1247),
(2807, 'Lesson', 'Class', 'Lesson', '09:00:00', '12:45:00', 1247),
(4054, 'Group Departure STi', 'The Hub/ Coach meeting point', 'Group Departure STI', '15:00:00', '15:15:00', 1243),
(2804, 'Half Day ', 'Reception', 'Half Day Walking Tour Brighton', '14:30:00', '17:30:00', 1246),
(2803, 'Relaxing and Shower/Free time', 'Rooms', 'Relaxing and Shower/Free time', '17:30:00', '18:30:00', 1246),
(2802, 'Excursion Presentation ', 'TBA', 'Excursion Presentation', '14:00:00', '14:30:00', 1246),
(3241, 'Lunch', 'The Hub', 'Lunch', '13:00:00', '14:00:00', 1246),
(2801, 'Lesson', 'Class', 'Lesson', '09:00:00', '12:45:00', 1246),
(3264, 'Dinner', 'The Hub', 'Dinner', '18:30:00', '19:30:00', 1247),
(3265, 'Dinner', 'The Hub', 'Dinner', '18:30:00', '19:30:00', 1246),
(4055, 'Check out STI', 'Rooms', 'Check out STI', '10:00:00', '10:15:00', 1243),
(4037, 'Full Day Excursion', 'Coach meeting point', 'Full Day Excursion Cambridge', '07:30:00', '18:30:00', 1245),
(4038, 'Breakfast', 'The Hub', 'Breakfast', '07:30:00', '08:30:00', 1244),
(2795, 'Relaxing and Shower/Free time', 'Rooms', 'Relaxing and Shower/Free time', '17:30:00', '18:30:00', 1245),
(4039, 'Packed Lunch', 'Collection at the Hub/Canteen', 'Pick up Packed Lunch', '07:30:00', '08:30:00', 1244),
(3011, 'Welcome Party', 'The Hub/Canteen', 'Welcome Party', '20:30:00', '22:30:00', 763),
(4051, 'Talent Show', 'The Hub', 'Talent Show', '20:00:00', '20:30:00', 1244),
(3281, 'Yellowave and Beach Sport ', 'Brighton Beach', 'Yellowave and Beach Sport ', '14:30:00', '17:30:00', 1261),
(4011, 'Yellowwave and Beach Sport ', 'Brighton Beach', 'Yellowwave and Beach Sport ', '14:30:00', '17:30:00', 1254),
(3223, 'Breakfast', 'The Hub', 'Breakfast', '08:00:00', '09:00:00', 1246),
(2787, 'Relaxing and Shower/Free time', 'Rooms', 'Relaxing and Shower/Free time', '17:30:00', '18:30:00', 1244),
(2786, 'Meal Voucher ', 'Collection at PLUS Office', 'Meal Voucher', '13:00:00', '14:00:00', 1244),
(3007, 'Breakfast', 'Reception', 'Breakfast', '08:00:00', '09:00:00', 965),
(3008, 'Breakfast', 'Reception', 'Breakfast', '08:00:00', '09:00:00', 966),
(3161, 'Check out', 'Rooms', 'Check out', '10:10:00', '10:10:00', 1299),
(3262, 'Dinner', 'The Hub', 'Dinner', '18:30:00', '19:30:00', 1249),
(3263, 'Dinner', 'The Hub', 'Dinner', '18:30:00', '19:30:00', 1248),
(2781, 'Graduation Ceremony', 'TBA', 'Graduation Ceremony', '19:00:00', '19:30:00', 1243),
(3222, 'Breakfast', 'The Hub', 'Breakfast', '08:00:00', '09:00:00', 1247),
(3076, 'Breakfast', 'Refectory', 'Breakfast', '08:00:00', '09:00:00', 1280),
(3018, 'Check out', 'Reception', 'Check out', '10:00:00', '10:05:00', 1271),
(3017, 'Check in', 'Reception ', 'Check in', '12:00:00', '12:30:00', 1271),
(3016, 'Campus Tour', 'Campus', 'Campus Tour', '17:00:00', '17:30:00', 1271),
(3015, 'Group Arrival ', 'Campus', 'Group Arrival', '11:00:00', '11:10:00', 1271),
(3014, 'Welcome Party', 'Hall', 'Welcome Party', '20:30:00', '22:30:00', 1271),
(3013, 'Staff presentation ', 'Main Hall', 'Staff presentation', '20:00:00', '20:30:00', 1271),
(2588, 'Relaxing and Shower/Free time', 'Rooms', 'Relaxing and Shower/Free time', '17:30:00', '18:30:00', 763),
(2589, 'Relaxing and Shower/Free time', 'Rooms', 'Relaxing and Shower/Free time', '17:30:00', '18:30:00', 764),
(2590, 'Relaxing and Shower/Free time', 'Rooms', 'Relaxing and Shower/Free time', '17:30:00', '18:30:00', 765),
(2591, 'Relaxing and Shower/Free time', 'Rooms', 'Relaxing and Shower/Free time', '17:30:00', '18:30:00', 767),
(2592, 'Relaxing and Shower/Free time', 'Rooms', 'Relaxing and Shower/Free time', '17:30:00', '18:30:00', 766),
(2593, 'Relaxing and Shower/Free time', 'Rooms', 'Relaxing and Shower/Free time', '17:30:00', '18:30:00', 768),
(2594, 'Relaxing and Shower/Free time', 'Rooms', 'Relaxing and Shower/Free time', '17:30:00', '18:30:00', 769),
(2595, 'Relaxing and Shower/Free time', 'Rooms', 'Relaxing and Shower/Free time', '17:30:00', '18:30:00', 770),
(2596, 'Relaxing and Shower/Free time', 'Rooms', 'Relaxing and Shower/Free time', '17:30:00', '18:30:00', 771),
(2597, 'Relaxing and Shower/Free time', 'Rooms', 'Relaxing and Shower/Free time', '17:30:00', '18:30:00', 772),
(2598, 'Relaxing and Shower/Free time', 'Rooms', 'Relaxing and Shower/Free time', '17:30:00', '18:30:00', 773),
(2599, 'Relaxing and Shower/Free time', 'Rooms', 'Relaxing and Shower/Free time', '17:30:00', '18:30:00', 774),
(2600, 'Relaxing and Shower/Free time', 'Rooms', 'Relaxing and Shower/Free time', '17:30:00', '18:30:00', 775),
(2601, 'Relaxing and Shower/Free time', 'Rooms', 'Relaxing and Shower/Free time', '17:30:00', '18:30:00', 776),
(2602, 'Relaxing and Shower/Free time', 'Rooms', 'Relaxing and Shower/Free time', '17:30:00', '18:30:00', 777),
(2603, 'Relaxing and Shower/Free time', 'Rooms', 'Relaxing and Shower/Free time', '17:30:00', '18:30:00', 778),
(2604, 'Relaxing and Shower/Free time', 'Rooms', 'Relaxing and Shower/Free time', '17:30:00', '18:30:00', 779),
(2605, 'Relaxing and Shower/Free time', 'Rooms', 'Relaxing and Shower/Free time', '17:30:00', '18:30:00', 780),
(2606, 'Relaxing and Shower/Free time', 'Rooms', 'Relaxing and Shower/Free time', '17:30:00', '18:30:00', 781),
(2607, 'Relaxing and Shower/Free time', 'Rooms', 'Relaxing and Shower/Free time', '17:30:00', '18:30:00', 782),
(2608, 'Relaxing and Shower/Free time', 'Rooms', 'Relaxing and Shower/Free time', '17:30:00', '18:30:00', 783),
(2609, 'Relaxing and Shower/Free time', 'Rooms', 'Relaxing and Shower/Free time', '17:30:00', '18:30:00', 784),
(2610, 'Relaxing and Shower/Free time', 'Rooms', 'Relaxing and Shower/Free time', '17:30:00', '18:30:00', 785),
(2611, 'Relaxing and Shower/Free time', 'Rooms', 'Relaxing and Shower/Free time', '17:30:00', '18:30:00', 786),
(2612, 'Relaxing and Shower/Free time', 'Rooms', 'Relaxing and Shower/Free time', '17:30:00', '18:30:00', 787),
(2613, 'Relaxing and Shower/Free time', 'Rooms', 'Relaxing and Shower/Free time', '17:30:00', '18:30:00', 788),
(2614, 'Relaxing and Shower/Free time', 'Rooms', 'Relaxing and Shower/Free time', '17:30:00', '18:30:00', 789),
(2615, 'Relaxing and Shower/Free time', 'Rooms', 'Relaxing and Shower/Free time', '17:30:00', '18:30:00', 790),
(2616, 'Newspaper Fashion Show', 'The Hub', 'Newspaper Fashion Show', '20:30:00', '22:30:00', 764),
(3012, 'Breakfast', 'The Hub/Refectory', 'Breakfast', '08:00:00', '09:00:00', 764),
(2716, 'Sport ', 'Coldean School Field', 'Football ', '09:00:00', '12:00:00', 782),
(2619, 'Group Departure', 'The Hub/ Coach meeting point', 'Group Departure', '15:00:00', '15:15:00', 763),
(2769, 'Meal Voucher ', 'Collection at PLUS Office', 'Meal Voucher', '13:00:00', '14:00:00', 782),
(2715, 'Sport ', 'Coldean School Field', 'Sport', '09:00:00', '12:00:00', 782),
(2621, 'Students'' Questionnaire', 'Class', 'Students'' Questionnaire', '12:45:00', '13:00:00', 770),
(2724, 'Half Day ', 'Reception', 'Half Day Walking Tour Brighton', '14:30:00', '17:30:00', 787),
(2625, 'Sport ', 'Coldean Primary School', 'Sport', '14:30:00', '17:30:00', 782),
(2722, 'Sport ', 'Coldean School Field', 'Sport', '14:00:00', '17:00:00', 786),
(2725, 'Full Day Excursion', 'Coach meeting point', 'Full Day Excursion Cambridge', '08:30:00', '18:30:00', 788),
(2779, 'Relaxing and Shower/Free time', 'Rooms', 'Relaxing and Shower/Free time', '17:30:00', '18:30:00', 1243),
(4049, 'Disco', 'The Hub/Top floor', 'Disco', '20:30:00', '22:30:00', 1244),
(4050, '3 choices of movies', 'The Hub', 'Movie night', '20:30:00', '22:30:00', 1243),
(4047, 'Breakfast', 'The Hub', 'Breakfast', '07:30:00', '08:30:00', 1243),
(4048, 'Pick up Packed Lunch', 'The Hub', 'Packed Lunch Pick up', '07:30:00', '08:30:00', 1243),
(3261, 'Dinner', 'The Hub', 'Dinner', '18:30:00', '19:30:00', 1250),
(4052, 'Bingo', 'The Hub/Top floor', 'Bingo', '20:30:00', '22:30:00', 1245),
(2828, 'Relaxing and Shower/Free time', 'Rooms', 'Relaxing and Shower/Free time', '17:30:00', '18:30:00', 1249),
(2773, 'Group Departure', 'The Hub/ Coach meeting point', 'Group Departure', '15:00:00', '15:15:00', 1242),
(3221, 'Breakfast', 'The Hub', 'Breakfast', '08:00:00', '09:00:00', 1248),
(2771, 'Check out', 'Rooms', 'Check out', '10:00:00', '10:15:00', 1242),
(2683, 'Breakfast', 'The Hub/Refectory', 'Breakfast', '08:00:00', '09:00:00', 783),
(2684, 'Breakfast', 'The Hub/Refectory', 'Breakfast', '08:00:00', '09:00:00', 784),
(2685, 'Breakfast', 'The Hub/Refectory', 'Breakfast', '08:00:00', '09:00:00', 785),
(2686, 'Breakfast', 'The Hub/Refectory', 'Breakfast', '08:00:00', '09:00:00', 786),
(2687, 'Breakfast', 'The Hub/Refectory', 'Breakfast', '08:00:00', '09:00:00', 787),
(2688, 'Breakfast', 'The Hub/Refectory', 'Breakfast', '08:00:00', '09:00:00', 788),
(2689, 'Breakfast', 'The Hub/Refectory', 'Breakfast', '08:00:00', '09:00:00', 789),
(2690, 'Breakfast', 'The Hub/Refectory', 'Breakfast', '08:00:00', '09:00:00', 790),
(2691, 'Breakfast', 'The Hub/Refectory', 'Breakfast', '08:00:00', '09:00:00', 791),
(2694, 'Rounders', 'Grass Area', 'Rounders', '09:00:00', '12:45:00', 770),
(2695, 'Football ', 'Synthetic Pitch', 'Football ', '09:00:00', '12:45:00', 770),
(2698, 'Football ', 'Synthetic Pitch', 'Football ', '14:30:00', '17:30:00', 772),
(2699, 'Half Day ', 'Reception', 'Half Day Walking Tour Brighton', '14:30:00', '17:30:00', 773),
(2703, 'Sport ', 'Grass Area', 'Sport', '09:00:00', '12:45:00', 775),
(2704, 'Cinema', 'Cinema', 'Cinema', '14:30:00', '17:30:00', 775),
(2705, 'Karaoke', 'The Hub', 'Karaoke', '14:30:00', '17:30:00', 775),
(2707, 'Group Departure', 'The Hub/ Coach meeting point', 'Group Departure', '15:00:00', '15:15:00', 777),
(2708, 'Check out', 'Rooms', 'Check out', '10:00:00', '10:15:00', 777),
(2709, 'Check in', 'Reception', 'Check in', '14:00:00', '14:15:00', 777),
(2710, 'Graduation Ceremony', 'TBA', 'Graduation Ceremony', '19:00:00', '19:30:00', 773),
(2731, 'Group Departure', 'The Hub/ Coach meeting point', 'Group Departure', '15:00:00', '15:15:00', 791),
(2732, 'Shopping  in Town', 'In town', 'Shopping in Town', '09:00:00', '12:45:00', 782),
(2733, 'Shopping  in Town', 'In town', 'Shopping in Town', '09:00:00', '12:45:00', 789),
(2734, 'Shopping  in Town', 'In town', 'Shopping in Town', '09:00:00', '12:45:00', 775),
(2735, 'Shopping  in Town', 'In town', 'Shopping in Town', '09:00:00', '12:45:00', 768),
(2736, 'Graduation Ceremony', 'TBA', 'Graduation Ceremony', '19:00:00', '19:30:00', 790),
(2744, 'Carousel Conversation', 'The Hub', 'Carousel Conversation', '20:30:00', '22:30:00', 763),
(2742, 'General Sport ', 'Sport Hall', 'Sport', '14:00:00', '17:00:00', 789),
(2745, 'Team Challanges', 'The Hub', 'Team Challanges', '20:30:00', '22:30:00', 766),
(2746, 'Quiz Night', 'The Hub', 'Quiz Night', '20:30:00', '22:30:00', 767),
(2747, '3 choices of movies', 'The Hub', 'Movie night', '20:30:00', '22:30:00', 768),
(2748, 'Picture Hunt', 'The Hub', 'Picture Hunt', '20:30:00', '22:30:00', 769),
(2749, 'Murder Mystery', 'The Hub', 'Murder Mystery', '20:30:00', '22:30:00', 773),
(2750, 'Talent Show', 'The Hub', 'Talent Show', '20:30:00', '22:30:00', 774),
(2751, 'Disco', 'The Hub/Top floor', 'Disco', '20:30:00', '22:30:00', 776),
(2753, 'Welcome Party', 'The Hub/Canteen', 'Welcome Party', '20:30:00', '22:30:00', 777),
(2754, 'Staff Presentation ', 'The Hub/Canteen area ', 'Staff Presentation', '20:00:00', '20:30:00', 777),
(2755, 'Carousel Conversation', 'The Hub', 'Carousel Conversation', '20:30:00', '22:30:00', 777),
(2757, 'Newspaper Fashion Show', 'The Hub', 'Newspaper Fashion Show', '20:30:00', '22:30:00', 778),
(2759, 'Quiz Night', 'The Hub', 'Quiz Night', '20:30:00', '22:30:00', 781),
(2760, '3 choices of movies', 'The Hub', 'Movie night', '20:30:00', '22:30:00', 782),
(2761, 'Picture Hunt', 'The Hub', 'Picture Hunt', '20:30:00', '22:30:00', 783),
(2762, 'Murder Mystery', 'The Hub', 'Murder Mystery', '20:30:00', '22:30:00', 787),
(2763, 'Talent Show', 'The Hub', 'Talent Show', '20:30:00', '22:30:00', 788),
(2764, '3 choices of movies', 'The Hub', 'Movie night', '20:30:00', '22:30:00', 789),
(3005, 'Yellowwave and Beach Sport ', 'Brighton Beach', 'Yellowwave and Beach Sport ', '09:00:00', '11:00:00', 779),
(3004, 'Yellowwave and Beach Sport ', 'Brighton Beach', 'Yellowwave and Beach Sport ', '09:00:00', '11:00:00', 786),
(2916, 'Graduation Ceremony', 'TBA', 'Graduation Ceremony', '19:00:00', '19:30:00', 1260),
(2917, 'Karaoke', 'The Hub', 'Karaoke', '20:30:00', '22:30:00', 1260),
(3208, 'Breakfast', 'The Hub', 'Breakfast', '08:00:00', '09:00:00', 1261),
(3232, 'Lunch', 'The Hub', 'Lunch', '13:00:00', '14:00:00', 1261),
(3249, 'Dinner', 'The Hub', 'Dinner', '18:30:00', '19:30:00', 1261),
(2921, 'Lesson', 'Class', 'Lesson', '09:00:00', '12:45:00', 1261),
(2922, 'Rounders', 'Grass Area', 'Rounders', '14:30:00', '17:30:00', 1261),
(2923, 'General Sport ', 'Sport Hall', 'Sport', '14:30:00', '17:30:00', 1261),
(2924, 'Murder Mystery', 'The Hub/Top floor', 'Murder Mystery', '20:30:00', '22:30:00', 1261),
(2925, 'Relaxing and Shower/Free time', 'Rooms', 'Relaxing and Shower/Free time', '17:30:00', '18:30:00', 1261),
(2926, 'Football ', 'Synthetic Pitch', 'Football ', '14:30:00', '17:30:00', 1261),
(3248, 'Dinner', 'The Hub', 'Dinner', '18:30:00', '19:30:00', 1262),
(3231, 'Lunch', 'The Hub', 'Lunch', '13:00:00', '14:00:00', 1262),
(3209, 'Breakfast', 'The Hub', 'Breakfast', '08:00:00', '09:00:00', 1260),
(2930, 'Lesson', 'Class', 'Lesson', '09:00:00', '12:45:00', 1262),
(2931, 'Half Day ', 'Reception', 'Half Day Walking Tour Brighton', '14:30:00', '17:30:00', 1262),
(2932, 'Talent Show Practice', 'The Hub', 'Talent Show Practice', '20:30:00', '22:30:00', 1262),
(2933, 'Relaxing and Shower/Free time', 'Rooms', 'Relaxing and Shower/Free time', '17:30:00', '18:30:00', 1262),
(3247, 'Dinner', 'The Hub', 'Dinner', '18:30:00', '19:30:00', 1263),
(3230, 'Lunch', 'The Hub', 'Lunch', '13:00:00', '14:00:00', 1263),
(4014, 'Pick up Packed Lunch', 'The Hub', 'Packed Lunch Pick up', '08:00:00', '09:00:00', 1266),
(2937, 'Half Day ', 'Reception', 'Half Day Walking Tour Brighton', '14:30:00', '17:30:00', 1263),
(2938, 'General Sport ', 'Sport Hall', 'Sport', '09:00:00', '12:45:00', 1263),
(2939, 'Fancy Dress Disco', 'The Hub/Top floor', 'Disco', '20:30:00', '22:30:00', 1263),
(2940, 'Relaxing and Shower/Free time', 'Rooms', 'Relaxing and Shower/Free time', '17:30:00', '18:30:00', 1263),
(2941, 'Students'' Questionnaire', 'Class', 'Students'' Questionnaire', '12:45:00', '13:00:00', 1263),
(2942, 'Rounders', 'Grass Area', 'Rounders', '09:00:00', '12:45:00', 1263),
(2943, 'Football ', 'Synthetic Pitch', 'Football ', '09:00:00', '12:45:00', 1263),
(3246, 'Dinner', 'The Hub', 'Dinner', '18:30:00', '19:30:00', 1264),
(3229, 'Lunch', 'The Hub', 'Lunch', '13:00:00', '14:00:00', 1264),
(2946, 'Lesson', 'Class', 'Lesson', '09:00:00', '12:45:00', 1264),
(2947, 'Lesson', 'Class', 'Lesson', '14:30:00', '17:00:00', 1264),
(4023, 'Breakfast', 'The Hub', 'Breakfast', '07:30:00', '08:30:00', 1257),
(2949, 'Relaxing and Shower/Free time', 'Rooms', 'Relaxing and Shower/Free time', '17:30:00', '18:30:00', 1264),
(2950, 'Picture Hunt', 'The Hub', 'Picture Hunt', '20:30:00', '22:30:00', 1264),
(3245, 'Dinner', 'The Hub', 'Dinner', '18:30:00', '19:30:00', 1265),
(4056, 'Breakfast', 'Refectory', 'Breakfast', '08:10:00', '08:50:00', 1336),
(2998, 'Full Day Excursion', 'Coach meeting point', 'Full Day Excursion London', '08:30:00', '18:30:00', 1258),
(2955, 'Karaoke', 'The Hub', 'Karaoke', '14:30:00', '17:30:00', 1265),
(2956, 'Cinema', 'Cinema', 'Cinema', '14:30:00', '17:30:00', 1265),
(3284, 'Lunch', 'Refectory', 'Lunch', '12:30:00', '13:30:00', 1051),
(2958, 'Relaxing and Shower/Free time', 'Rooms', 'Relaxing and Shower/Free time', '17:30:00', '18:30:00', 1265),
(2960, '3 choices of movies', 'The Hub', 'Movie night', '20:30:00', '22:30:00', 1265),
(3286, 'Relaxing and Shower/Free time', 'Rooms', 'Relaxing and Shower/Free time', '17:30:00', '18:30:00', 1051),
(3244, 'Dinner', 'The Hub', 'Dinner', '18:30:00', '19:30:00', 1266),
(3203, 'Breakfast', 'The Hub', 'Breakfast', '08:00:00', '09:00:00', 1267),
(4018, 'Pick up Packed Lunch', 'The Hub', 'Packed Lunch Pick up', '07:30:00', '08:30:00', 1259),
(3276, 'Early Breakfast', 'The Hub', 'Breakfast early pick up', '07:30:00', '08:30:00', 1265),
(2966, 'Quiz Night', 'The Hub', 'Quiz Night', '20:30:00', '22:30:00', 1266),
(3228, 'Lunch', 'The Hub', 'Lunch', '13:00:00', '14:00:00', 1267),
(3243, 'Dinner', 'The Hub', 'Dinner', '18:30:00', '19:30:00', 1267),
(2969, 'Lesson', 'Class', 'Lesson', '09:00:00', '12:45:00', 1267),
(3271, 'Rounders', 'Grass Area', 'Rounders', '14:30:00', '17:30:00', 1267),
(2971, 'Half Day ', 'Reception', 'Half Day Walking Tour Brighton', '14:30:00', '17:30:00', 1267),
(2972, 'Excursion Presentation ', 'TBA', 'Excursion Presentation', '14:00:00', '14:30:00', 1267),
(2973, 'Relaxing and Shower/Free time', 'Rooms', 'Relaxing and Shower/Free time', '17:30:00', '18:30:00', 1267),
(2974, 'Team Challanges', 'The Hub', 'Team Challanges', '20:30:00', '22:30:00', 1267),
(2975, 'Breakfast', 'The Hub', 'Breakfast', '08:00:00', '09:00:00', 1268),
(2976, 'Lunch', 'The Hub', 'Lunch', '13:00:00', '14:00:00', 1268),
(2977, 'Dinner', 'The Hub', 'Dinner', '18:30:00', '19:30:00', 1268),
(2978, 'Lesson', 'Class', 'Lesson', '09:00:00', '12:45:00', 1268),
(2979, 'Lesson', 'Class', 'Lesson', '14:30:00', '17:30:00', 1268),
(2980, 'Disco', 'The Hub/Top floor', 'Disco', '20:30:00', '22:30:00', 1268),
(2981, 'Relaxing and Shower/Free time', 'Rooms', 'Relaxing and Shower/Free time', '17:30:00', '18:30:00', 1268),
(2982, 'Lunch', 'The Hub', 'Lunch', '13:00:00', '14:00:00', 1269),
(2983, 'Dinner', 'The Hub', 'Dinner', '18:30:00', '19:30:00', 1269),
(2984, 'Lesson', 'Class', 'Lesson', '09:00:00', '12:45:00', 1269),
(2985, 'Half Day ', 'Reception', 'Half Day Walking Tour Brighton', '14:30:00', '17:30:00', 1269),
(2986, 'Relaxing and Shower/Free time', 'Rooms', 'Relaxing and Shower/Free time', '17:30:00', '18:30:00', 1269),
(2987, 'Newspaper Fashion Show', 'The Hub', 'Newspaper Fashion Show', '20:30:00', '22:30:00', 1269),
(2988, 'Check in', 'Reception', 'Check in', '14:00:00', '14:15:00', 1270),
(2989, 'Campus Tour', 'Meeting at reception', 'Campus Tour', '17:00:00', '17:30:00', 1270),
(2990, 'Staff Presentation ', 'The Hub/Canteen area ', 'Welcome Meeting', '20:00:00', '20:30:00', 1270),
(4024, 'Pick up Packed Lunch', 'The Hub', 'Packed Lunch Pick up', '07:30:00', '08:30:00', 1257),
(4021, 'Breakfast', 'The Hub', 'Breakfast', '07:30:00', '08:30:00', 1258),
(2992, 'Relaxing and Shower/Free time', 'Rooms', 'Relaxing and Shower/Free time', '17:30:00', '18:30:00', 1270),
(2994, 'Carousel Conversation', 'The Hub', 'Carousel Conversation', '20:30:00', '22:30:00', 1270),
(3182, 'Coach Departure', 'Coach meeting point', 'Coach Departure ', '14:00:00', '14:15:00', 675),
(3164, 'Campus Tour', 'Reception', 'Campus Tour', '17:00:00', '17:45:00', 620),
(3165, 'Relaxing and Shower/Free time', 'Rooms', 'Relaxing and Shower/Free time', '17:30:00', '18:30:00', 620),
(3166, 'Staff Presentation', 'TBA', 'Staff Presentation', '20:00:00', '20:30:00', 620),
(3169, 'Students'' Questionnaire', 'Class', 'Students'' Questionnaire', '12:30:00', '20:40:00', 633),
(3168, 'Students'' Questionnaire', 'Class', 'Students'' Questionnaire', '12:30:00', '20:40:00', 626),
(3170, 'Students'' Questionnaire', 'Class', 'Students'' Questionnaire', '12:30:00', '20:40:00', 640),
(3171, 'Students'' Questionnaire', 'Class', 'Students'' Questionnaire', '12:30:00', '20:40:00', 647),
(3172, 'Students'' Questionnaire', 'Class', 'Students'' Questionnaire', '12:30:00', '20:40:00', 654),
(3173, 'Students'' Questionnaire', 'Class', 'Students'' Questionnaire', '12:30:00', '20:40:00', 661),
(3174, 'Students'' Questionnaire', 'Class', 'Students'' Questionnaire', '12:30:00', '20:40:00', 668),
(3175, 'Welcome Party', 'TBA', 'Welcome Party', '20:30:00', '22:30:00', 620),
(3185, 'Packed Lunch', 'Collection at PLUS Office', 'Packed Lunch', '08:30:00', '09:00:00', 624),
(3287, 'Lesson', 'Class', 'Lesson', '09:00:00', '12:30:00', 1051),
(3394, 'Students'' Questionnaire', 'Class', 'Students'' Questionnaire', '12:30:00', '12:45:00', 1064),
(3289, 'Staff Presentation', 'TBA', 'Staff Presentation', '20:00:00', '20:30:00', 1051),
(3290, 'Welcome Party', 'TBA', 'Welcome Party', '20:30:00', '22:30:00', 1051),
(3337, 'Lesson', 'Class', 'Lesson', '09:00:00', '12:30:00', 1052),
(3338, 'Lesson', 'Class', 'Lesson', '09:00:00', '12:30:00', 1053),
(3292, 'Check in', 'Reception', 'Check in', '14:00:00', '14:15:00', 1050),
(3298, 'Breakfast', 'Refectory', 'Breakfast', '08:00:00', '09:00:00', 1051),
(3398, 'Relaxing and Shower/Free time', 'Rooms', 'Relaxing and Shower/Free time', '17:30:00', '18:30:00', 1053),
(3297, 'Check out', 'Reception', 'Check out', '10:00:00', '10:15:00', 1085),
(3299, 'Campus Tour', 'Meeting at reception', 'Campus Tour', '17:00:00', '17:30:00', 1050),
(3300, 'Dinner', 'Refectory', 'Dinner', '18:30:00', '19:30:00', 1050),
(3301, 'Breakfast', 'Refectory', 'Breakfast', '08:00:00', '09:00:00', 1052),
(3302, 'Breakfast', 'Refectory', 'Breakfast', '08:00:00', '09:00:00', 1053),
(3303, 'Breakfast', 'Refectory', 'Breakfast', '08:00:00', '09:00:00', 1054),
(3304, 'Breakfast', 'Refectory', 'Breakfast', '08:00:00', '09:00:00', 1055),
(3305, 'Breakfast', 'Refectory', 'Breakfast', '08:00:00', '09:00:00', 1056),
(3306, 'Breakfast', 'Refectory', 'Breakfast', '08:00:00', '09:00:00', 1057),
(3307, 'Breakfast', 'Refectory', 'Breakfast', '08:00:00', '09:00:00', 1058),
(3308, 'Breakfast', 'Refectory', 'Breakfast', '08:00:00', '09:00:00', 1059),
(3309, 'Breakfast', 'Refectory', 'Breakfast', '08:00:00', '09:00:00', 1060),
(3310, 'Breakfast', 'Refectory', 'Breakfast', '08:00:00', '09:00:00', 1061),
(3311, 'Breakfast', 'Refectory', 'Breakfast', '08:00:00', '09:00:00', 1062),
(3312, 'Breakfast', 'Refectory', 'Breakfast', '08:00:00', '09:00:00', 1063),
(3313, 'Breakfast', 'Refectory', 'Breakfast', '08:00:00', '09:00:00', 1064),
(3314, 'Breakfast', 'Refectory', 'Breakfast', '08:00:00', '09:00:00', 1065),
(3315, 'Breakfast', 'Refectory', 'Breakfast', '08:00:00', '09:00:00', 1066),
(3316, 'Breakfast', 'Refectory', 'Breakfast', '08:00:00', '09:00:00', 1067),
(3317, 'Breakfast', 'Refectory', 'Breakfast', '08:00:00', '09:00:00', 1068),
(3318, 'Breakfast', 'Refectory', 'Breakfast', '08:00:00', '09:00:00', 1069),
(3319, 'Breakfast', 'Refectory', 'Breakfast', '08:00:00', '09:00:00', 1070),
(3320, 'Breakfast', 'Refectory', 'Breakfast', '08:00:00', '09:00:00', 1071),
(3321, 'Breakfast', 'Refectory', 'Breakfast', '08:00:00', '09:00:00', 1072),
(3322, 'Breakfast', 'Refectory', 'Breakfast', '08:00:00', '09:00:00', 1073),
(3323, 'Breakfast', 'Refectory', 'Breakfast', '08:00:00', '09:00:00', 1074),
(3324, 'Breakfast', 'Refectory', 'Breakfast', '08:00:00', '09:00:00', 1075),
(3325, 'Breakfast', 'Refectory', 'Breakfast', '08:00:00', '09:00:00', 1076),
(3326, 'Breakfast', 'Refectory', 'Breakfast', '08:00:00', '09:00:00', 1077),
(3327, 'Breakfast', 'Refectory', 'Breakfast', '08:00:00', '09:00:00', 1078),
(3328, 'Breakfast', 'Refectory', 'Breakfast', '08:00:00', '09:00:00', 1079),
(3714, 'Entrance to Castle booked', 'Edinburgh Castle', 'Entry ticket booked for groups ', '11:00:00', '11:00:00', 1162),
(3784, 'Relax and Shower time', 'Rooms', 'Relax and Shower time', '17:30:00', '18:30:00', 938),
(3334, 'Breakfast', 'Refectory', 'Breakfast', '08:00:00', '09:00:00', 1085),
(3335, 'Full Day Excursion', 'Coach meeting point', 'Full Day Excursion Wales + Caernafron Castle', '08:30:00', '18:30:00', 1055),
(3336, 'Full Day Excursion', 'Coach meeting point', 'Full Day Excursion Liverpool ', '08:30:00', '18:30:00', 1054),
(3339, 'Lesson', 'Class', 'Lesson', '09:00:00', '12:30:00', 1056),
(3340, 'Lesson', 'Class', 'Lesson', '09:00:00', '12:30:00', 1057),
(3516, 'Walking Tour', 'Reception', 'Walking Tour of Chester', '09:00:00', '12:30:00', 1058),
(3342, 'Lesson', 'Class', 'Lesson', '09:00:00', '12:30:00', 1059),
(3517, 'Walking Tour', 'Reception', 'Walking Tour of Chester', '09:00:00', '12:30:00', 1060),
(3344, 'Lesson', 'Class', 'Lesson', '09:00:00', '12:30:00', 1063),
(3345, 'Lesson', 'Class', 'Lesson', '09:00:00', '12:30:00', 1064),
(3346, 'Lesson', 'Class', 'Lesson', '09:00:00', '12:30:00', 1065),
(3347, 'Lesson', 'Class', 'Lesson', '09:00:00', '12:30:00', 1066),
(3348, 'Lesson', 'Class', 'Lesson', '09:00:00', '12:30:00', 1067),
(3349, 'Lesson', 'Class', 'Lesson', '09:00:00', '12:30:00', 1070),
(3350, 'Lesson', 'Class', 'Lesson', '09:00:00', '12:30:00', 1071),
(3351, 'Lesson', 'Class', 'Lesson', '09:00:00', '12:30:00', 1072),
(3352, 'Lesson', 'Class', 'Lesson', '09:00:00', '12:30:00', 1073),
(3353, 'Lesson', 'Class', 'Lesson', '09:00:00', '12:30:00', 1074),
(3354, 'Lesson', 'Class', 'Lesson', '09:00:00', '12:30:00', 1077),
(3355, 'Lesson', 'Class', 'Lesson', '09:00:00', '12:30:00', 1078),
(3356, 'Lesson', 'Class', 'Lesson', '09:00:00', '12:30:00', 1079),
(3715, 'Full Day Excursion', 'Coach meeting point', 'Full Day Excursion Glasgow ', '08:30:00', '18:30:00', 1163),
(3708, 'Lesson', 'Class', 'Lesson', '14:00:00', '18:00:00', 1309),
(3360, 'Lunch', 'Refectory', 'Lunch', '12:30:00', '13:30:00', 1052),
(3361, 'Lunch', 'Refectory', 'Lunch', '12:30:00', '13:30:00', 1053),
(3362, 'Lunch', 'Refectory', 'Lunch', '12:30:00', '13:30:00', 1054),
(3363, 'Lunch', 'Refectory', 'Lunch', '12:30:00', '13:30:00', 1055),
(3364, 'Lunch', 'Refectory', 'Lunch', '12:30:00', '13:30:00', 1056),
(3365, 'Lunch', 'Refectory', 'Lunch', '12:30:00', '13:30:00', 1057),
(3366, 'Lunch', 'Refectory', 'Lunch', '12:30:00', '13:30:00', 1058),
(3367, 'Lunch', 'Refectory', 'Lunch', '12:30:00', '13:30:00', 1059),
(3368, 'Lunch', 'Refectory', 'Lunch', '12:30:00', '13:30:00', 1060),
(3369, 'Lunch', 'Refectory', 'Lunch', '12:30:00', '13:30:00', 1061),
(3370, 'Lunch', 'Refectory', 'Lunch', '12:30:00', '13:30:00', 1062),
(3371, 'Lunch', 'Refectory', 'Lunch', '12:30:00', '13:30:00', 1063),
(3372, 'Lunch', 'Refectory', 'Lunch', '12:30:00', '13:30:00', 1064),
(3373, 'Lunch', 'Refectory', 'Lunch', '12:30:00', '13:30:00', 1065),
(3374, 'Lunch', 'Refectory', 'Lunch', '12:30:00', '13:30:00', 1066),
(3375, 'Lunch', 'Refectory', 'Lunch', '12:30:00', '13:30:00', 1067),
(3376, 'Lunch', 'Refectory', 'Lunch', '12:30:00', '13:30:00', 1068),
(3377, 'Lunch', 'Refectory', 'Lunch', '12:30:00', '13:30:00', 1069),
(3378, 'Lunch', 'Refectory', 'Lunch', '12:30:00', '13:30:00', 1070),
(3379, 'Lunch', 'Refectory', 'Lunch', '12:30:00', '13:30:00', 1071),
(3380, 'Lunch', 'Refectory', 'Lunch', '12:30:00', '13:30:00', 1072),
(3381, 'Lunch', 'Refectory', 'Lunch', '12:30:00', '13:30:00', 1073),
(3382, 'Lunch', 'Refectory', 'Lunch', '12:30:00', '13:30:00', 1074),
(3383, 'Lunch', 'Refectory', 'Lunch', '12:30:00', '13:30:00', 1075),
(3384, 'Lunch', 'Refectory', 'Lunch', '12:30:00', '13:30:00', 1076),
(3385, 'Lunch', 'Refectory', 'Lunch', '12:30:00', '13:30:00', 1077),
(3386, 'Lunch', 'Refectory', 'Lunch', '12:30:00', '13:30:00', 1078),
(3387, 'Lunch', 'Refectory', 'Lunch', '12:30:00', '13:30:00', 1079),
(3697, 'Lesson', 'Class', 'Lesson', '14:00:00', '18:00:00', 1317),
(3702, 'Walking Tour', 'Reception', 'Walking Tour of Chester', '14:00:00', '18:00:00', 1312),
(3393, 'Students'' Questionnaire', 'Class', 'Students'' Questionnaire', '12:30:00', '12:45:00', 1057),
(3395, 'Students'' Questionnaire', 'Class', 'Students'' Questionnaire', '12:30:00', '12:45:00', 1071),
(3396, 'Students'' Questionnaire', 'Class', 'Students'' Questionnaire', '12:30:00', '12:45:00', 1078),
(3397, 'Sport ', 'Sport Hall', 'Sport Activity', '14:30:00', '17:30:00', 1051),
(3399, 'Relaxing and Shower/Free time', 'Rooms', 'Relaxing and Shower/Free time', '17:30:00', '18:30:00', 1052),
(3400, 'Relaxing and Shower/Free time', 'Rooms', 'Relaxing and Shower/Free time', '17:30:00', '18:30:00', 1054),
(3401, 'Relaxing and Shower/Free time', 'Rooms', 'Relaxing and Shower/Free time', '17:30:00', '18:30:00', 1055),
(3402, 'Relaxing and Shower/Free time', 'Rooms', 'Relaxing and Shower/Free time', '17:30:00', '18:30:00', 1056),
(3403, 'Relaxing and Shower/Free time', 'Rooms', 'Relaxing and Shower/Free time', '17:30:00', '18:30:00', 1057),
(3404, 'Relaxing and Shower/Free time', 'Rooms', 'Relaxing and Shower/Free time', '17:30:00', '18:30:00', 1058),
(3405, 'Relaxing and Shower/Free time', 'Rooms', 'Relaxing and Shower/Free time', '17:30:00', '18:30:00', 1059),
(3406, 'Relaxing and Shower/Free time', 'Rooms', 'Relaxing and Shower/Free time', '17:30:00', '18:30:00', 1060),
(3407, 'Relaxing and Shower/Free time', 'Rooms', 'Relaxing and Shower/Free time', '17:30:00', '18:30:00', 1061),
(3408, 'Relaxing and Shower/Free time', 'Rooms', 'Relaxing and Shower/Free time', '17:30:00', '18:30:00', 1062),
(3409, 'Relaxing and Shower/Free time', 'Rooms', 'Relaxing and Shower/Free time', '17:30:00', '18:30:00', 1063),
(3410, 'Relaxing and Shower/Free time', 'Rooms', 'Relaxing and Shower/Free time', '17:30:00', '18:30:00', 1064),
(3411, 'Relaxing and Shower/Free time', 'Rooms', 'Relaxing and Shower/Free time', '17:30:00', '18:30:00', 1065),
(3412, 'Relaxing and Shower/Free time', 'Rooms', 'Relaxing and Shower/Free time', '17:30:00', '18:30:00', 1066),
(3413, 'Relaxing and Shower/Free time', 'Rooms', 'Relaxing and Shower/Free time', '17:30:00', '18:30:00', 1067),
(3414, 'Relaxing and Shower/Free time', 'Rooms', 'Relaxing and Shower/Free time', '17:30:00', '18:30:00', 1068),
(3415, 'Relaxing and Shower/Free time', 'Rooms', 'Relaxing and Shower/Free time', '17:30:00', '18:30:00', 1069),
(3416, 'Relaxing and Shower/Free time', 'Rooms', 'Relaxing and Shower/Free time', '17:30:00', '18:30:00', 1070),
(3417, 'Relaxing and Shower/Free time', 'Rooms', 'Relaxing and Shower/Free time', '17:30:00', '18:30:00', 1071),
(3418, 'Relaxing and Shower/Free time', 'Rooms', 'Relaxing and Shower/Free time', '17:30:00', '18:30:00', 1072),
(3419, 'Relaxing and Shower/Free time', 'Rooms', 'Relaxing and Shower/Free time', '17:30:00', '18:30:00', 1073),
(3420, 'Relaxing and Shower/Free time', 'Rooms', 'Relaxing and Shower/Free time', '17:30:00', '18:30:00', 1074),
(3421, 'Relaxing and Shower/Free time', 'Rooms', 'Relaxing and Shower/Free time', '17:30:00', '18:30:00', 1075),
(3422, 'Relaxing and Shower/Free time', 'Rooms', 'Relaxing and Shower/Free time', '17:30:00', '18:30:00', 1076),
(3423, 'Relaxing and Shower/Free time', 'Rooms', 'Relaxing and Shower/Free time', '17:30:00', '18:30:00', 1077),
(3424, 'Relaxing and Shower/Free time', 'Rooms', 'Relaxing and Shower/Free time', '17:30:00', '18:30:00', 1078),
(3425, 'Relaxing and Shower/Free time', 'Rooms', 'Relaxing and Shower/Free time', '17:30:00', '18:30:00', 1079),
(3782, 'Relax and Shower time', 'Rooms', 'Relax and Shower time', '17:30:00', '18:30:00', 936),
(3704, 'Lesson', 'Class', 'Lesson', '14:00:00', '18:00:00', 1311),
(3706, 'Walking Tour', 'Reception', 'Walking Tour of Chester', '14:00:00', '18:00:00', 1310),
(3787, 'Relax and Shower time', 'Rooms', 'Relax and Shower time', '17:30:00', '18:30:00', 941),
(3780, 'Relax and Shower time', 'Rooms', 'Relax and Shower time', '17:30:00', '18:30:00', 934),
(3779, 'Relax and Shower time', 'Rooms', 'Relax and Shower time', '17:30:00', '18:30:00', 933),
(3431, 'Dinner', 'Refectory', 'Dinner', '18:30:00', '19:30:00', 1052),
(3432, 'Dinner', 'Refectory', 'Dinner', '18:30:00', '19:30:00', 1053),
(3433, 'Dinner', 'Refectory', 'Dinner', '18:30:00', '19:30:00', 1054),
(3434, 'Dinner', 'Refectory', 'Dinner', '18:30:00', '19:30:00', 1055),
(3435, 'Dinner', 'Refectory', 'Dinner', '18:30:00', '19:30:00', 1056),
(3436, 'Dinner', 'Refectory', 'Dinner', '18:30:00', '19:30:00', 1057),
(3437, 'Dinner', 'Refectory', 'Dinner', '18:30:00', '19:30:00', 1058),
(3438, 'Dinner', 'Refectory', 'Dinner', '18:30:00', '19:30:00', 1059),
(3439, 'Dinner', 'Refectory', 'Dinner', '18:30:00', '19:30:00', 1060),
(3440, 'Dinner', 'Refectory', 'Dinner', '18:30:00', '19:30:00', 1061),
(3441, 'Dinner', 'Refectory', 'Dinner', '18:30:00', '19:30:00', 1062),
(3442, 'Dinner', 'Refectory', 'Dinner', '18:30:00', '19:30:00', 1063),
(3443, 'Dinner', 'Refectory', 'Dinner', '18:30:00', '19:30:00', 1064),
(3444, 'Dinner', 'Refectory', 'Dinner', '18:30:00', '19:30:00', 1065),
(3445, 'Dinner', 'Refectory', 'Dinner', '18:30:00', '19:30:00', 1066),
(3446, 'Dinner', 'Refectory', 'Dinner', '18:30:00', '19:30:00', 1067),
(3447, 'Dinner', 'Refectory', 'Dinner', '18:30:00', '19:30:00', 1068),
(3448, 'Dinner', 'Refectory', 'Dinner', '18:30:00', '19:30:00', 1069),
(3449, 'Dinner', 'Refectory', 'Dinner', '18:30:00', '19:30:00', 1070),
(3450, 'Dinner', 'Refectory', 'Dinner', '18:30:00', '19:30:00', 1071),
(3451, 'Dinner', 'Refectory', 'Dinner', '18:30:00', '19:30:00', 1072),
(3452, 'Dinner', 'Refectory', 'Dinner', '18:30:00', '19:30:00', 1073),
(3453, 'Dinner', 'Refectory', 'Dinner', '18:30:00', '19:30:00', 1074),
(3454, 'Dinner', 'Refectory', 'Dinner', '18:30:00', '19:30:00', 1075),
(3455, 'Dinner', 'Refectory', 'Dinner', '18:30:00', '19:30:00', 1076),
(3456, 'Dinner', 'Refectory', 'Dinner', '18:30:00', '19:30:00', 1077),
(3457, 'Dinner', 'Refectory', 'Dinner', '18:30:00', '19:30:00', 1078),
(3458, 'Dinner', 'Refectory', 'Dinner', '18:30:00', '19:30:00', 1079),
(3785, 'Relax and Shower time', 'Rooms', 'Relax and Shower time', '17:30:00', '18:30:00', 939),
(3786, 'Relax and Shower time', 'Rooms', 'Relax and Shower time', '17:30:00', '18:30:00', 940),
(3464, 'Excursion Presentation ', 'TBA', 'Excursion Presentation', '14:00:00', '14:30:00', 1053),
(3465, 'Excursion Presentation ', 'TBA', 'Excursion Presentation', '14:00:00', '14:30:00', 1060),
(3466, 'Excursion Presentation ', 'TBA', 'Excursion Presentation', '14:00:00', '14:30:00', 1067),
(3712, 'ACTIVITY ?????SPORT?????', 'TBA', 'tBA', '14:00:00', '18:00:00', 1305),
(3468, 'Excursion Presentation ', 'TBA', 'Excursion Presentation', '14:00:00', '14:30:00', 1074),
(3493, 'Lunch', 'Refectory', 'Lunch', '12:30:00', '13:30:00', 1191),
(3470, 'Meal Voucher', 'Collection from PLUS office', 'Meal Voucher', '08:00:00', '09:00:00', 1192),
(3480, 'Full Day Excursion', 'Coach meeting point', 'Full Day Excursion York+ entrance to York Minster', '08:30:00', '18:30:00', 1061),
(3481, 'York Minster', 'York', 'Entrance - visit time York Minster', '12:45:00', '12:45:00', 1061),
(3482, 'Full Day Excursion', 'Coach meeting point', 'Full Day Excursion Machester', '08:30:00', '18:30:00', 1062),
(3483, 'Full Day Excursion', 'Coach meeting point', 'Full Day Excursion Liverpool ', '08:30:00', '18:30:00', 1068),
(3484, 'Full Day Excursion', 'Coach meeting point', 'Full Day Excursion Wales + Caernafron Castle', '08:30:00', '18:30:00', 1069),
(3485, 'Castle Entrance ', 'Wales', 'Castle entrance - visit time', '12:45:00', '12:45:00', 1069),
(3486, 'Full Day Excursion', 'Coach meeting point', 'Full Day Excursion York+ entrance to York Minster', '08:30:00', '18:30:00', 1075),
(3487, 'York Minster', 'York', 'Entrance - visit time York Minster', '12:45:00', '12:45:00', 1075),
(3488, 'Full Day Excursion', 'Coach meeting point', 'Full Day Excursion Machester', '08:30:00', '18:30:00', 1076),
(3783, 'Relax and Shower time', 'Rooms', 'Relax and Shower time', '17:30:00', '18:30:00', 937),
(3494, 'Lesson', 'Classroom', 'Lesson', '09:00:00', '12:30:00', 1191),
(3496, 'Lesson', 'Classroom', 'Lesson', '09:00:00', '12:30:00', 1205),
(3781, 'Relax and Shower time', 'Rooms', 'Relax and Shower time', '17:30:00', '18:30:00', 935),
(3497, 'Meal Voucher', 'Collection from PLUS office', 'Meal Voucher', '08:00:00', '09:00:00', 1206),
(3504, 'Lunch', 'Refectory', 'Lunch', '12:30:00', '13:30:00', 1226),
(3505, 'Full Day Excursion', 'Coach meeting point', 'Full Day Excursion London', '08:15:00', '18:30:00', 1192),
(3506, 'Half Day Excursion', 'Coach meeting point', 'Half Day Excursion to Windsor + Entrance to Castle', '14:00:00', '18:30:00', 1196),
(3507, 'Full Day Excursion', 'Coach meeting point', 'Full Day Excursion Oxford', '08:15:00', '18:30:00', 1199),
(3508, 'Full Day Excursion', 'Coach meeting point', 'Full Day Excursion London', '08:15:00', '18:30:00', 1206),
(3509, 'Half Day Excursion', 'Coach meeting point', 'Half Day Excursion to Windsor + Entrance to Castle', '14:00:00', '18:30:00', 1210),
(3510, 'Full Day Excursion', 'Coach meeting point', 'Full Day Excursion Oxford', '08:15:00', '18:30:00', 1213),
(3511, 'Full Day Excursion', 'Coach meeting point', 'Full Day Excursion London', '08:15:00', '18:30:00', 1220),
(3512, 'Half Day Excursion', 'Coach meeting point', 'Half Day Excursion to Windsor + Entrance to Castle', '14:00:00', '18:30:00', 1224),
(3513, 'Full Day Excursion', 'Coach meeting point', 'Full Day Excursion Oxford', '08:15:00', '18:30:00', 1227),
(3514, 'Walking Tour', 'Reception', 'Walking Tour of Chester', '14:30:00', '17:30:00', 1051),
(3515, 'Walking Tour', 'Reception', 'Walking Tour of Chester', '14:30:00', '17:30:00', 1053),
(3518, 'Walking Tour', 'Reception', 'Walking Tour of Chester', '14:30:00', '17:30:00', 1065),
(3519, 'Walking Tour', 'Reception', 'Walking Tour of Chester', '14:30:00', '17:30:00', 1067),
(3520, 'Walking Tour', 'Reception', 'Walking Tour of Chester', '14:30:00', '17:30:00', 1070),
(3521, 'Walking Tour', 'Reception', 'Walking Tour of Chester', '14:30:00', '17:30:00', 1072),
(3522, 'Walking Tour', 'Reception', 'Walking Tour of Chester', '14:30:00', '17:30:00', 1074),
(3710, 'Walking Tour', 'Reception', 'Walking Tour of Chester', '14:00:00', '18:00:00', 1308),
(3717, 'Full Day Excursion', 'Coach meeting point', 'Full Day Excursion Edinburgh ', '08:30:00', '18:30:00', 1169),
(3711, 'ACTIVITY ?????SPORT?????', 'TBA', 'tBA', '09:00:00', '12:30:00', 1305),
(3716, 'Half Day Excursion ', 'Coach meeting point', 'Half Day Excursion to Stirling + bus pass', '14:00:00', '18:30:00', 1165),
(3552, 'Breakfast', 'Refectory', 'Breakfast', '08:00:00', '09:00:00', 1305),
(3554, 'Lunch', 'Refectory', 'Lunch', '12:30:00', '13:30:00', 1305),
(3555, 'Relaxing and Shower/Free time', 'Rooms', 'Relaxing and Shower/Free time', '17:30:00', '18:30:00', 1305),
(3556, 'Dinner', 'Refectory', 'Dinner', '18:30:00', '19:30:00', 1305),
(3557, 'Breakfast', 'Refectory', 'Breakfast', '08:00:00', '09:00:00', 1306),
(3558, 'Lunch', 'Refectory', 'Lunch', '12:30:00', '13:30:00', 1306),
(3559, 'Relaxing and Shower/Free time', 'Rooms', 'Relaxing and Shower/Free time', '17:30:00', '18:30:00', 1306),
(3560, 'Dinner', 'Refectory', 'Dinner', '18:30:00', '19:30:00', 1306),
(3561, 'Full Day Excursion', 'Coach meeting point', 'Full Day Excursion Machester', '08:30:00', '18:30:00', 1306),
(3562, 'Breakfast', 'Refectory', 'Breakfast', '08:00:00', '09:00:00', 1307),
(3563, 'Lunch', 'Refectory', 'Lunch', '12:30:00', '13:30:00', 1307),
(3564, 'Relaxing and Shower/Free time', 'Rooms', 'Relaxing and Shower/Free time', '17:30:00', '18:30:00', 1307),
(3565, 'Dinner', 'Refectory', 'Dinner', '18:30:00', '19:30:00', 1307),
(3566, 'Full Day Excursion', 'Coach meeting point', 'Full Day Excursion York+ entrance to York Minster', '08:30:00', '18:30:00', 1307),
(3567, 'York Minster', 'York', 'Entrance - visit time York Minster', '12:45:00', '12:45:00', 1307),
(3568, 'Breakfast', 'Refectory', 'Breakfast', '08:00:00', '09:00:00', 1308),
(3709, 'Lesson', 'Class', 'Lesson', '09:00:00', '12:30:00', 1308),
(3570, 'Lunch', 'Refectory', 'Lunch', '12:30:00', '13:30:00', 1308),
(3571, 'Relaxing and Shower/Free time', 'Rooms', 'Relaxing and Shower/Free time', '17:30:00', '18:30:00', 1308),
(3572, 'Dinner', 'Refectory', 'Dinner', '18:30:00', '19:30:00', 1308),
(3573, 'Excursion Presentation ', 'TBA', 'Excursion Presentation', '14:00:00', '14:30:00', 1308),
(3574, 'Breakfast', 'Refectory', 'Breakfast', '08:00:00', '09:00:00', 1309),
(3707, 'Sport ', 'Sport Hall', 'Sport', '09:00:00', '12:30:00', 1309),
(3576, 'Lunch', 'Refectory', 'Lunch', '12:30:00', '13:30:00', 1309),
(3577, 'Relaxing and Shower/Free time', 'Rooms', 'Relaxing and Shower/Free time', '17:30:00', '18:30:00', 1309),
(3578, 'Dinner', 'Refectory', 'Dinner', '18:30:00', '19:30:00', 1309),
(3579, 'Breakfast', 'Refectory', 'Breakfast', '08:00:00', '09:00:00', 1310),
(3705, 'Lesson', 'Class', 'Lesson', '09:00:00', '12:30:00', 1310),
(3581, 'Lunch', 'Refectory', 'Lunch', '12:30:00', '13:30:00', 1310),
(3582, 'Relaxing and Shower/Free time', 'Rooms', 'Relaxing and Shower/Free time', '17:30:00', '18:30:00', 1310),
(3583, 'Dinner', 'Refectory', 'Dinner', '18:30:00', '19:30:00', 1310),
(3584, 'Breakfast', 'Refectory', 'Breakfast', '08:00:00', '09:00:00', 1311),
(3703, 'Sport ', 'Sport Hall', 'Sport', '09:00:00', '12:30:00', 1311),
(3586, 'Lunch', 'Refectory', 'Lunch', '12:30:00', '13:30:00', 1311),
(3587, 'Students'' Questionnaire', 'Class', 'Students'' Questionnaire', '12:30:00', '12:45:00', 1311),
(3588, 'Relaxing and Shower/Free time', 'Rooms', 'Relaxing and Shower/Free time', '17:30:00', '18:30:00', 1311),
(3589, 'Dinner', 'Refectory', 'Dinner', '18:30:00', '19:30:00', 1311),
(3590, 'Breakfast', 'Refectory', 'Breakfast', '08:00:00', '09:00:00', 1312),
(3591, 'Lesson', 'Class', 'Lesson', '09:00:00', '12:30:00', 1312),
(3592, 'Lunch', 'Refectory', 'Lunch', '12:30:00', '13:30:00', 1312),
(3593, 'Relaxing and Shower/Free time', 'Rooms', 'Relaxing and Shower/Free time', '17:30:00', '18:30:00', 1312),
(3594, 'Dinner', 'Refectory', 'Dinner', '18:30:00', '19:30:00', 1312),
(3595, 'Castle Entrance ', 'Wales', 'Castle entrance - visit time', '12:45:00', '12:45:00', 1313),
(3596, 'Breakfast', 'Refectory', 'Breakfast', '08:00:00', '09:00:00', 1313),
(3597, 'Full Day Excursion', 'Coach meeting point', 'Full Day Excursion Wales + Caernafron Castle', '08:30:00', '18:30:00', 1313),
(3598, 'Lunch', 'Refectory', 'Lunch', '12:30:00', '13:30:00', 1313),
(3599, 'Relaxing and Shower/Free time', 'Rooms', 'Relaxing and Shower/Free time', '17:30:00', '18:30:00', 1313),
(3600, 'Dinner', 'Refectory', 'Dinner', '18:30:00', '19:30:00', 1313),
(3601, 'Breakfast', 'Refectory', 'Breakfast', '08:00:00', '09:00:00', 1314),
(3602, 'Full Day Excursion', 'Coach meeting point', 'Full Day Excursion Liverpool ', '08:30:00', '18:30:00', 1314),
(3603, 'Lunch', 'Refectory', 'Lunch', '12:30:00', '13:30:00', 1314),
(3604, 'Relaxing and Shower/Free time', 'Rooms', 'Relaxing and Shower/Free time', '17:30:00', '18:30:00', 1314),
(3605, 'Dinner', 'Refectory', 'Dinner', '18:30:00', '19:30:00', 1314),
(3700, 'Walking Tour', 'Reception', 'Walking Tour of Chester', '09:00:00', '12:30:00', 1315),
(3607, 'Relaxing and Shower/Free time', 'Rooms', 'Relaxing and Shower/Free time', '17:30:00', '18:30:00', 1315),
(3608, 'Breakfast', 'Refectory', 'Breakfast', '08:00:00', '09:00:00', 1315),
(3609, 'Lunch', 'Refectory', 'Lunch', '12:30:00', '13:30:00', 1315),
(3610, 'Dinner', 'Refectory', 'Dinner', '18:30:00', '19:30:00', 1315),
(3611, 'Excursion Presentation ', 'TBA', 'Excursion Presentation', '14:00:00', '14:30:00', 1315),
(3613, 'Lesson', 'Class', 'Lesson', '09:00:00', '12:30:00', 1316),
(3614, 'Breakfast', 'Refectory', 'Breakfast', '08:00:00', '09:00:00', 1316),
(3615, 'Lunch', 'Refectory', 'Lunch', '12:30:00', '13:30:00', 1316),
(3616, 'Relaxing and Shower/Free time', 'Rooms', 'Relaxing and Shower/Free time', '17:30:00', '18:30:00', 1316),
(3617, 'Dinner', 'Refectory', 'Dinner', '18:30:00', '19:30:00', 1316),
(3618, 'Dinner', 'Refectory', 'Dinner', '18:30:00', '19:30:00', 1317),
(3619, 'Lunch', 'Refectory', 'Lunch', '12:30:00', '13:30:00', 1317),
(3620, 'Relaxing and Shower/Free time', 'Rooms', 'Relaxing and Shower/Free time', '17:30:00', '18:30:00', 1317),
(3699, 'Sport ', 'Sport Hall', 'Sport', '14:00:00', '18:00:00', 1316),
(3622, 'Staff Presentation', 'TBA', 'Staff Presentation', '20:00:00', '20:30:00', 1317),
(3623, 'Welcome Party', 'TBA', 'Welcome Party', '20:30:00', '22:30:00', 1317),
(3624, 'Breakfast', 'Refectory', 'Breakfast', '08:00:00', '09:00:00', 1317),
(3696, 'Walking Tour', 'Reception', 'Walking Tour of Chester', '09:00:00', '12:30:00', 1317),
(3701, 'Lesson', 'Class', 'Lesson', '14:00:00', '18:00:00', 1315),
(3627, 'Breakfast', 'Refectory', 'Breakfast', '08:00:00', '09:00:00', 1318),
(3628, 'Check in', 'Reception', 'Check in', '14:00:00', '14:15:00', 1318),
(3629, 'Campus Tour', 'Meeting at reception', 'Campus Tour', '17:00:00', '17:30:00', 1318),
(3630, 'Dinner', 'Refectory', 'Dinner', '18:30:00', '19:30:00', 1318),
(3778, 'Relax and Shower time', 'Rooms', 'Relax and Shower time', '17:30:00', '18:30:00', 932),
(3774, 'Relax and Shower time', 'Rooms', 'Relax and Shower time', '17:30:00', '18:30:00', 928),
(3775, 'Relax and Shower time', 'Rooms', 'Relax and Shower time', '17:30:00', '18:30:00', 929),
(3776, 'Relax and Shower time', 'Rooms', 'Relax and Shower time', '17:30:00', '18:30:00', 930),
(3777, 'Relax and Shower time', 'Rooms', 'Relax and Shower time', '17:30:00', '18:30:00', 931),
(3773, 'Relax and Shower time', 'Rooms', 'Relax and Shower time', '17:30:00', '18:30:00', 927),
(3771, 'Relax and Shower time', 'Rooms', 'Relax and Shower time', '17:30:00', '18:30:00', 925);
INSERT INTO `frontweb_fixed_day_activity_details` (`fixed_day_activity_details_id`, `program_name`, `location`, `activity`, `from_time`, `to_time`, `fixed_day_activity_id`) VALUES
(3772, 'Relax and Shower time', 'Rooms', 'Relax and Shower time', '17:30:00', '18:30:00', 926),
(3768, 'Relax and Shower time', 'Rooms', 'Relax and Shower time', '17:30:00', '18:30:00', 922),
(3769, 'Relax and Shower time', 'Rooms', 'Relax and Shower time', '17:30:00', '18:30:00', 923),
(3770, 'Relax and Shower time', 'Rooms', 'Relax and Shower time', '17:30:00', '18:30:00', 924),
(3763, 'Packed Lunch', 'Collection from Refectory', 'Packed Lunch', '08:00:00', '09:00:00', 925),
(3765, 'Graduation Ceremony', 'TBA', 'Graduation Ceremony', '19:00:00', '19:45:00', 921),
(3766, 'Sport Activities', 'TBA', 'Sport Activities', '14:30:00', '17:30:00', 921),
(3767, 'Relax and Shower time', 'Rooms', 'Relax and Shower time', '17:30:00', '18:30:00', 921),
(3748, 'Breakfast', 'Refectory', 'Breakfast', '08:00:00', '09:00:00', 928),
(3749, 'Lesson', 'Classroom', 'Lesson', '09:00:00', '12:30:00', 922),
(3751, 'Dinner', 'Refectory', 'Dinner', '18:30:00', '19:30:00', 923),
(3752, 'Dinner', 'Refectory', 'Dinner', '18:30:00', '19:30:00', 924),
(3753, 'Dinner', 'Refectory', 'Dinner', '18:30:00', '19:30:00', 925),
(3754, 'Dinner', 'Refectory', 'Dinner', '18:30:00', '19:30:00', 926),
(3755, 'Dinner', 'Refectory', 'Dinner', '18:30:00', '19:30:00', 927),
(3756, 'Dinner', 'Refectory', 'Dinner', '18:30:00', '19:30:00', 928),
(3757, 'Lunch', 'Refectory', 'Lunch', '12:30:00', '13:30:00', 922),
(3758, 'Lunch', 'Refectory', 'Lunch', '12:30:00', '13:30:00', 923),
(3759, 'Lunch', 'Refectory', 'Lunch', '12:30:00', '13:30:00', 924),
(3764, 'Excursion presentation ', 'TBA', 'Excursion presentation', '14:00:00', '14:45:00', 924),
(3761, 'Students'' Questionnaire', 'Classroom', 'Students'' questionnaires ', '12:30:00', '12:45:00', 928),
(3728, 'Departure', 'Coach meeting point', 'Departure', '17:00:00', '17:00:00', 1335),
(3729, 'Graduation Ceremony', 'TBA', 'Graduation Ceremony', '12:30:00', '12:45:00', 1050),
(3730, 'Graduation Ceremony', 'TBA', 'Graduation Ceremony', '17:00:00', '17:00:00', 1318),
(3983, 'Check out', 'Rooms', 'Check out', '10:10:00', '10:10:00', 1285),
(3732, 'Graduation Ceremony', 'TBA', 'Graduation Ceremony', '13:00:00', '13:00:00', 733),
(3733, 'Graduation Ceremony', 'TBA', 'Graduation Ceremony', '12:00:00', '12:00:00', 564),
(3734, 'Graduation Ceremony', 'TBA', 'Graduation Ceremony', '13:00:00', '13:30:00', 620),
(3735, 'Graduation Ceremony', 'TBA', 'Graduation Ceremony', '13:00:00', '13:00:00', 1187),
(4063, 'Sport ', 'TBA', 'Sport EVENT Foot bal', '14:30:00', '17:30:00', 1160),
(3750, 'Dinner', 'Refectory', 'Dinner', '18:30:00', '19:30:00', 922),
(3738, 'Dinner', 'Refectory', 'Dinner', '18:30:00', '19:30:00', 921),
(3739, 'Lunch', 'Refectory', 'Lunch', '12:30:00', '13:30:00', 921),
(3740, 'Check in', 'Rooms', 'Check in', '14:00:00', '14:10:00', 921),
(3741, 'Campus Tour', 'Reception', 'Campus Tour', '17:00:00', '17:45:00', 921),
(3742, 'Breakfast', 'Refectory', 'Breakfast', '08:00:00', '09:00:00', 922),
(3743, 'Breakfast', 'Refectory', 'Breakfast', '08:00:00', '09:00:00', 923),
(3744, 'Breakfast', 'Refectory', 'Breakfast', '08:00:00', '09:00:00', 924),
(3745, 'Breakfast', 'Refectory', 'Breakfast', '08:00:00', '09:00:00', 925),
(3746, 'Breakfast', 'Refectory', 'Breakfast', '08:00:00', '09:00:00', 926),
(3747, 'Breakfast', 'Refectory', 'Breakfast', '08:00:00', '09:00:00', 927),
(3694, 'Check out', 'Reception', 'Check out', '10:00:00', '10:15:00', 1335),
(3695, 'Breakfast', 'Refectory', 'Breakfast', '08:00:00', '09:00:00', 1335),
(3718, 'Full Day Excursion', 'Coach meeting point', 'Full Day Excursion St Andrews + Glamis Castle', '08:30:00', '18:30:00', 1170),
(3719, 'Entry ticket to Glamis', 'Glamis Castle', 'Entry ticket to Glamis castle', '15:00:00', '15:00:00', 1170),
(3720, 'Full Day Excursion', 'Coach meeting point', 'Full Day Excursion Edinburgh + Entry To Castle', '08:30:00', '18:30:00', 1176),
(3721, 'Entrance to Castle booked', 'Edinburgh Castle', 'Entry ticket booked for groups ', '11:00:00', '11:00:00', 1176),
(3722, 'Full Day Excursion', 'Coach meeting point', 'Full Day Excursion Glasgow ', '08:30:00', '18:30:00', 1177),
(3723, 'Half Day Excursion ', 'Coach meeting point', 'Half Day Excursion to Stirling + bus pass', '14:00:00', '18:30:00', 1179),
(3724, 'Full Day Excursion', 'Coach meeting point', 'Full Day Excursion Edinburgh ', '08:30:00', '18:30:00', 1183),
(3725, 'Full Day Excursion', 'Coach meeting point', 'Full Day Excursion St Andrews + Glamis Castle', '08:30:00', '18:30:00', 1184),
(3788, 'Relax and Shower time', 'Rooms', 'Relax and Shower time', '17:30:00', '18:30:00', 942),
(3727, 'Glamis Castle Entry Ticket', 'Glamis Castle', 'Entry ticket to Glamis Caslte', '14:00:00', '14:00:00', 1184),
(3789, 'Relax and Shower time', 'Rooms', 'Relax and Shower time', '17:30:00', '18:30:00', 943),
(3790, 'Relax and Shower time', 'Rooms', 'Relax and Shower time', '17:30:00', '18:30:00', 944),
(3791, 'Relax and Shower time', 'Rooms', 'Relax and Shower time', '17:30:00', '18:30:00', 945),
(3792, 'Relax and Shower time', 'Rooms', 'Relax and Shower time', '17:30:00', '18:30:00', 946),
(3793, 'Relax and Shower time', 'Rooms', 'Relax and Shower time', '17:30:00', '18:30:00', 947),
(3794, 'Relax and Shower time', 'Rooms', 'Relax and Shower time', '17:30:00', '18:30:00', 948),
(3795, 'Relax and Shower time', 'Rooms', 'Relax and Shower time', '17:30:00', '18:30:00', 949),
(3796, 'Relax and Shower time', 'Rooms', 'Relax and Shower time', '17:30:00', '18:30:00', 950),
(3797, 'Relax and Shower time', 'Rooms', 'Relax and Shower time', '17:30:00', '18:30:00', 951),
(3798, 'Relax and Shower time', 'Rooms', 'Relax and Shower time', '17:30:00', '18:30:00', 952),
(3799, 'Relax and Shower time', 'Rooms', 'Relax and Shower time', '17:30:00', '18:30:00', 953),
(3800, 'Relax and Shower time', 'Rooms', 'Relax and Shower time', '17:30:00', '18:30:00', 954),
(3801, 'Relax and Shower time', 'Rooms', 'Relax and Shower time', '17:30:00', '18:30:00', 955),
(3802, 'Relax and Shower time', 'Rooms', 'Relax and Shower time', '17:30:00', '18:30:00', 956),
(3803, 'Relax and Shower time', 'Rooms', 'Relax and Shower time', '17:30:00', '18:30:00', 957),
(3804, 'Relax and Shower time', 'Rooms', 'Relax and Shower time', '17:30:00', '18:30:00', 958),
(3805, 'Relax and Shower time', 'Rooms', 'Relax and Shower time', '17:30:00', '18:30:00', 959),
(3806, 'Relax and Shower time', 'Rooms', 'Relax and Shower time', '17:30:00', '18:30:00', 960),
(3807, 'Relax and Shower time', 'Rooms', 'Relax and Shower time', '17:30:00', '18:30:00', 961),
(3808, 'Relax and Shower time', 'Rooms', 'Relax and Shower time', '17:30:00', '18:30:00', 962),
(3809, 'Check out', 'Rooms', 'Check out', '10:00:00', '10:30:00', 921),
(3810, 'Departure', 'Coach meeting point', 'Departure', '17:00:00', '17:00:00', 921),
(3813, 'Staff presentation', 'TBA', 'Staff presentation', '20:00:00', '20:30:00', 921),
(3812, 'Full Day Excursion', 'Coach meeting point', 'Full Day Excursion to Oxford', '08:30:00', '18:30:00', 925),
(3814, 'Disco', 'tba', 'Disco', '20:30:00', '22:30:00', 921),
(3815, 'Lunch', 'Refectory', 'Lunch', '12:30:00', '13:30:00', 964),
(3816, 'Dinner', 'Refectory', 'Dinner', '18:30:00', '19:30:00', 964),
(3817, 'Lesson', 'Classroom', 'Lesson', '09:00:00', '12:30:00', 964),
(3818, 'Lesson', 'Classroom', 'Lesson', '14:30:00', '17:30:00', 964),
(3819, 'Shower & Free time', 'Rooms', 'Shower & Free time', '17:30:00', '18:30:00', 964),
(3820, 'Check in', 'Rooms', 'Check in', '14:00:00', '14:00:00', 964),
(3821, 'Check out', 'Rooms', 'Check out', '10:00:00', '10:10:00', 964),
(3822, 'Excursion presentation ', 'TBA', 'Excursion presentation', '14:30:00', '15:00:00', 964),
(3823, 'Full Day Excursion', 'Coach meeting point', 'Full Day Excursion to Oxford', '08:30:00', '18:30:00', 964),
(3824, 'Students'' Questionnaire', 'Classroom', 'Students'' questionnaires ', '12:30:00', '12:45:00', 964),
(3825, 'Excursion presentation ', 'TBA', 'Excursion presentation', '14:00:00', '14:45:00', 964),
(3826, 'Dinner', 'Refectory', 'Dinner', '18:30:00', '19:30:00', 965),
(3827, 'Disco', 'TBA', 'Disco', '20:30:00', '22:30:00', 964),
(3828, 'Graduation Ceremony', 'TBA', 'Graduation Ceremony', '19:00:00', '19:45:00', 964),
(4060, 'Dinner', 'The Hub', 'Dinner', '18:30:00', '19:30:00', 1270),
(4059, 'Dinner', 'Refectory', 'Dinner', '19:00:00', '19:30:00', 1336),
(3831, 'Dinner', 'Refectory', 'Dinner', '18:30:00', '19:30:00', 1336),
(3832, 'Relaxing and Shower/Free time', 'Rooms', 'Relaxing and Shower/Free time', '17:30:00', '18:30:00', 1336),
(3900, 'Lesson', 'Class', 'Lesson', '09:00:00', '12:30:00', 1341),
(3834, 'Check in', 'Reception', 'Check in', '14:00:00', '14:15:00', 1336),
(3974, 'Check out', 'Rooms', 'Check out', '10:00:00', '10:00:00', 1364),
(3836, 'Campus Tour', 'Meeting at reception', 'Campus Tour', '17:00:00', '10:45:00', 1336),
(3837, 'Staff presentation', 'TBA', 'Staff Presentation', '20:00:00', '20:30:00', 1336),
(3838, 'Welcome Party', 'TBA', 'Welcome Party', '20:30:00', '22:30:00', 1336),
(3909, 'Excursion Presentation ', 'TBA', 'Excursion Presentation', '14:00:00', '14:45:00', 1338),
(3910, 'Full Day Excursion', 'Coach meeting point', 'Full Day Excursion London', '08:30:00', '18:30:00', 1339),
(3914, 'Lunch', 'Refectory', 'Lunch', '12:30:00', '13:30:00', 1351),
(4058, 'Lunch', 'Refectory', 'Lunch', '13:25:00', '14:15:00', 1336),
(3843, 'Lunch', 'Refectory', 'Lunch', '12:30:00', '13:30:00', 1337),
(3844, 'Lunch', 'Refectory', 'Lunch', '12:30:00', '13:30:00', 1338),
(3845, 'Lunch', 'Refectory', 'Lunch', '12:30:00', '13:30:00', 1339),
(3846, 'Lunch', 'Refectory', 'Lunch', '12:30:00', '13:30:00', 1340),
(3847, 'Lunch', 'Refectory', 'Lunch', '12:30:00', '13:30:00', 1341),
(3848, 'Lunch', 'Refectory', 'Lunch', '12:30:00', '13:30:00', 1342),
(3849, 'Lunch', 'Refectory', 'Lunch', '12:30:00', '13:30:00', 1343),
(3850, 'Lunch', 'Refectory', 'Lunch', '12:30:00', '13:30:00', 1344),
(3851, 'Breakfast', 'Refectory', 'Breakfast', '08:00:00', '09:00:00', 1338),
(3852, 'Breakfast', 'Refectory', 'Breakfast', '08:00:00', '09:00:00', 1339),
(3853, 'Breakfast', 'Refectory', 'Breakfast', '08:00:00', '09:00:00', 1340),
(3854, 'Breakfast', 'Refectory', 'Breakfast', '08:00:00', '09:00:00', 1341),
(3855, 'Breakfast', 'Refectory', 'Breakfast', '08:00:00', '09:00:00', 1342),
(3856, 'Breakfast', 'Refectory', 'Breakfast', '08:00:00', '09:00:00', 1343),
(3857, 'Breakfast', 'Refectory', 'Breakfast', '08:00:00', '09:00:00', 1344),
(3858, 'Breakfast', 'Refectory', 'Breakfast', '08:00:00', '09:00:00', 1345),
(3859, 'Breakfast', 'Refectory', 'Breakfast', '08:00:00', '09:00:00', 1346),
(3860, 'Breakfast', 'Refectory', 'Breakfast', '08:00:00', '09:00:00', 1347),
(3861, 'Breakfast', 'Refectory', 'Breakfast', '08:00:00', '09:00:00', 1348),
(3862, 'Breakfast', 'Refectory', 'Breakfast', '08:00:00', '09:00:00', 1349),
(3863, 'Breakfast', 'Refectory', 'Breakfast', '08:00:00', '09:00:00', 1350),
(3864, 'Lunch', 'Refectory', 'Lunch', '12:30:00', '13:30:00', 1345),
(3865, 'Lunch', 'Refectory', 'Lunch', '12:30:00', '13:30:00', 1346),
(3866, 'Lunch', 'Refectory', 'Lunch', '12:30:00', '13:30:00', 1347),
(3867, 'Lunch', 'Refectory', 'Lunch', '12:30:00', '13:30:00', 1348),
(3868, 'Lunch', 'Refectory', 'Lunch', '12:30:00', '13:30:00', 1349),
(3869, 'Lunch', 'Refectory', 'Lunch', '12:30:00', '13:30:00', 1350),
(3870, 'Dinner', 'Refectory', 'Dinner', '18:30:00', '19:30:00', 1337),
(3871, 'Dinner', 'Refectory', 'Dinner', '18:30:00', '19:30:00', 1338),
(3872, 'Dinner', 'Refectory', 'Dinner', '18:30:00', '19:30:00', 1339),
(3873, 'Dinner', 'Refectory', 'Dinner', '18:30:00', '19:30:00', 1340),
(3874, 'Dinner', 'Refectory', 'Dinner', '18:30:00', '19:30:00', 1341),
(3875, 'Dinner', 'Refectory', 'Dinner', '18:30:00', '19:30:00', 1342),
(3876, 'Dinner', 'Refectory', 'Dinner', '18:30:00', '19:30:00', 1343),
(3877, 'Dinner', 'Refectory', 'Dinner', '18:30:00', '19:30:00', 1344),
(3878, 'Dinner', 'Refectory', 'Dinner', '18:30:00', '19:30:00', 1345),
(3879, 'Dinner', 'Refectory', 'Dinner', '18:30:00', '19:30:00', 1346),
(3880, 'Dinner', 'Refectory', 'Dinner', '18:30:00', '19:30:00', 1347),
(3881, 'Dinner', 'Refectory', 'Dinner', '18:30:00', '19:30:00', 1348),
(3882, 'Dinner', 'Refectory', 'Dinner', '18:30:00', '19:30:00', 1349),
(3883, 'Dinner', 'Refectory', 'Dinner', '18:30:00', '19:30:00', 1350),
(3884, 'Relaxing and Shower/Free time', 'Rooms', 'Relaxing and Shower/Free time', '17:30:00', '18:30:00', 1337),
(3885, 'Relaxing and Shower/Free time', 'Rooms', 'Relaxing and Shower/Free time', '17:30:00', '18:30:00', 1338),
(3886, 'Relaxing and Shower/Free time', 'Rooms', 'Relaxing and Shower/Free time', '17:30:00', '18:30:00', 1339),
(3887, 'Relaxing and Shower/Free time', 'Rooms', 'Relaxing and Shower/Free time', '17:30:00', '18:30:00', 1340),
(3888, 'Relaxing and Shower/Free time', 'Rooms', 'Relaxing and Shower/Free time', '17:30:00', '18:30:00', 1341),
(3889, 'Relaxing and Shower/Free time', 'Rooms', 'Relaxing and Shower/Free time', '17:30:00', '18:30:00', 1342),
(3890, 'Relaxing and Shower/Free time', 'Rooms', 'Relaxing and Shower/Free time', '17:30:00', '18:30:00', 1343),
(3891, 'Relaxing and Shower/Free time', 'Rooms', 'Relaxing and Shower/Free time', '17:30:00', '18:30:00', 1344),
(3892, 'Relaxing and Shower/Free time', 'Rooms', 'Relaxing and Shower/Free time', '17:30:00', '18:30:00', 1345),
(3893, 'Relaxing and Shower/Free time', 'Rooms', 'Relaxing and Shower/Free time', '17:30:00', '18:30:00', 1346),
(3894, 'Relaxing and Shower/Free time', 'Rooms', 'Relaxing and Shower/Free time', '17:30:00', '18:30:00', 1347),
(3895, 'Relaxing and Shower/Free time', 'Rooms', 'Relaxing and Shower/Free time', '17:30:00', '18:30:00', 1348),
(3896, 'Relaxing and Shower/Free time', 'Rooms', 'Relaxing and Shower/Free time', '17:30:00', '18:30:00', 1349),
(3897, 'Relaxing and Shower/Free time', 'Rooms', 'Relaxing and Shower/Free time', '17:30:00', '18:30:00', 1350),
(3898, 'Lesson', 'Class', 'Lesson', '09:00:00', '12:30:00', 1337),
(3899, 'Lesson', 'Class', 'Lesson', '09:00:00', '12:30:00', 1338),
(3901, 'Lesson', 'Class', 'Lesson', '09:00:00', '12:30:00', 1342),
(3902, 'Lesson', 'Class', 'Lesson', '09:00:00', '12:30:00', 1343),
(3903, 'Lesson', 'Class', 'Lesson', '09:00:00', '12:30:00', 1344),
(3904, 'Lesson', 'Class', 'Lesson', '09:00:00', '12:30:00', 1345),
(3905, 'Lesson', 'Class', 'Lesson', '09:00:00', '12:30:00', 1348),
(3906, 'Lesson', 'Class', 'Lesson', '09:00:00', '12:30:00', 1349),
(3907, 'Lesson', 'Class', 'Lesson', '09:00:00', '12:30:00', 1350),
(3908, 'Students'' Questionnaire', 'Class', 'Students'' Questionnaire', '12:30:00', '12:45:00', 1342),
(3913, 'Breakfast', 'Refectory', 'Breakfast', '08:00:00', '09:00:00', 1351),
(3912, 'Half day excursion ', 'Meeting at reception', 'Half day excursion to London with travel card', '14:30:00', '18:00:00', 1338),
(3915, 'Dinner', 'Refectory', 'Dinner', '18:30:00', '19:30:00', 1351),
(3916, 'Relaxing and Shower/Free time', 'Rooms', 'Relaxing and Shower/Free time', '17:30:00', '18:30:00', 1351),
(3917, 'Lesson', 'Class', 'Lesson', '09:00:00', '12:30:00', 1351),
(3918, 'Lesson', 'Class', 'Lesson', '09:00:00', '12:30:00', 1352),
(3919, 'Lesson', 'Class', 'Lesson', '09:00:00', '12:30:00', 1355),
(3920, 'Lesson', 'Class', 'Lesson', '09:00:00', '12:30:00', 1356),
(3921, 'Lesson', 'Class', 'Lesson', '09:00:00', '12:30:00', 1357),
(3922, 'Lesson', 'Class', 'Lesson', '09:00:00', '12:30:00', 1358),
(3923, 'Lesson', 'Class', 'Lesson', '09:00:00', '12:30:00', 1359),
(3924, 'Lesson', 'Class', 'Lesson', '09:00:00', '12:30:00', 1362),
(3925, 'Lesson', 'Class', 'Lesson', '09:00:00', '12:30:00', 1363),
(3926, 'Relaxing and Shower/Free time', 'Rooms', 'Relaxing and Shower/Free time', '17:30:00', '18:30:00', 1352),
(3927, 'Relaxing and Shower/Free time', 'Rooms', 'Relaxing and Shower/Free time', '17:30:00', '18:30:00', 1353),
(3928, 'Relaxing and Shower/Free time', 'Rooms', 'Relaxing and Shower/Free time', '17:30:00', '18:30:00', 1354),
(3929, 'Relaxing and Shower/Free time', 'Rooms', 'Relaxing and Shower/Free time', '17:30:00', '18:30:00', 1355),
(3930, 'Relaxing and Shower/Free time', 'Rooms', 'Relaxing and Shower/Free time', '17:30:00', '18:30:00', 1356),
(3931, 'Relaxing and Shower/Free time', 'Rooms', 'Relaxing and Shower/Free time', '17:30:00', '18:30:00', 1357),
(3932, 'Relaxing and Shower/Free time', 'Rooms', 'Relaxing and Shower/Free time', '17:30:00', '18:30:00', 1358),
(3933, 'Relaxing and Shower/Free time', 'Rooms', 'Relaxing and Shower/Free time', '17:30:00', '18:30:00', 1359),
(3934, 'Relaxing and Shower/Free time', 'Rooms', 'Relaxing and Shower/Free time', '17:30:00', '18:30:00', 1360),
(3935, 'Relaxing and Shower/Free time', 'Rooms', 'Relaxing and Shower/Free time', '17:30:00', '18:30:00', 1361),
(3936, 'Relaxing and Shower/Free time', 'Rooms', 'Relaxing and Shower/Free time', '17:30:00', '18:30:00', 1362),
(3937, 'Relaxing and Shower/Free time', 'Rooms', 'Relaxing and Shower/Free time', '17:30:00', '18:30:00', 1363),
(3938, 'Dinner', 'Refectory', 'Dinner', '18:30:00', '19:30:00', 1352),
(3939, 'Dinner', 'Refectory', 'Dinner', '18:30:00', '19:30:00', 1353),
(3940, 'Dinner', 'Refectory', 'Dinner', '18:30:00', '19:30:00', 1354),
(3941, 'Dinner', 'Refectory', 'Dinner', '18:30:00', '19:30:00', 1355),
(3942, 'Dinner', 'Refectory', 'Dinner', '18:30:00', '19:30:00', 1356),
(3943, 'Dinner', 'Refectory', 'Dinner', '18:30:00', '19:30:00', 1357),
(3944, 'Dinner', 'Refectory', 'Dinner', '18:30:00', '19:30:00', 1358),
(3945, 'Dinner', 'Refectory', 'Dinner', '18:30:00', '19:30:00', 1359),
(3946, 'Dinner', 'Refectory', 'Dinner', '18:30:00', '19:30:00', 1360),
(3947, 'Dinner', 'Refectory', 'Dinner', '18:30:00', '19:30:00', 1361),
(3948, 'Dinner', 'Refectory', 'Dinner', '18:30:00', '19:30:00', 1362),
(3949, 'Dinner', 'Refectory', 'Dinner', '18:30:00', '19:30:00', 1363),
(3950, 'Lunch', 'Refectory', 'Lunch', '12:30:00', '13:30:00', 1352),
(3951, 'Lunch', 'Refectory', 'Lunch', '12:30:00', '13:30:00', 1355),
(3952, 'Lunch', 'Refectory', 'Lunch', '12:30:00', '13:30:00', 1356),
(3953, 'Lunch', 'Refectory', 'Lunch', '12:30:00', '13:30:00', 1357),
(3954, 'Lunch', 'Refectory', 'Lunch', '12:30:00', '13:30:00', 1358),
(3955, 'Lunch', 'Refectory', 'Lunch', '12:30:00', '13:30:00', 1359),
(3956, 'Lunch', 'Refectory', 'Lunch', '12:30:00', '13:30:00', 1360),
(3957, 'Lunch', 'Refectory', 'Lunch', '12:30:00', '13:30:00', 1361),
(3958, 'Lunch', 'Refectory', 'Lunch', '12:30:00', '13:30:00', 1362),
(3959, 'Lunch', 'Refectory', 'Lunch', '12:30:00', '13:30:00', 1363),
(3960, 'Breakfast', 'Refectory', 'Breakfast', '08:00:00', '09:00:00', 1352),
(3961, 'Breakfast', 'Refectory', 'Breakfast', '08:00:00', '09:00:00', 1353),
(3962, 'Breakfast', 'Refectory', 'Breakfast', '08:00:00', '09:00:00', 1354),
(3963, 'Breakfast', 'Refectory', 'Breakfast', '08:00:00', '09:00:00', 1355),
(3964, 'Breakfast', 'Refectory', 'Breakfast', '08:00:00', '09:00:00', 1356),
(3965, 'Breakfast', 'Refectory', 'Breakfast', '08:00:00', '09:00:00', 1357),
(3966, 'Breakfast', 'Refectory', 'Breakfast', '08:00:00', '09:00:00', 1358),
(3967, 'Breakfast', 'Refectory', 'Breakfast', '08:00:00', '09:00:00', 1359),
(3968, 'Breakfast', 'Refectory', 'Breakfast', '08:00:00', '09:00:00', 1360),
(3969, 'Breakfast', 'Refectory', 'Breakfast', '08:00:00', '09:00:00', 1361),
(3970, 'Breakfast', 'Refectory', 'Breakfast', '08:00:00', '09:00:00', 1362),
(3971, 'Breakfast', 'Refectory', 'Breakfast', '08:00:00', '09:00:00', 1363),
(3972, 'Breakfast', 'Refectory', 'Breakfast', '08:00:00', '09:00:00', 1364),
(3975, 'Students'' Questionnaire', 'Class', 'Students'' Questionnaire', '12:30:00', '12:45:00', 1349),
(3976, 'Students'' Questionnaire', 'Class', 'Students'' Questionnaire', '12:30:00', '12:45:00', 1356),
(3977, 'Students'' Questionnaire', 'Class', 'Students'' Questionnaire', '12:30:00', '12:45:00', 1363),
(3980, 'Graduation Ceremony', 'Class', 'Graduation Ceremony', '19:00:00', '19:30:00', 1349),
(3981, 'Graduation Ceremony', 'Class', 'Graduation Ceremony', '19:00:00', '19:30:00', 1363),
(3982, 'Graduation Ceremony', 'TBA', 'Graduation Ceremony', '13:00:00', '13:30:00', 1280),
(3984, 'Departure to Airport', 'Coach meeting point', 'Departure to Airport', '12:00:00', '12:15:00', 1285),
(3989, 'Breakfast', 'Refectory', 'Breakfast', '08:00:00', '09:00:00', 720),
(3990, 'Breakfast', 'Refectory', 'Breakfast', '08:00:00', '09:00:00', 719),
(3991, 'Breakfast', 'Refectory', 'Breakfast', '08:00:00', '09:00:00', 718),
(3992, 'Breakfast', 'Refectory', 'Breakfast', '08:00:00', '09:00:00', 717),
(3993, 'Breakfast', 'Refectory', 'Breakfast', '08:00:00', '09:00:00', 716),
(3994, 'Breakfast', 'Refectory', 'Breakfast', '08:00:00', '09:00:00', 715),
(3995, 'Breakfast', 'Refectory', 'Breakfast', '08:00:00', '09:00:00', 714),
(3996, 'Breakfast', 'Refectory', 'Breakfast', '08:00:00', '09:00:00', 713),
(3997, 'Breakfast', 'Refectory', 'Breakfast', '08:00:00', '09:00:00', 712),
(3998, 'Breakfast', 'Refectory', 'Breakfast', '08:00:00', '09:00:00', 711),
(3999, 'Breakfast', 'Refectory', 'Breakfast', '08:00:00', '09:00:00', 710),
(4000, 'Breakfast', 'Refectory', 'Breakfast', '08:00:00', '09:00:00', 709),
(4001, 'Breakfast', 'Refectory', 'Breakfast', '08:00:00', '09:00:00', 708),
(4002, 'Breakfast', 'Refectory', 'Breakfast', '08:00:00', '09:00:00', 707),
(4003, 'Breakfast', 'Refectory', 'Breakfast', '08:00:00', '09:00:00', 706),
(4004, 'Breakfast', 'Refectory', 'Breakfast', '08:00:00', '09:00:00', 705),
(4015, 'Pick up Packed Lunch', 'The Hub', 'Packed Lunch Pick up', '08:00:00', '09:00:00', 1265),
(4026, 'Meal Voucher ', 'Collection at PLUS Office', 'Meal Voucher', '13:00:00', '14:00:00', 1266),
(4028, 'Packed Lunch', 'Collection at the Hub/Canteen', 'Pick up Packed Lunch', '07:30:00', '08:30:00', 1252),
(4041, '3 choices of movies', 'The Hub', 'Movie night', '20:30:00', '22:30:00', 1257),
(4042, 'Disco', 'The Hub/Top floor', 'Disco', '20:30:00', '22:30:00', 1258),
(4057, 'Breakfast', 'Refectory', 'Breakfast', '08:10:00', '08:50:00', 1337),
(4061, 'Free day in Edinburgh', 'Free time for Groups', 'Free time ', '09:00:00', '17:00:00', 729),
(4062, 'Graduation Ceremony', 'TBA', 'Graduation Ceremony', '13:00:00', '13:00:00', 1166),
(4064, 'Arrival', 'Campus', 'Arrival on campus', '01:00:00', '02:03:00', 1365),
(4065, 'Arrival', 'Campus', 'Arrival on campus', '03:04:00', '05:07:00', 1365),
(4066, 'Lession', 'location one', 'Lession', '01:00:00', '02:03:00', 1368),
(4067, 'Lession', 'location one', 'Lession', '03:04:00', '05:07:00', 1370),
(4068, 'Lession', 'location one', 'Lession', '03:04:00', '05:07:00', 1367);

-- --------------------------------------------------------

--
-- Table structure for table `frontweb_fixed_day_managed_by`
--

DROP TABLE IF EXISTS `frontweb_fixed_day_managed_by`;
CREATE TABLE IF NOT EXISTS `frontweb_fixed_day_managed_by` (
  `fixed_day_managed_by_id` int(11) NOT NULL AUTO_INCREMENT COMMENT 'primary key',
  `managed_by_name` varchar(255) DEFAULT NULL,
  `type` tinyint(1) DEFAULT NULL COMMENT '1 : from dropdown & 2: from textbox',
  `fixed_day_activity_details_id` int(11) NOT NULL COMMENT 'foreign key',
  PRIMARY KEY (`fixed_day_managed_by_id`)
) ENGINE=MyISAM AUTO_INCREMENT=105 DEFAULT CHARSET=utf8;

--
-- Dumping data for table `frontweb_fixed_day_managed_by`
--

INSERT INTO `frontweb_fixed_day_managed_by` (`fixed_day_managed_by_id`, `managed_by_name`, `type`, `fixed_day_activity_details_id`) VALUES
(64, 'Academic staff', 1, 2100),
(63, 'Academic staff', 1, 2099),
(62, 'Academic staff', 1, 2098),
(61, 'Academic staff', 1, 2097),
(65, 'Academic staff', 1, 2101),
(58, 'Academic staff', 1, 2094),
(57, 'Academic staff', 1, 2093),
(56, 'Academic staff', 1, 2092),
(55, 'Academic staff', 1, 2091),
(53, 'Fdfsdfdfsdfsd', 2, 1156),
(54, 'Academic staff', 1, 2090),
(93, 'Abbi Baker', 1, 2387),
(92, 'Operational staff', 1, 2387),
(91, 'Academic staff', 1, 2387),
(90, 'All staff', 1, 2387),
(88, 'Academic staff', 1, 2108),
(87, 'Academic staff', 1, 2122),
(81, 'Academic staff', 1, 2134),
(83, 'Academic staff', 1, 2133),
(84, 'Academic staff', 1, 2132),
(85, 'Academic staff', 1, 2131),
(86, 'Academic staff', 1, 2130),
(82, 'Academic staff', 1, 2125),
(89, 'Fdfsdfdfsdfsd', 2, 2971),
(71, 'Academic staff', 1, 2107),
(72, 'Academic staff', 1, 2112),
(70, 'Academic staff', 1, 2106),
(69, 'Academic staff', 1, 2105),
(68, 'Academic staff', 1, 2104),
(67, 'Academic staff', 1, 2103),
(66, 'Academic staff', 1, 2102),
(52, 'Operational staff', 1, 140),
(51, 'Academic staff', 1, 140),
(50, 'All staff', 1, 140),
(94, 'Abbie Morrison', 1, 2387),
(95, 'academy', 2, 2387),
(103, 'Adam Green', 1, 3273),
(102, 'Abi Ekeolere', 1, 3273),
(101, 'Abbi Baker', 1, 3273),
(100, 'All staff', 1, 3273),
(104, 'XXXXX', 2, 3273);

-- --------------------------------------------------------

--
-- Table structure for table `frontweb_junior_centre`
--

DROP TABLE IF EXISTS `frontweb_junior_centre`;
CREATE TABLE IF NOT EXISTS `frontweb_junior_centre` (
  `junior_centre_id` int(11) NOT NULL AUTO_INCREMENT COMMENT 'primary key',
  `centre_id` int(11) DEFAULT NULL,
  `centre_banner` varchar(100) DEFAULT NULL,
  `accommodation` text,
  `course` text,
  `junior_centre_status` tinyint(1) NOT NULL DEFAULT '1' COMMENT '1:Active & 0:Inactive',
  `delete_flag` tinyint(1) NOT NULL DEFAULT '0' COMMENT '0:not delete & 1:delete',
  PRIMARY KEY (`junior_centre_id`)
) ENGINE=MyISAM AUTO_INCREMENT=21 DEFAULT CHARSET=utf8;

--
-- Dumping data for table `frontweb_junior_centre`
--

INSERT INTO `frontweb_junior_centre` (`junior_centre_id`, `centre_id`, `centre_banner`, `accommodation`, `course`, `junior_centre_status`, `delete_flag`) VALUES
(1, 36, '1513145420.jpeg', '<p class="MsoNormal" style="font-weight: normal; margin: 0 0 10px; font-size: 13px; color: #7b7b7b; line-height: 1.6;">Your new home abroad is an important part of your study experience, and we believe that time outside of school will help you learn more effectively in the classroom. We select all our accommodation carefully to ensure that you are comfortable, safe and happy during your stay.</p>\r\n<div class="row" style="clear: both; margin-right: -15px; margin-left: -15px;">\r\n<div class="col-12" style="padding: 10px;">\r\n<h2 class="negativo" style="padding-left: 4px; background-color: #3c7099; padding: 10px 0; color: #fff; border-radius: 4px 4px 4px 4px; font-size: 21px;"><span style="padding-left: 5px;">On Campus</span></h2>\r\n<div style="padding: 4px; background-color: #fafafa;"><img style="width: 100%; height: 183px;" src="../../../../uploads/tinymce/collegefrontale.jpg?1515412862363" alt="collegefrontale" />\r\n<p style="font-weight: normal; margin: 0 0 10px; font-size: 13px; color: #7b7b7b; line-height: 1.6;">Your new home abroad is an important part of your study experience, and we believe that time outside of school will help you learn more effectively in the classroom. We select all our accommodation carefully to ensure that you are comfortable, safe and happy during your stay.Our residences are a really fun, international environment where students from around the world live together and get to use English as the only true way of global communication. The residences are supervised by staff who are on hand to helps students day and night. Each residential centre differs slightly in the room and bathroom type, so please take a look at the programme pages in this brochure. Residential accommodation is popular with parents who are sending younger children or those who want their children to experience the tremendous fun of college life</p>\r\n</div>\r\n</div>\r\n<div class="col-12" style="padding: 10px;">\r\n<h2 class="negativo" style="padding-left: 4px; background-color: #3c7099; padding: 10px 0; color: #fff; border-radius: 4px 4px 4px 4px; font-size: 21px;"><span style="padding-left: 5px;">Home Stay</span></h2>\r\n<div style="padding: 4px; background-color: #fafafa;"><img style="width: 100%; height: 183px;" src="../../../../uploads/tinymce/casafamiglia.jpg?1515413045302" alt="casafamiglia" />\r\n<p style="font-weight: normal; margin: 0 0 10px; font-size: 13px; color: #7b7b7b; line-height: 1.6;">Our hosts have been chosen for their interest in welcoming young people from around the world. They are picked because of the care and comfort they can offer to students who may be travelling overseas for the first time. Choosing to stay in home stay is the right option for those who want to experience real life living in that country: it will give a student the opportunity to use English in a real environment and integrate with the family. Home stay is often the first choice for slightly older students.</p>\r\n</div>\r\n</div>\r\n</div>', '<div class="row" style="clear: both; margin-right: -15px; margin-left: -15px;">\r\n<div class="col-12">\r\n<div style="padding: 4px; background-color: #fafafa;"><img style="width: 100%; height: 183px;" src="../../../../uploads/tinymce/2015117-18245511-4544-group-study1.jpg?1515413764611" alt="2015117-18245511-4544-group-study1" /><br />\r\n<ul style="font-weight: normal; margin-top: 10px; margin-bottom: 10px;">\r\n<li><span style="text-indent: -18pt;">- Placement test - written and oral test</span></li>\r\n<li><span style="text-indent: -18pt;">- 15 hours English lessons per week</span></li>\r\n<li><span style="text-indent: -18pt;">- Maximum class size 15 students</span></li>\r\n<li><span style="text-indent: -18pt;">- PLUS text book and all supplementary material for the course</span></li>\r\n<li><span style="text-indent: -18pt;">- PLUS end of course certificate </span></li>\r\n</ul>\r\n</div>\r\n</div>\r\n</div>', 1, 0),
(2, 30, '1513146902.jpg', '<p class="MsoNormal" style="font-weight: normal; margin: 0 0 10px; font-size: 13px; color: #7b7b7b; line-height: 1.6;">Your new home abroad is an important part of your study experience, and we believe that time outside of school will help you learn more effectively in the classroom. We select all our accommodation carefully to ensure that you are comfortable, safe and happy during your stay.</p>\r\n<div class="row" style="clear: both; margin-right: -15px; margin-left: -15px;">\r\n<div class="col-12" style="padding: 10px;">\r\n<h2 class="negativo" style="padding-left: 4px; background-color: #3c7099; padding: 10px 0; color: #fff; border-radius: 4px 4px 4px 4px; font-size: 21px;"><span style="padding-left: 5px;">On Campus</span></h2>\r\n<div style="padding: 4px; background-color: #fafafa;"><img style="width: 100%; height: 183px;" src="../../../../uploads/tinymce/collegefrontale.jpg?1515412862363" alt="collegefrontale" />\r\n<p style="font-weight: normal; margin: 0 0 10px; font-size: 13px; color: #7b7b7b; line-height: 1.6;">Your new home abroad is an important part of your study experience, and we believe that time outside of school will help you learn more effectively in the classroom. We select all our accommodation carefully to ensure that you are comfortable, safe and happy during your stay.Our residences are a really fun, international environment where students from around the world live together and get to use English as the only true way of global communication. The residences are supervised by staff who are on hand to helps students day and night. Each residential centre differs slightly in the room and bathroom type, so please take a look at the programme pages in this brochure. Residential accommodation is popular with parents who are sending younger children or those who want their children to experience the tremendous fun of college life</p>\r\n</div>\r\n</div>\r\n<div class="col-12" style="padding: 10px;">\r\n<h2 class="negativo" style="padding-left: 4px; background-color: #3c7099; padding: 10px 0; color: #fff; border-radius: 4px 4px 4px 4px; font-size: 21px;"><span style="padding-left: 5px;">Home Stay</span></h2>\r\n<div style="padding: 4px; background-color: #fafafa;"><img style="width: 100%; height: 183px;" src="../../../../uploads/tinymce/casafamiglia.jpg?1515413045302" alt="casafamiglia" />\r\n<p style="font-weight: normal; margin: 0 0 10px; font-size: 13px; color: #7b7b7b; line-height: 1.6;">Our hosts have been chosen for their interest in welcoming young people from around the world. They are picked because of the care and comfort they can offer to students who may be travelling overseas for the first time. Choosing to stay in home stay is the right option for those who want to experience real life living in that country: it will give a student the opportunity to use English in a real environment and integrate with the family. Home stay is often the first choice for slightly older students.</p>\r\n</div>\r\n</div>\r\n</div>', '<div class="row" style="clear: both; margin-right: -15px; margin-left: -15px;">\r\n<div class="col-12">\r\n<div style="padding: 4px; background-color: #fafafa;"><img style="width: 100%; height: 183px;" src="../../../../uploads/tinymce/2015117-18245511-4544-group-study1.jpg?1515413764611" alt="2015117-18245511-4544-group-study1" /><br />\r\n<ul style="font-weight: normal; margin-top: 10px; margin-bottom: 10px;">\r\n<li><span style="text-indent: -18pt;">- Placement test - written and oral test</span></li>\r\n<li><span style="text-indent: -18pt;">- 15 hours English lessons per week</span></li>\r\n<li><span style="text-indent: -18pt;">- Maximum class size 15 students</span></li>\r\n<li><span style="text-indent: -18pt;">- PLUS text book and all supplementary material for the course</span></li>\r\n<li><span style="text-indent: -18pt;">- PLUS end of course certificate </span></li>\r\n</ul>\r\n</div>\r\n</div>\r\n</div>', 1, 0),
(3, 6, '1513147968.jpg', '<p class="MsoNormal" style="font-weight: normal; margin: 0 0 10px; font-size: 13px; color: #7b7b7b; line-height: 1.6;">Your new home abroad is an important part of your study experience, and we believe that time outside of school will help you learn more effectively in the classroom. We select all our accommodation carefully to ensure that you are comfortable, safe and happy during your stay.</p>\r\n<div class="row" style="clear: both; margin-right: -15px; margin-left: -15px;">\r\n<div class="col-12" style="padding: 10px;">\r\n<h2 class="negativo" style="padding-left: 4px; background-color: #3c7099; padding: 10px 0; color: #fff; border-radius: 4px 4px 4px 4px; font-size: 21px;"><span style="padding-left: 5px;">On Campus</span></h2>\r\n<div style="padding: 4px; background-color: #fafafa;"><img style="width: 100%; height: 183px;" src="../../../../uploads/tinymce/collegefrontale.jpg?1515412862363" alt="collegefrontale" />\r\n<p style="font-weight: normal; margin: 0 0 10px; font-size: 13px; color: #7b7b7b; line-height: 1.6;">Your new home abroad is an important part of your study experience, and we believe that time outside of school will help you learn more effectively in the classroom. We select all our accommodation carefully to ensure that you are comfortable, safe and happy during your stay.Our residences are a really fun, international environment where students from around the world live together and get to use English as the only true way of global communication. The residences are supervised by staff who are on hand to helps students day and night. Each residential centre differs slightly in the room and bathroom type, so please take a look at the programme pages in this brochure. Residential accommodation is popular with parents who are sending younger children or those who want their children to experience the tremendous fun of college life</p>\r\n</div>\r\n</div>\r\n<div class="col-12" style="padding: 10px;">\r\n<h2 class="negativo" style="padding-left: 4px; background-color: #3c7099; padding: 10px 0; color: #fff; border-radius: 4px 4px 4px 4px; font-size: 21px;"><span style="padding-left: 5px;">Home Stay</span></h2>\r\n<div style="padding: 4px; background-color: #fafafa;"><img style="width: 100%; height: 183px;" src="../../../../uploads/tinymce/casafamiglia.jpg?1515413045302" alt="casafamiglia" />\r\n<p style="font-weight: normal; margin: 0 0 10px; font-size: 13px; color: #7b7b7b; line-height: 1.6;">Our hosts have been chosen for their interest in welcoming young people from around the world. They are picked because of the care and comfort they can offer to students who may be travelling overseas for the first time. Choosing to stay in home stay is the right option for those who want to experience real life living in that country: it will give a student the opportunity to use English in a real environment and integrate with the family. Home stay is often the first choice for slightly older students.</p>\r\n</div>\r\n</div>\r\n</div>', '<div class="row" style="clear: both; margin-right: -15px; margin-left: -15px;">\r\n<div class="col-12">\r\n<div style="padding: 4px; background-color: #fafafa;"><img style="width: 100%; height: 183px;" src="../../../../uploads/tinymce/2015117-18245511-4544-group-study1.jpg?1515413764611" alt="2015117-18245511-4544-group-study1" /><br />\r\n<ul style="font-weight: normal; margin-top: 10px; margin-bottom: 10px;">\r\n<li><span style="text-indent: -18pt;">- Placement test - written and oral test</span></li>\r\n<li><span style="text-indent: -18pt;">- 15 hours English lessons per week</span></li>\r\n<li><span style="text-indent: -18pt;">- Maximum class size 15 students</span></li>\r\n<li><span style="text-indent: -18pt;">- PLUS text book and all supplementary material for the course</span></li>\r\n<li><span style="text-indent: -18pt;">- PLUS end of course certificate </span></li>\r\n</ul>\r\n</div>\r\n</div>\r\n</div>', 1, 0),
(4, 46, '1513148870.jpg', '<p class="MsoNormal" style="font-weight: normal; margin: 0 0 10px; font-size: 13px; color: #7b7b7b; line-height: 1.6;">Your new home abroad is an important part of your study experience, and we believe that time outside of school will help you learn more effectively in the classroom. We select all our accommodation carefully to ensure that you are comfortable, safe and happy during your stay.</p>\r\n<div class="row" style="clear: both; margin-right: -15px; margin-left: -15px;">\r\n<div class="col-12" style="padding: 10px;">\r\n<h2 class="negativo" style="padding-left: 4px; background-color: #3c7099; padding: 10px 0; color: #fff; border-radius: 4px 4px 4px 4px; font-size: 21px;"><span style="padding-left: 5px;">On Campus</span></h2>\r\n<div style="padding: 4px; background-color: #fafafa;"><img style="width: 100%; height: 183px;" src="../../../../uploads/tinymce/collegefrontale.jpg?1515412862363" alt="collegefrontale" />\r\n<p style="font-weight: normal; margin: 0 0 10px; font-size: 13px; color: #7b7b7b; line-height: 1.6;">Your new home abroad is an important part of your study experience, and we believe that time outside of school will help you learn more effectively in the classroom. We select all our accommodation carefully to ensure that you are comfortable, safe and happy during your stay.Our residences are a really fun, international environment where students from around the world live together and get to use English as the only true way of global communication. The residences are supervised by staff who are on hand to helps students day and night. Each residential centre differs slightly in the room and bathroom type, so please take a look at the programme pages in this brochure. Residential accommodation is popular with parents who are sending younger children or those who want their children to experience the tremendous fun of college life</p>\r\n</div>\r\n</div>\r\n<div class="col-12" style="padding: 10px;">\r\n<h2 class="negativo" style="padding-left: 4px; background-color: #3c7099; padding: 10px 0; color: #fff; border-radius: 4px 4px 4px 4px; font-size: 21px;"><span style="padding-left: 5px;">Home Stay</span></h2>\r\n<div style="padding: 4px; background-color: #fafafa;"><img style="width: 100%; height: 183px;" src="../../../../uploads/tinymce/casafamiglia.jpg?1515413045302" alt="casafamiglia" />\r\n<p style="font-weight: normal; margin: 0 0 10px; font-size: 13px; color: #7b7b7b; line-height: 1.6;">Our hosts have been chosen for their interest in welcoming young people from around the world. They are picked because of the care and comfort they can offer to students who may be travelling overseas for the first time. Choosing to stay in home stay is the right option for those who want to experience real life living in that country: it will give a student the opportunity to use English in a real environment and integrate with the family. Home stay is often the first choice for slightly older students.</p>\r\n</div>\r\n</div>\r\n</div>', '<div class="row" style="clear: both; margin-right: -15px; margin-left: -15px;">\r\n<div class="col-12">\r\n<div style="padding: 4px; background-color: #fafafa;"><img style="width: 100%; height: 183px;" src="../../../../uploads/tinymce/2015117-18245511-4544-group-study1.jpg?1515413764611" alt="2015117-18245511-4544-group-study1" /><br />\r\n<ul style="font-weight: normal; margin-top: 10px; margin-bottom: 10px;">\r\n<li><span style="text-indent: -18pt;">- Placement test - written and oral test</span></li>\r\n<li><span style="text-indent: -18pt;">- 15 hours English lessons per week</span></li>\r\n<li><span style="text-indent: -18pt;">- Maximum class size 15 students</span></li>\r\n<li><span style="text-indent: -18pt;">- PLUS text book and all supplementary material for the course</span></li>\r\n<li><span style="text-indent: -18pt;">- PLUS end of course certificate </span></li>\r\n</ul>\r\n</div>\r\n</div>\r\n</div>', 1, 0),
(5, 27, '1513149438.jpg', '<p class="MsoNormal" style="font-weight: normal; margin: 0 0 10px; font-size: 13px; color: #7b7b7b; line-height: 1.6;">Your new home abroad is an important part of your study experience, and we believe that time outside of school will help you learn more effectively in the classroom. We select all our accommodation carefully to ensure that you are comfortable, safe and happy during your stay.</p>\r\n<div class="row" style="clear: both; margin-right: -15px; margin-left: -15px;">\r\n<div class="col-12" style="padding: 10px;">\r\n<h2 class="negativo" style="padding-left: 4px; background-color: #3c7099; padding: 10px 0; color: #fff; border-radius: 4px 4px 4px 4px; font-size: 21px;"><span style="padding-left: 5px;">On Campus</span></h2>\r\n<div style="padding: 4px; background-color: #fafafa;"><img style="width: 100%; height: 183px;" src="../../../../uploads/tinymce/collegefrontale.jpg?1515412862363" alt="collegefrontale" />\r\n<p style="font-weight: normal; margin: 0 0 10px; font-size: 13px; color: #7b7b7b; line-height: 1.6;">Your new home abroad is an important part of your study experience, and we believe that time outside of school will help you learn more effectively in the classroom. We select all our accommodation carefully to ensure that you are comfortable, safe and happy during your stay.Our residences are a really fun, international environment where students from around the world live together and get to use English as the only true way of global communication. The residences are supervised by staff who are on hand to helps students day and night. Each residential centre differs slightly in the room and bathroom type, so please take a look at the programme pages in this brochure. Residential accommodation is popular with parents who are sending younger children or those who want their children to experience the tremendous fun of college life</p>\r\n</div>\r\n</div>\r\n<div class="col-12" style="padding: 10px;">\r\n<h2 class="negativo" style="padding-left: 4px; background-color: #3c7099; padding: 10px 0; color: #fff; border-radius: 4px 4px 4px 4px; font-size: 21px;"><span style="padding-left: 5px;">Home Stay</span></h2>\r\n<div style="padding: 4px; background-color: #fafafa;"><img style="width: 100%; height: 183px;" src="../../../../uploads/tinymce/casafamiglia.jpg?1515413045302" alt="casafamiglia" />\r\n<p style="font-weight: normal; margin: 0 0 10px; font-size: 13px; color: #7b7b7b; line-height: 1.6;">Our hosts have been chosen for their interest in welcoming young people from around the world. They are picked because of the care and comfort they can offer to students who may be travelling overseas for the first time. Choosing to stay in home stay is the right option for those who want to experience real life living in that country: it will give a student the opportunity to use English in a real environment and integrate with the family. Home stay is often the first choice for slightly older students.</p>\r\n</div>\r\n</div>\r\n</div>', '<div class="row" style="clear: both; margin-right: -15px; margin-left: -15px;">\r\n<div class="col-12">\r\n<div style="padding: 4px; background-color: #fafafa;"><img style="width: 100%; height: 183px;" src="../../../../uploads/tinymce/2015117-18245511-4544-group-study1.jpg?1515413764611" alt="2015117-18245511-4544-group-study1" /><br />\r\n<ul style="font-weight: normal; margin-top: 10px; margin-bottom: 10px;">\r\n<li><span style="text-indent: -18pt;">- Placement test - written and oral test</span></li>\r\n<li><span style="text-indent: -18pt;">- 15 hours English lessons per week</span></li>\r\n<li><span style="text-indent: -18pt;">- Maximum class size 15 students</span></li>\r\n<li><span style="text-indent: -18pt;">- PLUS text book and all supplementary material for the course</span></li>\r\n<li><span style="text-indent: -18pt;">- PLUS end of course certificate </span></li>\r\n</ul>\r\n</div>\r\n</div>\r\n</div>', 1, 0),
(6, 21, '1513149575.jpg', '<p class="MsoNormal" style="font-weight: normal; margin: 0 0 10px; font-size: 13px; color: #7b7b7b; line-height: 1.6;">Your new home abroad is an important part of your study experience, and we believe that time outside of school will help you learn more effectively in the classroom. We select all our accommodation carefully to ensure that you are comfortable, safe and happy during your stay.</p>\r\n<div class="row" style="clear: both; margin-right: -15px; margin-left: -15px;">\r\n<div class="col-12" style="padding: 10px;">\r\n<h2 class="negativo" style="padding-left: 4px; background-color: #3c7099; padding: 10px 0; color: #fff; border-radius: 4px 4px 4px 4px; font-size: 21px;"><span style="padding-left: 5px;">On Campus</span></h2>\r\n<div style="padding: 4px; background-color: #fafafa;"><img style="width: 100%; height: 183px;" src="../../../../uploads/tinymce/collegefrontale.jpg?1515412862363" alt="collegefrontale" />\r\n<p style="font-weight: normal; margin: 0 0 10px; font-size: 13px; color: #7b7b7b; line-height: 1.6;">Your new home abroad is an important part of your study experience, and we believe that time outside of school will help you learn more effectively in the classroom. We select all our accommodation carefully to ensure that you are comfortable, safe and happy during your stay.Our residences are a really fun, international environment where students from around the world live together and get to use English as the only true way of global communication. The residences are supervised by staff who are on hand to helps students day and night. Each residential centre differs slightly in the room and bathroom type, so please take a look at the programme pages in this brochure. Residential accommodation is popular with parents who are sending younger children or those who want their children to experience the tremendous fun of college life</p>\r\n</div>\r\n</div>\r\n<div class="col-12" style="padding: 10px;">\r\n<h2 class="negativo" style="padding-left: 4px; background-color: #3c7099; padding: 10px 0; color: #fff; border-radius: 4px 4px 4px 4px; font-size: 21px;"><span style="padding-left: 5px;">Home Stay</span></h2>\r\n<div style="padding: 4px; background-color: #fafafa;"><img style="width: 100%; height: 183px;" src="../../../../uploads/tinymce/casafamiglia.jpg?1515413045302" alt="casafamiglia" />\r\n<p style="font-weight: normal; margin: 0 0 10px; font-size: 13px; color: #7b7b7b; line-height: 1.6;">Our hosts have been chosen for their interest in welcoming young people from around the world. They are picked because of the care and comfort they can offer to students who may be travelling overseas for the first time. Choosing to stay in home stay is the right option for those who want to experience real life living in that country: it will give a student the opportunity to use English in a real environment and integrate with the family. Home stay is often the first choice for slightly older students.</p>\r\n</div>\r\n</div>\r\n</div>', '<div class="row" style="clear: both; margin-right: -15px; margin-left: -15px;">\r\n<div class="col-12">\r\n<div style="padding: 4px; background-color: #fafafa;"><img style="width: 100%; height: 183px;" src="../../../../uploads/tinymce/2015117-18245511-4544-group-study1.jpg?1515413764611" alt="2015117-18245511-4544-group-study1" /><br />\r\n<ul style="font-weight: normal; margin-top: 10px; margin-bottom: 10px;">\r\n<li><span style="text-indent: -18pt;">- Placement test - written and oral test</span></li>\r\n<li><span style="text-indent: -18pt;">- 15 hours English lessons per week</span></li>\r\n<li><span style="text-indent: -18pt;">- Maximum class size 15 students</span></li>\r\n<li><span style="text-indent: -18pt;">- PLUS text book and all supplementary material for the course</span></li>\r\n<li><span style="text-indent: -18pt;">- PLUS end of course certificate </span></li>\r\n</ul>\r\n</div>\r\n</div>\r\n</div>', 1, 0),
(7, 3, '1513149681.jpg', '<p class="MsoNormal" style="font-weight: normal; margin: 0 0 10px; font-size: 13px; color: #7b7b7b; line-height: 1.6;">Your new home abroad is an important part of your study experience, and we believe that time outside of school will help you learn more effectively in the classroom. We select all our accommodation carefully to ensure that you are comfortable, safe and happy during your stay.</p>\r\n<div class="row" style="clear: both; margin-right: -15px; margin-left: -15px;">\r\n<div class="col-12" style="padding: 10px;">\r\n<h2 class="negativo" style="padding-left: 4px; background-color: #3c7099; padding: 10px 0; color: #fff; border-radius: 4px 4px 4px 4px; font-size: 21px;"><span style="padding-left: 5px;">On Campus</span></h2>\r\n<div style="padding: 4px; background-color: #fafafa;"><img style="width: 100%; height: 183px;" src="../../../../uploads/tinymce/collegefrontale.jpg?1515412862363" alt="collegefrontale" />\r\n<p style="font-weight: normal; margin: 0 0 10px; font-size: 13px; color: #7b7b7b; line-height: 1.6;">Your new home abroad is an important part of your study experience, and we believe that time outside of school will help you learn more effectively in the classroom. We select all our accommodation carefully to ensure that you are comfortable, safe and happy during your stay.Our residences are a really fun, international environment where students from around the world live together and get to use English as the only true way of global communication. The residences are supervised by staff who are on hand to helps students day and night. Each residential centre differs slightly in the room and bathroom type, so please take a look at the programme pages in this brochure. Residential accommodation is popular with parents who are sending younger children or those who want their children to experience the tremendous fun of college life</p>\r\n</div>\r\n</div>\r\n<div class="col-12" style="padding: 10px;">\r\n<h2 class="negativo" style="padding-left: 4px; background-color: #3c7099; padding: 10px 0; color: #fff; border-radius: 4px 4px 4px 4px; font-size: 21px;"><span style="padding-left: 5px;">Home Stay</span></h2>\r\n<div style="padding: 4px; background-color: #fafafa;"><img style="width: 100%; height: 183px;" src="../../../../uploads/tinymce/casafamiglia.jpg?1515413045302" alt="casafamiglia" />\r\n<p style="font-weight: normal; margin: 0 0 10px; font-size: 13px; color: #7b7b7b; line-height: 1.6;">Our hosts have been chosen for their interest in welcoming young people from around the world. They are picked because of the care and comfort they can offer to students who may be travelling overseas for the first time. Choosing to stay in home stay is the right option for those who want to experience real life living in that country: it will give a student the opportunity to use English in a real environment and integrate with the family. Home stay is often the first choice for slightly older students.</p>\r\n</div>\r\n</div>\r\n</div>', '<div class="row" style="clear: both; margin-right: -15px; margin-left: -15px;">\r\n<div class="col-12">\r\n<div style="padding: 4px; background-color: #fafafa;"><img style="width: 100%; height: 183px;" src="../../../../uploads/tinymce/2015117-18245511-4544-group-study1.jpg?1515413764611" alt="2015117-18245511-4544-group-study1" /><br />\r\n<ul style="font-weight: normal; margin-top: 10px; margin-bottom: 10px;">\r\n<li><span style="text-indent: -18pt;">- Placement test - written and oral test</span></li>\r\n<li><span style="text-indent: -18pt;">- 15 hours English lessons per week</span></li>\r\n<li><span style="text-indent: -18pt;">- Maximum class size 15 students</span></li>\r\n<li><span style="text-indent: -18pt;">- PLUS text book and all supplementary material for the course</span></li>\r\n<li><span style="text-indent: -18pt;">- PLUS end of course certificate </span></li>\r\n</ul>\r\n</div>\r\n</div>\r\n</div>', 1, 0),
(8, 56, '1513149819.jpeg', '<p class="MsoNormal" style="font-weight: normal; margin: 0 0 10px; font-size: 13px; color: #7b7b7b; line-height: 1.6;">Your new home abroad is an important part of your study experience, and we believe that time outside of school will help you learn more effectively in the classroom. We select all our accommodation carefully to ensure that you are comfortable, safe and happy during your stay.</p>\r\n<div class="row" style="clear: both; margin-right: -15px; margin-left: -15px;">\r\n<div class="col-12" style="padding: 10px;">\r\n<h2 class="negativo" style="padding-left: 4px; background-color: #3c7099; padding: 10px 0; color: #fff; border-radius: 4px 4px 4px 4px; font-size: 21px;"><span style="padding-left: 5px;">On Campus</span></h2>\r\n<div style="padding: 4px; background-color: #fafafa;"><img style="width: 100%; height: 183px;" src="../../../../uploads/tinymce/collegefrontale.jpg?1515412862363" alt="collegefrontale" />\r\n<p style="font-weight: normal; margin: 0 0 10px; font-size: 13px; color: #7b7b7b; line-height: 1.6;">Your new home abroad is an important part of your study experience, and we believe that time outside of school will help you learn more effectively in the classroom. We select all our accommodation carefully to ensure that you are comfortable, safe and happy during your stay.Our residences are a really fun, international environment where students from around the world live together and get to use English as the only true way of global communication. The residences are supervised by staff who are on hand to helps students day and night. Each residential centre differs slightly in the room and bathroom type, so please take a look at the programme pages in this brochure. Residential accommodation is popular with parents who are sending younger children or those who want their children to experience the tremendous fun of college life</p>\r\n</div>\r\n</div>\r\n<div class="col-12" style="padding: 10px;">\r\n<h2 class="negativo" style="padding-left: 4px; background-color: #3c7099; padding: 10px 0; color: #fff; border-radius: 4px 4px 4px 4px; font-size: 21px;"><span style="padding-left: 5px;">Home Stay</span></h2>\r\n<div style="padding: 4px; background-color: #fafafa;"><img style="width: 100%; height: 183px;" src="../../../../uploads/tinymce/casafamiglia.jpg?1515413045302" alt="casafamiglia" />\r\n<p style="font-weight: normal; margin: 0 0 10px; font-size: 13px; color: #7b7b7b; line-height: 1.6;">Our hosts have been chosen for their interest in welcoming young people from around the world. They are picked because of the care and comfort they can offer to students who may be travelling overseas for the first time. Choosing to stay in home stay is the right option for those who want to experience real life living in that country: it will give a student the opportunity to use English in a real environment and integrate with the family. Home stay is often the first choice for slightly older students.</p>\r\n</div>\r\n</div>\r\n</div>', '<div class="row" style="clear: both; margin-right: -15px; margin-left: -15px;">\r\n<div class="col-12">\r\n<div style="padding: 4px; background-color: #fafafa;"><img style="width: 100%; height: 183px;" src="../../../../uploads/tinymce/2015117-18245511-4544-group-study1.jpg?1515413764611" alt="2015117-18245511-4544-group-study1" /><br />\r\n<ul style="font-weight: normal; margin-top: 10px; margin-bottom: 10px;">\r\n<li><span style="text-indent: -18pt;">- Placement test - written and oral test</span></li>\r\n<li><span style="text-indent: -18pt;">- 15 hours English lessons per week</span></li>\r\n<li><span style="text-indent: -18pt;">- Maximum class size 15 students</span></li>\r\n<li><span style="text-indent: -18pt;">- PLUS text book and all supplementary material for the course</span></li>\r\n<li><span style="text-indent: -18pt;">- PLUS end of course certificate </span></li>\r\n</ul>\r\n</div>\r\n</div>\r\n</div>', 1, 0),
(9, 20, '1513149928.jpg', '<p class="MsoNormal" style="font-weight: normal; margin: 0 0 10px; font-size: 13px; color: #7b7b7b; line-height: 1.6;">Your new home abroad is an important part of your study experience, and we believe that time outside of school will help you learn more effectively in the classroom. We select all our accommodation carefully to ensure that you are comfortable, safe and happy during your stay.</p>\r\n<div class="row" style="clear: both; margin-right: -15px; margin-left: -15px;">\r\n<div class="col-12" style="padding: 10px;">\r\n<h2 class="negativo" style="padding-left: 4px; background-color: #3c7099; padding: 10px 0; color: #fff; border-radius: 4px 4px 4px 4px; font-size: 21px;"><span style="padding-left: 5px;">On Campus</span></h2>\r\n<div style="padding: 4px; background-color: #fafafa;"><img style="width: 100%; height: 183px;" src="../../../../uploads/tinymce/collegefrontale.jpg?1515412862363" alt="collegefrontale" />\r\n<p style="font-weight: normal; margin: 0 0 10px; font-size: 13px; color: #7b7b7b; line-height: 1.6;">Your new home abroad is an important part of your study experience, and we believe that time outside of school will help you learn more effectively in the classroom. We select all our accommodation carefully to ensure that you are comfortable, safe and happy during your stay.Our residences are a really fun, international environment where students from around the world live together and get to use English as the only true way of global communication. The residences are supervised by staff who are on hand to helps students day and night. Each residential centre differs slightly in the room and bathroom type, so please take a look at the programme pages in this brochure. Residential accommodation is popular with parents who are sending younger children or those who want their children to experience the tremendous fun of college life</p>\r\n</div>\r\n</div>\r\n<div class="col-12" style="padding: 10px;">\r\n<h2 class="negativo" style="padding-left: 4px; background-color: #3c7099; padding: 10px 0; color: #fff; border-radius: 4px 4px 4px 4px; font-size: 21px;"><span style="padding-left: 5px;">Home Stay</span></h2>\r\n<div style="padding: 4px; background-color: #fafafa;"><img style="width: 100%; height: 183px;" src="../../../../uploads/tinymce/casafamiglia.jpg?1515413045302" alt="casafamiglia" />\r\n<p style="font-weight: normal; margin: 0 0 10px; font-size: 13px; color: #7b7b7b; line-height: 1.6;">Our hosts have been chosen for their interest in welcoming young people from around the world. They are picked because of the care and comfort they can offer to students who may be travelling overseas for the first time. Choosing to stay in home stay is the right option for those who want to experience real life living in that country: it will give a student the opportunity to use English in a real environment and integrate with the family. Home stay is often the first choice for slightly older students.</p>\r\n</div>\r\n</div>\r\n</div>', '<div class="row" style="clear: both; margin-right: -15px; margin-left: -15px;">\r\n<div class="col-12">\r\n<div style="padding: 4px; background-color: #fafafa;"><img style="width: 100%; height: 183px;" src="../../../../uploads/tinymce/2015117-18245511-4544-group-study1.jpg?1515413764611" alt="2015117-18245511-4544-group-study1" /><br />\r\n<ul style="font-weight: normal; margin-top: 10px; margin-bottom: 10px;">\r\n<li><span style="text-indent: -18pt;">- Placement test - written and oral test</span></li>\r\n<li><span style="text-indent: -18pt;">- 15 hours English lessons per week</span></li>\r\n<li><span style="text-indent: -18pt;">- Maximum class size 15 students</span></li>\r\n<li><span style="text-indent: -18pt;">- PLUS text book and all supplementary material for the course</span></li>\r\n<li><span style="text-indent: -18pt;">- PLUS end of course certificate </span></li>\r\n</ul>\r\n</div>\r\n</div>\r\n</div>', 1, 0),
(10, 57, '1513150044.jpg', '<p class="MsoNormal" style="font-weight: normal; margin: 0 0 10px; font-size: 13px; color: #7b7b7b; line-height: 1.6;">Your new home abroad is an important part of your study experience, and we believe that time outside of school will help you learn more effectively in the classroom. We select all our accommodation carefully to ensure that you are comfortable, safe and happy during your stay.</p>\r\n<div class="row" style="clear: both; margin-right: -15px; margin-left: -15px;">\r\n<div class="col-12" style="padding: 10px;">\r\n<h2 class="negativo" style="padding-left: 4px; background-color: #3c7099; padding: 10px 0; color: #fff; border-radius: 4px 4px 4px 4px; font-size: 21px;"><span style="padding-left: 5px;">On Campus</span></h2>\r\n<div style="padding: 4px; background-color: #fafafa;"><img style="width: 100%; height: 183px;" src="../../../../uploads/tinymce/collegefrontale.jpg?1515412862363" alt="collegefrontale" />\r\n<p style="font-weight: normal; margin: 0 0 10px; font-size: 13px; color: #7b7b7b; line-height: 1.6;">Your new home abroad is an important part of your study experience, and we believe that time outside of school will help you learn more effectively in the classroom. We select all our accommodation carefully to ensure that you are comfortable, safe and happy during your stay.Our residences are a really fun, international environment where students from around the world live together and get to use English as the only true way of global communication. The residences are supervised by staff who are on hand to helps students day and night. Each residential centre differs slightly in the room and bathroom type, so please take a look at the programme pages in this brochure. Residential accommodation is popular with parents who are sending younger children or those who want their children to experience the tremendous fun of college life</p>\r\n</div>\r\n</div>\r\n<div class="col-12" style="padding: 10px;">\r\n<h2 class="negativo" style="padding-left: 4px; background-color: #3c7099; padding: 10px 0; color: #fff; border-radius: 4px 4px 4px 4px; font-size: 21px;"><span style="padding-left: 5px;">Home Stay</span></h2>\r\n<div style="padding: 4px; background-color: #fafafa;"><img style="width: 100%; height: 183px;" src="../../../../uploads/tinymce/casafamiglia.jpg?1515413045302" alt="casafamiglia" />\r\n<p style="font-weight: normal; margin: 0 0 10px; font-size: 13px; color: #7b7b7b; line-height: 1.6;">Our hosts have been chosen for their interest in welcoming young people from around the world. They are picked because of the care and comfort they can offer to students who may be travelling overseas for the first time. Choosing to stay in home stay is the right option for those who want to experience real life living in that country: it will give a student the opportunity to use English in a real environment and integrate with the family. Home stay is often the first choice for slightly older students.</p>\r\n</div>\r\n</div>\r\n</div>', '<div class="row" style="clear: both; margin-right: -15px; margin-left: -15px;">\r\n<div class="col-12">\r\n<div style="padding: 4px; background-color: #fafafa;"><img style="width: 100%; height: 183px;" src="../../../../uploads/tinymce/2015117-18245511-4544-group-study1.jpg?1515413764611" alt="2015117-18245511-4544-group-study1" /><br />\r\n<ul style="font-weight: normal; margin-top: 10px; margin-bottom: 10px;">\r\n<li><span style="text-indent: -18pt;">- Placement test - written and oral test</span></li>\r\n<li><span style="text-indent: -18pt;">- 15 hours English lessons per week</span></li>\r\n<li><span style="text-indent: -18pt;">- Maximum class size 15 students</span></li>\r\n<li><span style="text-indent: -18pt;">- PLUS text book and all supplementary material for the course</span></li>\r\n<li><span style="text-indent: -18pt;">- PLUS end of course certificate </span></li>\r\n</ul>\r\n</div>\r\n</div>\r\n</div>', 1, 0),
(11, 52, '1513150164.jpg', '<p class="MsoNormal" style="font-weight: normal; margin: 0 0 10px; font-size: 13px; color: #7b7b7b; line-height: 1.6;">Your new home abroad is an important part of your study experience, and we believe that time outside of school will help you learn more effectively in the classroom. We select all our accommodation carefully to ensure that you are comfortable, safe and happy during your stay.</p>\n<div class="row" style="clear: both; margin-right: -15px; margin-left: -15px;">\n<div class="col-12" style="padding: 10px;">\n<h2 class="negativo" style="padding-left: 4px; background-color: #3c7099; padding: 10px 0; color: #fff; border-radius: 4px 4px 4px 4px; font-size: 21px;"><span style="padding-left: 5px;">On Campus</span></h2>\n<div style="padding: 4px; background-color: #fafafa;"><img style="width: 100%; height: 183px;" src="../../../../uploads/tinymce/collegefrontale.jpg?1515412862363" alt="collegefrontale" />\n<p style="font-weight: normal; margin: 0 0 10px; font-size: 13px; color: #7b7b7b; line-height: 1.6;">Your new home abroad is an important part of your study experience, and we believe that time outside of school will help you learn more effectively in the classroom. We select all our accommodation carefully to ensure that you are comfortable, safe and happy during your stay.Our residences are a really fun, international environment where students from around the world live together and get to use English as the only true way of global communication. The residences are supervised by staff who are on hand to helps students day and night. Each residential centre differs slightly in the room and bathroom type, so please take a look at the programme pages in this brochure. Residential accommodation is popular with parents who are sending younger children or those who want their children to experience the tremendous fun of college life</p>\n</div>\n</div>\n<div class="col-12" style="padding: 10px;">\n<h2 class="negativo" style="padding-left: 4px; background-color: #3c7099; padding: 10px 0; color: #fff; border-radius: 4px 4px 4px 4px; font-size: 21px;"><span style="padding-left: 5px;">Home Stay</span></h2>\n<div style="padding: 4px; background-color: #fafafa;"><img style="width: 100%; height: 183px;" src="../../../../uploads/tinymce/casafamiglia.jpg?1515413045302" alt="casafamiglia" />\n<p style="font-weight: normal; margin: 0 0 10px; font-size: 13px; color: #7b7b7b; line-height: 1.6;">Our hosts have been chosen for their interest in welcoming young people from around the world. They are picked because of the care and comfort they can offer to students who may be travelling overseas for the first time. Choosing to stay in home stay is the right option for those who want to experience real life living in that country: it will give a student the opportunity to use English in a real environment and integrate with the family. Home stay is often the first choice for slightly older students....</p>\n</div>\n</div>\n</div>', '<div class="row" style="clear: both; margin-right: -15px; margin-left: -15px;">\n<div class="col-12">\n<div style="padding: 4px; background-color: #fafafa;"><img style="width: 100%; height: 183px;" src="../../../../uploads/tinymce/2015117-18245511-4544-group-study1.jpg?1515413764611" alt="2015117-18245511-4544-group-study1" /><br />\n<ul style="font-weight: normal; margin-top: 10px; margin-bottom: 10px;">\n<li><span style="text-indent: -18pt;">- Placement test - written and oral test</span></li>\n<li><span style="text-indent: -18pt;">- 15 hours English lessons per week</span></li>\n<li><span style="text-indent: -18pt;">- Maximum class size 15 students</span></li>\n<li><span style="text-indent: -18pt;">- PLUS text book and all supplementary material for the course</span></li>\n<li><span style="text-indent: -18pt;">- PLUS end of course certificate... </span></li>\n</ul>\n</div>\n</div>\n</div>', 1, 0),
(12, 53, '1513150554.jpg', '<p class="MsoNormal" style="font-weight: normal; margin: 0 0 10px; font-size: 13px; color: #7b7b7b; line-height: 1.6;">Your new home abroad is an important part of your study experience, and we believe that time outside of school will help you learn more effectively in the classroom. We select all our accommodation carefully to ensure that you are comfortable, safe and happy during your stay.</p>\r\n<div class="row" style="clear: both; margin-right: -15px; margin-left: -15px;">\r\n<div class="col-12" style="padding: 10px;">\r\n<h2 class="negativo" style="padding-left: 4px; background-color: #3c7099; padding: 10px 0; color: #fff; border-radius: 4px 4px 4px 4px; font-size: 21px;"><span style="padding-left: 5px;">On Campus</span></h2>\r\n<div style="padding: 4px; background-color: #fafafa;"><img style="width: 100%; height: 183px;" src="../../../../uploads/tinymce/collegefrontale.jpg?1515412862363" alt="collegefrontale" />\r\n<p style="font-weight: normal; margin: 0 0 10px; font-size: 13px; color: #7b7b7b; line-height: 1.6;">Your new home abroad is an important part of your study experience, and we believe that time outside of school will help you learn more effectively in the classroom. We select all our accommodation carefully to ensure that you are comfortable, safe and happy during your stay.Our residences are a really fun, international environment where students from around the world live together and get to use English as the only true way of global communication. The residences are supervised by staff who are on hand to helps students day and night. Each residential centre differs slightly in the room and bathroom type, so please take a look at the programme pages in this brochure. Residential accommodation is popular with parents who are sending younger children or those who want their children to experience the tremendous fun of college life</p>\r\n</div>\r\n</div>\r\n<div class="col-12" style="padding: 10px;">\r\n<h2 class="negativo" style="padding-left: 4px; background-color: #3c7099; padding: 10px 0; color: #fff; border-radius: 4px 4px 4px 4px; font-size: 21px;"><span style="padding-left: 5px;">Home Stay</span></h2>\r\n<div style="padding: 4px; background-color: #fafafa;"><img style="width: 100%; height: 183px;" src="../../../../uploads/tinymce/casafamiglia.jpg?1515413045302" alt="casafamiglia" />\r\n<p style="font-weight: normal; margin: 0 0 10px; font-size: 13px; color: #7b7b7b; line-height: 1.6;">Our hosts have been chosen for their interest in welcoming young people from around the world. They are picked because of the care and comfort they can offer to students who may be travelling overseas for the first time. Choosing to stay in home stay is the right option for those who want to experience real life living in that country: it will give a student the opportunity to use English in a real environment and integrate with the family. Home stay is often the first choice for slightly older students.</p>\r\n</div>\r\n</div>\r\n</div>', '<div class="row" style="clear: both; margin-right: -15px; margin-left: -15px;">\r\n<div class="col-12">\r\n<div style="padding: 4px; background-color: #fafafa;"><img style="width: 100%; height: 183px;" src="../../../../uploads/tinymce/2015117-18245511-4544-group-study1.jpg?1515413764611" alt="2015117-18245511-4544-group-study1" /><br />\r\n<ul style="font-weight: normal; margin-top: 10px; margin-bottom: 10px;">\r\n<li><span style="text-indent: -18pt;">- Placement test - written and oral test</span></li>\r\n<li><span style="text-indent: -18pt;">- 15 hours English lessons per week</span></li>\r\n<li><span style="text-indent: -18pt;">- Maximum class size 15 students</span></li>\r\n<li><span style="text-indent: -18pt;">- PLUS text book and all supplementary material for the course</span></li>\r\n<li><span style="text-indent: -18pt;">- PLUS end of course certificate </span></li>\r\n</ul>\r\n</div>\r\n</div>\r\n</div>', 1, 0);
INSERT INTO `frontweb_junior_centre` (`junior_centre_id`, `centre_id`, `centre_banner`, `accommodation`, `course`, `junior_centre_status`, `delete_flag`) VALUES
(13, 41, '1513150651.jpg', '<p class="MsoNormal" style="font-weight: normal; margin: 0 0 10px; font-size: 13px; color: #7b7b7b; line-height: 1.6;">Your new home abroad is an important part of your study experience, and we believe that time outside of school will help you learn more effectively in the classroom. We select all our accommodation carefully to ensure that you are comfortable, safe and happy during your stay.</p>\n<div class="row" style="clear: both; margin-right: -15px; margin-left: -15px;">\n<div class="col-12" style="padding: 10px;">\n<h2 class="negativo" style="padding-left: 4px; background-color: #3c7099; padding: 10px 0; color: #fff; border-radius: 4px 4px 4px 4px; font-size: 21px;"><span style="padding-left: 5px;">On Campus</span></h2>\n<div style="padding: 4px; background-color: #fafafa;"><img style="width: 100%; height: 183px;" src="../../../../uploads/tinymce/collegefrontale.jpg?1515412862363" alt="collegefrontale" />\n<p style="font-weight: normal; margin: 0 0 10px; font-size: 13px; color: #7b7b7b; line-height: 1.6;">Your new home abroad is an important part of your study experience, and we believe that time outside of school will help you learn more effectively in the classroom. We select all our accommodation carefully to ensure that you are comfortable, safe and happy during your stay.Our residences are a really fun, international environment where students from around the world live together and get to use English as the only true way of global communication. The residences are supervised by staff who are on hand to helps students day and night. Each residential centre differs slightly in the room and bathroom type, so please take a look at the programme pages in this brochure. Residential accommodation is popular with parents who are sending younger children or those who want their children to experience the tremendous fun of college life</p>\n</div>\n</div>\n<div class="col-12" style="padding: 10px;">\n<h2 class="negativo" style="padding-left: 4px; background-color: #3c7099; padding: 10px 0; color: #fff; border-radius: 4px 4px 4px 4px; font-size: 21px;"><span style="padding-left: 5px;">Home Stay</span></h2>\n<div style="padding: 4px; background-color: #fafafa;"><img style="width: 100%; height: 183px;" src="../../../../uploads/tinymce/casafamiglia.jpg?1515413045302" alt="casafamiglia" />\n<p style="font-weight: normal; margin: 0 0 10px; font-size: 13px; color: #7b7b7b; line-height: 1.6;">Our hosts have been chosen for their interest in welcoming young people from around the world. They are picked because of the care and comfort they can offer to students who may be travelling overseas for the first time. Choosing to stay in home stay is the right option for those who want to experience real life living in that country: it will give a student the opportunity to use English in a real environment and integrate with the family. Home stay is often the first choice for slightly older students..</p>\n</div>\n</div>\n</div>', '<div class="row" style="clear: both; margin-right: -15px; margin-left: -15px;">\n<div class="col-12">\n<div style="padding: 4px; background-color: #fafafa;"><img style="width: 100%; height: 183px;" src="../../../../uploads/tinymce/2015117-18245511-4544-group-study1.jpg?1515413764611" alt="2015117-18245511-4544-group-study1" /><br />\n<ul style="font-weight: normal; margin-top: 10px; margin-bottom: 10px;">\n<li><span style="text-indent: -18pt;">- Placement test - written and oral test</span></li>\n<li><span style="text-indent: -18pt;">- 15 hours English lessons per week</span></li>\n<li><span style="text-indent: -18pt;">- Maximum class size 15 students</span></li>\n<li><span style="text-indent: -18pt;">- PLUS text book and all supplementary material for the course</span></li>\n<li><span style="text-indent: -18pt;">- PLUS end of course certificate.. </span></li>\n</ul>\n</div>\n</div>\n</div>', 1, 0),
(14, 12, '1513150726.jpg', '<p class="MsoNormal" style="font-weight: normal; margin: 0 0 10px; font-size: 13px; color: #7b7b7b; line-height: 1.6;">Your new home abroad is an important part of your study experience, and we believe that time outside of school will help you learn more effectively in the classroom. We select all our accommodation carefully to ensure that you are comfortable, safe and happy during your stay.</p>\r\n<div class="row" style="clear: both; margin-right: -15px; margin-left: -15px;">\r\n<div class="col-12" style="padding: 10px;">\r\n<h2 class="negativo" style="padding-left: 4px; background-color: #3c7099; padding: 10px 0; color: #fff; border-radius: 4px 4px 4px 4px; font-size: 21px;"><span style="padding-left: 5px;">On Campus</span></h2>\r\n<div style="padding: 4px; background-color: #fafafa;"><img style="width: 100%; height: 183px;" src="../../../../uploads/tinymce/collegefrontale.jpg?1515412862363" alt="collegefrontale" />\r\n<p style="font-weight: normal; margin: 0 0 10px; font-size: 13px; color: #7b7b7b; line-height: 1.6;">Your new home abroad is an important part of your study experience, and we believe that time outside of school will help you learn more effectively in the classroom. We select all our accommodation carefully to ensure that you are comfortable, safe and happy during your stay.Our residences are a really fun, international environment where students from around the world live together and get to use English as the only true way of global communication. The residences are supervised by staff who are on hand to helps students day and night. Each residential centre differs slightly in the room and bathroom type, so please take a look at the programme pages in this brochure. Residential accommodation is popular with parents who are sending younger children or those who want their children to experience the tremendous fun of college life</p>\r\n</div>\r\n</div>\r\n<div class="col-12" style="padding: 10px;">\r\n<h2 class="negativo" style="padding-left: 4px; background-color: #3c7099; padding: 10px 0; color: #fff; border-radius: 4px 4px 4px 4px; font-size: 21px;"><span style="padding-left: 5px;">Home Stay</span></h2>\r\n<div style="padding: 4px; background-color: #fafafa;"><img style="width: 100%; height: 183px;" src="../../../../uploads/tinymce/casafamiglia.jpg?1515413045302" alt="casafamiglia" />\r\n<p style="font-weight: normal; margin: 0 0 10px; font-size: 13px; color: #7b7b7b; line-height: 1.6;">Our hosts have been chosen for their interest in welcoming young people from around the world. They are picked because of the care and comfort they can offer to students who may be travelling overseas for the first time. Choosing to stay in home stay is the right option for those who want to experience real life living in that country: it will give a student the opportunity to use English in a real environment and integrate with the family. Home stay is often the first choice for slightly older students.</p>\r\n</div>\r\n</div>\r\n</div>', '<div class="row" style="clear: both; margin-right: -15px; margin-left: -15px;">\r\n<div class="col-12">\r\n<div style="padding: 4px; background-color: #fafafa;"><img style="width: 100%; height: 183px;" src="../../../../uploads/tinymce/2015117-18245511-4544-group-study1.jpg?1515413764611" alt="2015117-18245511-4544-group-study1" /><br />\r\n<ul style="font-weight: normal; margin-top: 10px; margin-bottom: 10px;">\r\n<li><span style="text-indent: -18pt;">- Placement test - written and oral test</span></li>\r\n<li><span style="text-indent: -18pt;">- 15 hours English lessons per week</span></li>\r\n<li><span style="text-indent: -18pt;">- Maximum class size 15 students</span></li>\r\n<li><span style="text-indent: -18pt;">- PLUS text book and all supplementary material for the course</span></li>\r\n<li><span style="text-indent: -18pt;">- PLUS end of course certificate </span></li>\r\n</ul>\r\n</div>\r\n</div>\r\n</div>', 1, 0),
(15, 47, '1513150836.jpg', '<p class="MsoNormal" style="font-weight: normal; margin: 0 0 10px; font-size: 13px; color: #7b7b7b; line-height: 1.6;">Your new home abroad is an important part of your study experience, and we believe that time outside of school will help you learn more effectively in the classroom. We select all our accommodation carefully to ensure that you are comfortable, safe and happy during your stay.</p>\r\n<div class="row" style="clear: both; margin-right: -15px; margin-left: -15px;">\r\n<div class="col-12" style="padding: 10px;">\r\n<h2 class="negativo" style="padding-left: 4px; background-color: #3c7099; padding: 10px 0; color: #fff; border-radius: 4px 4px 4px 4px; font-size: 21px;"><span style="padding-left: 5px;">On Campus</span></h2>\r\n<div style="padding: 4px; background-color: #fafafa;"><img style="width: 100%; height: 183px;" src="../../../../uploads/tinymce/collegefrontale.jpg?1515412862363" alt="collegefrontale" />\r\n<p style="font-weight: normal; margin: 0 0 10px; font-size: 13px; color: #7b7b7b; line-height: 1.6;">Your new home abroad is an important part of your study experience, and we believe that time outside of school will help you learn more effectively in the classroom. We select all our accommodation carefully to ensure that you are comfortable, safe and happy during your stay.Our residences are a really fun, international environment where students from around the world live together and get to use English as the only true way of global communication. The residences are supervised by staff who are on hand to helps students day and night. Each residential centre differs slightly in the room and bathroom type, so please take a look at the programme pages in this brochure. Residential accommodation is popular with parents who are sending younger children or those who want their children to experience the tremendous fun of college life</p>\r\n</div>\r\n</div>\r\n<div class="col-12" style="padding: 10px;">\r\n<h2 class="negativo" style="padding-left: 4px; background-color: #3c7099; padding: 10px 0; color: #fff; border-radius: 4px 4px 4px 4px; font-size: 21px;"><span style="padding-left: 5px;">Home Stay</span></h2>\r\n<div style="padding: 4px; background-color: #fafafa;"><img style="width: 100%; height: 183px;" src="../../../../uploads/tinymce/casafamiglia.jpg?1515413045302" alt="casafamiglia" />\r\n<p style="font-weight: normal; margin: 0 0 10px; font-size: 13px; color: #7b7b7b; line-height: 1.6;">Our hosts have been chosen for their interest in welcoming young people from around the world. They are picked because of the care and comfort they can offer to students who may be travelling overseas for the first time. Choosing to stay in home stay is the right option for those who want to experience real life living in that country: it will give a student the opportunity to use English in a real environment and integrate with the family. Home stay is often the first choice for slightly older students.</p>\r\n</div>\r\n</div>\r\n</div>', '<div class="row" style="clear: both; margin-right: -15px; margin-left: -15px;">\r\n<div class="col-12">\r\n<div style="padding: 4px; background-color: #fafafa;"><img style="width: 100%; height: 183px;" src="../../../../uploads/tinymce/2015117-18245511-4544-group-study1.jpg?1515413764611" alt="2015117-18245511-4544-group-study1" /><br />\r\n<ul style="font-weight: normal; margin-top: 10px; margin-bottom: 10px;">\r\n<li><span style="text-indent: -18pt;">- Placement test - written and oral test</span></li>\r\n<li><span style="text-indent: -18pt;">- 15 hours English lessons per week</span></li>\r\n<li><span style="text-indent: -18pt;">- Maximum class size 15 students</span></li>\r\n<li><span style="text-indent: -18pt;">- PLUS text book and all supplementary material for the course</span></li>\r\n<li><span style="text-indent: -18pt;">- PLUS end of course certificate </span></li>\r\n</ul>\r\n</div>\r\n</div>\r\n</div>', 1, 0),
(16, 66, '1513153416.jpg', '<p class="MsoNormal" style="font-weight: normal; margin: 0 0 10px; font-size: 13px; color: #7b7b7b; line-height: 1.6;">Your new home abroad is an important part of your study experience, and we believe that time outside of school will help you learn more effectively in the classroom. We select all our accommodation carefully to ensure that you are comfortable, safe and happy during your stay.</p>\r\n<div class="row" style="clear: both; margin-right: -15px; margin-left: -15px;">\r\n<div class="col-12" style="padding: 10px;">\r\n<h2 class="negativo" style="padding-left: 4px; background-color: #3c7099; padding: 10px 0; color: #fff; border-radius: 4px 4px 4px 4px; font-size: 21px;"><span style="padding-left: 5px;">On Campus</span></h2>\r\n<div style="padding: 4px; background-color: #fafafa;"><img style="width: 100%; height: 183px;" src="../../../../uploads/tinymce/collegefrontale.jpg?1515412862363" alt="collegefrontale" />\r\n<p style="font-weight: normal; margin: 0 0 10px; font-size: 13px; color: #7b7b7b; line-height: 1.6;">Your new home abroad is an important part of your study experience, and we believe that time outside of school will help you learn more effectively in the classroom. We select all our accommodation carefully to ensure that you are comfortable, safe and happy during your stay.Our residences are a really fun, international environment where students from around the world live together and get to use English as the only true way of global communication. The residences are supervised by staff who are on hand to helps students day and night. Each residential centre differs slightly in the room and bathroom type, so please take a look at the programme pages in this brochure. Residential accommodation is popular with parents who are sending younger children or those who want their children to experience the tremendous fun of college life</p>\r\n</div>\r\n</div>\r\n<div class="col-12" style="padding: 10px;">\r\n<h2 class="negativo" style="padding-left: 4px; background-color: #3c7099; padding: 10px 0; color: #fff; border-radius: 4px 4px 4px 4px; font-size: 21px;"><span style="padding-left: 5px;">Home Stay</span></h2>\r\n<div style="padding: 4px; background-color: #fafafa;"><img style="width: 100%; height: 183px;" src="../../../../uploads/tinymce/casafamiglia.jpg?1515413045302" alt="casafamiglia" />\r\n<p style="font-weight: normal; margin: 0 0 10px; font-size: 13px; color: #7b7b7b; line-height: 1.6;">Our hosts have been chosen for their interest in welcoming young people from around the world. They are picked because of the care and comfort they can offer to students who may be travelling overseas for the first time. Choosing to stay in home stay is the right option for those who want to experience real life living in that country: it will give a student the opportunity to use English in a real environment and integrate with the family. Home stay is often the first choice for slightly older students.</p>\r\n</div>\r\n</div>\r\n</div>', '<div class="row" style="clear: both; margin-right: -15px; margin-left: -15px;">\r\n<div class="col-12">\r\n<div style="padding: 4px; background-color: #fafafa;"><img style="width: 100%; height: 183px;" src="../../../../uploads/tinymce/2015117-18245511-4544-group-study1.jpg?1515413764611" alt="2015117-18245511-4544-group-study1" /><br />\r\n<ul style="font-weight: normal; margin-top: 10px; margin-bottom: 10px;">\r\n<li><span style="text-indent: -18pt;">- Placement test - written and oral test</span></li>\r\n<li><span style="text-indent: -18pt;">- 15 hours English lessons per week</span></li>\r\n<li><span style="text-indent: -18pt;">- Maximum class size 15 students</span></li>\r\n<li><span style="text-indent: -18pt;">- PLUS text book and all supplementary material for the course</span></li>\r\n<li><span style="text-indent: -18pt;">- PLUS end of course certificate </span></li>\r\n</ul>\r\n</div>\r\n</div>\r\n</div>', 1, 0),
(17, 67, '1513153636.jpg', '<p class="MsoNormal" style="font-weight: normal; margin: 0 0 10px; font-size: 13px; color: #7b7b7b; line-height: 1.6;">Your new home abroad is an important part of your study experience, and we believe that time outside of school will help you learn more effectively in the classroom. We select all our accommodation carefully to ensure that you are comfortable, safe and happy during your stay.</p>\r\n<div class="row" style="clear: both; margin-right: -15px; margin-left: -15px;">\r\n<div class="col-12" style="padding: 10px;">\r\n<h2 class="negativo" style="padding-left: 4px; background-color: #3c7099; padding: 10px 0; color: #fff; border-radius: 4px 4px 4px 4px; font-size: 21px;"><span style="padding-left: 5px;">On Campus</span></h2>\r\n<div style="padding: 4px; background-color: #fafafa;"><img style="width: 100%; height: 183px;" src="../../../../uploads/tinymce/collegefrontale.jpg?1515412862363" alt="collegefrontale" />\r\n<p style="font-weight: normal; margin: 0 0 10px; font-size: 13px; color: #7b7b7b; line-height: 1.6;">Your new home abroad is an important part of your study experience, and we believe that time outside of school will help you learn more effectively in the classroom. We select all our accommodation carefully to ensure that you are comfortable, safe and happy during your stay.Our residences are a really fun, international environment where students from around the world live together and get to use English as the only true way of global communication. The residences are supervised by staff who are on hand to helps students day and night. Each residential centre differs slightly in the room and bathroom type, so please take a look at the programme pages in this brochure. Residential accommodation is popular with parents who are sending younger children or those who want their children to experience the tremendous fun of college life</p>\r\n</div>\r\n</div>\r\n<div class="col-12" style="padding: 10px;">\r\n<h2 class="negativo" style="padding-left: 4px; background-color: #3c7099; padding: 10px 0; color: #fff; border-radius: 4px 4px 4px 4px; font-size: 21px;"><span style="padding-left: 5px;">Home Stay</span></h2>\r\n<div style="padding: 4px; background-color: #fafafa;"><img style="width: 100%; height: 183px;" src="../../../../uploads/tinymce/casafamiglia.jpg?1515413045302" alt="casafamiglia" />\r\n<p style="font-weight: normal; margin: 0 0 10px; font-size: 13px; color: #7b7b7b; line-height: 1.6;">Our hosts have been chosen for their interest in welcoming young people from around the world. They are picked because of the care and comfort they can offer to students who may be travelling overseas for the first time. Choosing to stay in home stay is the right option for those who want to experience real life living in that country: it will give a student the opportunity to use English in a real environment and integrate with the family. Home stay is often the first choice for slightly older students.</p>\r\n</div>\r\n</div>\r\n</div>', '<div class="row" style="clear: both; margin-right: -15px; margin-left: -15px;">\r\n<div class="col-12">\r\n<div style="padding: 4px; background-color: #fafafa;"><img style="width: 100%; height: 183px;" src="../../../../uploads/tinymce/2015117-18245511-4544-group-study1.jpg?1515413764611" alt="2015117-18245511-4544-group-study1" /><br />\r\n<ul style="font-weight: normal; margin-top: 10px; margin-bottom: 10px;">\r\n<li><span style="text-indent: -18pt;">- Placement test - written and oral test</span></li>\r\n<li><span style="text-indent: -18pt;">- 15 hours English lessons per week</span></li>\r\n<li><span style="text-indent: -18pt;">- Maximum class size 15 students</span></li>\r\n<li><span style="text-indent: -18pt;">- PLUS text book and all supplementary material for the course</span></li>\r\n<li><span style="text-indent: -18pt;">- PLUS end of course certificate </span></li>\r\n</ul>\r\n</div>\r\n</div>\r\n</div>', 1, 0),
(18, 38, '1513153764.jpg', '<p class="MsoNormal" style="font-weight: normal; margin: 0 0 10px; font-size: 13px; color: #7b7b7b; line-height: 1.6;">Your new home abroad is an important part of your study experience, and we believe that time outside of school will help you learn more effectively in the classroom. We select all our accommodation carefully to ensure that you are comfortable, safe and happy during your stay.</p>\r\n<div class="row" style="clear: both; margin-right: -15px; margin-left: -15px;">\r\n<div class="col-12" style="padding: 10px;">\r\n<h2 class="negativo" style="padding-left: 4px; background-color: #3c7099; padding: 10px 0; color: #fff; border-radius: 4px 4px 4px 4px; font-size: 21px;"><span style="padding-left: 5px;">On Campus</span></h2>\r\n<div style="padding: 4px; background-color: #fafafa;"><img style="width: 100%; height: 183px;" src="../../../../uploads/tinymce/collegefrontale.jpg?1515412862363" alt="collegefrontale" />\r\n<p style="font-weight: normal; margin: 0 0 10px; font-size: 13px; color: #7b7b7b; line-height: 1.6;">Your new home abroad is an important part of your study experience, and we believe that time outside of school will help you learn more effectively in the classroom. We select all our accommodation carefully to ensure that you are comfortable, safe and happy during your stay.Our residences are a really fun, international environment where students from around the world live together and get to use English as the only true way of global communication. The residences are supervised by staff who are on hand to helps students day and night. Each residential centre differs slightly in the room and bathroom type, so please take a look at the programme pages in this brochure. Residential accommodation is popular with parents who are sending younger children or those who want their children to experience the tremendous fun of college life</p>\r\n</div>\r\n</div>\r\n<div class="col-12" style="padding: 10px;">\r\n<h2 class="negativo" style="padding-left: 4px; background-color: #3c7099; padding: 10px 0; color: #fff; border-radius: 4px 4px 4px 4px; font-size: 21px;"><span style="padding-left: 5px;">Home Stay</span></h2>\r\n<div style="padding: 4px; background-color: #fafafa;"><img style="width: 100%; height: 183px;" src="../../../../uploads/tinymce/casafamiglia.jpg?1515413045302" alt="casafamiglia" />\r\n<p style="font-weight: normal; margin: 0 0 10px; font-size: 13px; color: #7b7b7b; line-height: 1.6;">Our hosts have been chosen for their interest in welcoming young people from around the world. They are picked because of the care and comfort they can offer to students who may be travelling overseas for the first time. Choosing to stay in home stay is the right option for those who want to experience real life living in that country: it will give a student the opportunity to use English in a real environment and integrate with the family. Home stay is often the first choice for slightly older students.</p>\r\n</div>\r\n</div>\r\n</div>', '<div class="row" style="clear: both; margin-right: -15px; margin-left: -15px;">\r\n<div class="col-12">\r\n<div style="padding: 4px; background-color: #fafafa;"><img style="width: 100%; height: 183px;" src="../../../../uploads/tinymce/2015117-18245511-4544-group-study1.jpg?1515413764611" alt="2015117-18245511-4544-group-study1" /><br />\r\n<ul style="font-weight: normal; margin-top: 10px; margin-bottom: 10px;">\r\n<li><span style="text-indent: -18pt;">- Placement test - written and oral test</span></li>\r\n<li><span style="text-indent: -18pt;">- 15 hours English lessons per week</span></li>\r\n<li><span style="text-indent: -18pt;">- Maximum class size 15 students</span></li>\r\n<li><span style="text-indent: -18pt;">- PLUS text book and all supplementary material for the course</span></li>\r\n<li><span style="text-indent: -18pt;">- PLUS end of course certificate </span></li>\r\n</ul>\r\n</div>\r\n</div>\r\n</div>', 1, 0);

-- --------------------------------------------------------

--
-- Table structure for table `frontweb_junior_centre_activity_program`
--

DROP TABLE IF EXISTS `frontweb_junior_centre_activity_program`;
CREATE TABLE IF NOT EXISTS `frontweb_junior_centre_activity_program` (
  `id` int(11) NOT NULL AUTO_INCREMENT COMMENT 'primary key',
  `file_name` varchar(200) DEFAULT NULL,
  `file_description` text,
  `junior_centre_id` int(11) NOT NULL COMMENT 'foreign key',
  PRIMARY KEY (`id`)
) ENGINE=MyISAM AUTO_INCREMENT=2 DEFAULT CHARSET=utf8;

--
-- Dumping data for table `frontweb_junior_centre_activity_program`
--

INSERT INTO `frontweb_junior_centre_activity_program` (`id`, `file_name`, `file_description`, `junior_centre_id`) VALUES
(1, '1519088434.pdf', 'test now', 14);

-- --------------------------------------------------------

--
-- Table structure for table `frontweb_junior_centre_addon`
--

DROP TABLE IF EXISTS `frontweb_junior_centre_addon`;
CREATE TABLE IF NOT EXISTS `frontweb_junior_centre_addon` (
  `id` int(11) NOT NULL AUTO_INCREMENT COMMENT 'primary key',
  `file_name` varchar(200) DEFAULT NULL,
  `file_description` text,
  `junior_centre_id` int(11) NOT NULL COMMENT 'foreign key',
  PRIMARY KEY (`id`)
) ENGINE=MyISAM AUTO_INCREMENT=4 DEFAULT CHARSET=utf8;

--
-- Dumping data for table `frontweb_junior_centre_addon`
--

INSERT INTO `frontweb_junior_centre_addon` (`id`, `file_name`, `file_description`, `junior_centre_id`) VALUES
(1, '1513233935.pdf', 'This is for the testing purpose', 3),
(2, '1518083709.pdf', 'test', 11),
(3, '1519088405.pdf', 'test now', 14);

-- --------------------------------------------------------

--
-- Table structure for table `frontweb_junior_centre_dates`
--

DROP TABLE IF EXISTS `frontweb_junior_centre_dates`;
CREATE TABLE IF NOT EXISTS `frontweb_junior_centre_dates` (
  `junior_centre_dates_id` int(11) NOT NULL AUTO_INCREMENT COMMENT 'primary key',
  `date` date DEFAULT NULL,
  `overnight` varchar(255) DEFAULT NULL,
  `junior_centre_id` int(11) NOT NULL COMMENT 'foreign key',
  PRIMARY KEY (`junior_centre_dates_id`)
) ENGINE=MyISAM AUTO_INCREMENT=23 DEFAULT CHARSET=utf8;

--
-- Dumping data for table `frontweb_junior_centre_dates`
--

INSERT INTO `frontweb_junior_centre_dates` (`junior_centre_dates_id`, `date`, `overnight`, `junior_centre_id`) VALUES
(1, '2018-06-20', '', 1),
(2, '2018-07-03', '', 1),
(3, '2018-07-17', '', 1),
(4, '2018-07-31', '', 1),
(5, '2018-06-28', '', 2),
(6, '2018-07-03', '', 2),
(7, '2018-07-10', '', 2),
(8, '2018-07-19', '', 2),
(9, '2018-08-01', '', 2),
(10, '2018-06-20', '', 3),
(11, '2018-06-27', '', 3),
(12, '2018-07-04', '', 3),
(13, '2018-07-18', '', 3),
(14, '2018-07-31', '', 3),
(17, '2018-07-03', 'Overnight at the end ', 4),
(18, '2018-07-17', 'Overnight at the end', 4),
(19, '2016-10-04', '', 1),
(20, '2017-12-20', '', 1),
(21, '2018-02-16', '', 1),
(22, '2018-02-20', 'test now', 14);

-- --------------------------------------------------------

--
-- Table structure for table `frontweb_junior_centre_dates_program`
--

DROP TABLE IF EXISTS `frontweb_junior_centre_dates_program`;
CREATE TABLE IF NOT EXISTS `frontweb_junior_centre_dates_program` (
  `junior_centre_dates_program_id` int(11) NOT NULL AUTO_INCREMENT COMMENT 'primary key',
  `program_id` int(11) DEFAULT NULL,
  `junior_centre_dates_id` int(11) NOT NULL COMMENT 'foreign key',
  PRIMARY KEY (`junior_centre_dates_program_id`)
) ENGINE=MyISAM AUTO_INCREMENT=44 DEFAULT CHARSET=utf8;

--
-- Dumping data for table `frontweb_junior_centre_dates_program`
--

INSERT INTO `frontweb_junior_centre_dates_program` (`junior_centre_dates_program_id`, `program_id`, `junior_centre_dates_id`) VALUES
(1, 2, 1),
(2, 2, 2),
(3, 2, 3),
(4, 2, 4),
(5, 5, 5),
(6, 2, 6),
(7, 5, 6),
(8, 5, 7),
(9, 5, 8),
(10, 5, 9),
(11, 1, 10),
(12, 2, 10),
(13, 1, 11),
(14, 2, 11),
(15, 1, 12),
(16, 2, 12),
(17, 1, 13),
(18, 2, 13),
(19, 1, 14),
(20, 2, 14),
(24, 5, 18),
(23, 5, 17),
(25, 2, 19),
(43, 1, 22),
(30, 5, 20),
(29, 2, 20),
(42, 5, 21),
(41, 1, 21);

-- --------------------------------------------------------

--
-- Table structure for table `frontweb_junior_centre_dates_week`
--

DROP TABLE IF EXISTS `frontweb_junior_centre_dates_week`;
CREATE TABLE IF NOT EXISTS `frontweb_junior_centre_dates_week` (
  `junior_centre_dates_week_id` int(11) NOT NULL AUTO_INCREMENT COMMENT 'primary key',
  `week` int(11) DEFAULT NULL,
  `junior_centre_dates_id` int(11) NOT NULL COMMENT 'foreign key',
  PRIMARY KEY (`junior_centre_dates_week_id`)
) ENGINE=MyISAM AUTO_INCREMENT=56 DEFAULT CHARSET=utf8;

--
-- Dumping data for table `frontweb_junior_centre_dates_week`
--

INSERT INTO `frontweb_junior_centre_dates_week` (`junior_centre_dates_week_id`, `week`, `junior_centre_dates_id`) VALUES
(1, 2, 1),
(2, 3, 1),
(3, 4, 1),
(4, 2, 2),
(5, 3, 2),
(6, 4, 2),
(7, 2, 3),
(8, 3, 3),
(9, 2, 4),
(10, 2, 5),
(11, 3, 5),
(12, 2, 6),
(13, 3, 6),
(14, 2, 7),
(15, 2, 8),
(16, 2, 9),
(17, 2, 10),
(18, 3, 10),
(19, 4, 10),
(20, 2, 11),
(21, 3, 11),
(22, 4, 11),
(23, 2, 12),
(24, 3, 12),
(25, 4, 12),
(26, 2, 13),
(27, 3, 13),
(28, 4, 13),
(29, 2, 14),
(35, 2, 18),
(34, 3, 17),
(33, 2, 17),
(36, 2, 19),
(40, 3, 20),
(39, 1, 20),
(41, 5, 20),
(54, 3, 21),
(53, 2, 21),
(52, 1, 21),
(55, 1, 22);

-- --------------------------------------------------------

--
-- Table structure for table `frontweb_junior_centre_fact_sheet`
--

DROP TABLE IF EXISTS `frontweb_junior_centre_fact_sheet`;
CREATE TABLE IF NOT EXISTS `frontweb_junior_centre_fact_sheet` (
  `id` int(11) NOT NULL AUTO_INCREMENT COMMENT 'primary key',
  `file_name` varchar(200) DEFAULT NULL,
  `file_description` text,
  `junior_centre_id` int(11) NOT NULL COMMENT 'foreign key',
  PRIMARY KEY (`id`)
) ENGINE=MyISAM AUTO_INCREMENT=3 DEFAULT CHARSET=utf8;

--
-- Dumping data for table `frontweb_junior_centre_fact_sheet`
--

INSERT INTO `frontweb_junior_centre_fact_sheet` (`id`, `file_name`, `file_description`, `junior_centre_id`) VALUES
(1, '1518087807.pdf', 'first fact sheet', 11),
(2, '1519088422.pdf', 'test now', 14);

-- --------------------------------------------------------

--
-- Table structure for table `frontweb_junior_centre_international_mix`
--

DROP TABLE IF EXISTS `frontweb_junior_centre_international_mix`;
CREATE TABLE IF NOT EXISTS `frontweb_junior_centre_international_mix` (
  `junior_centre_international_mix_id` int(11) NOT NULL AUTO_INCREMENT COMMENT 'primary key',
  `country_name` varchar(255) DEFAULT NULL,
  `percentage` varchar(200) DEFAULT NULL,
  `color_code` varchar(200) DEFAULT NULL,
  `junior_centre_id` int(11) NOT NULL COMMENT 'foreign key',
  PRIMARY KEY (`junior_centre_international_mix_id`)
) ENGINE=MyISAM AUTO_INCREMENT=7 DEFAULT CHARSET=utf8;

--
-- Dumping data for table `frontweb_junior_centre_international_mix`
--

INSERT INTO `frontweb_junior_centre_international_mix` (`junior_centre_international_mix_id`, `country_name`, `percentage`, `color_code`, `junior_centre_id`) VALUES
(1, 'Italy-IT', '50%', 'rgb(255, 0, 0)', 3),
(2, 'France-FR', '15%', 'rgb(109, 104, 172)', 3),
(3, 'Russia-RU', '5%', 'rgb(232, 229, 71)', 3),
(4, 'Bolivia-BO', '12%', 'rgb(159, 229, 245)', 3),
(5, 'Italy-IT', '20%', 'rgb(255, 0, 0)', 1),
(6, 'India-IN', '32.35%', 'rgb(139, 217, 111)', 14);

-- --------------------------------------------------------

--
-- Table structure for table `frontweb_junior_centre_menu`
--

DROP TABLE IF EXISTS `frontweb_junior_centre_menu`;
CREATE TABLE IF NOT EXISTS `frontweb_junior_centre_menu` (
  `id` int(11) NOT NULL AUTO_INCREMENT COMMENT 'primary key',
  `file_name` varchar(200) DEFAULT NULL,
  `file_description` text,
  `junior_centre_id` int(11) NOT NULL COMMENT 'foreign key',
  PRIMARY KEY (`id`)
) ENGINE=MyISAM AUTO_INCREMENT=2 DEFAULT CHARSET=utf8;

--
-- Dumping data for table `frontweb_junior_centre_menu`
--

INSERT INTO `frontweb_junior_centre_menu` (`id`, `file_name`, `file_description`, `junior_centre_id`) VALUES
(1, '1519088473.pdf', 'test now', 14);

-- --------------------------------------------------------

--
-- Table structure for table `frontweb_junior_centre_old`
--

DROP TABLE IF EXISTS `frontweb_junior_centre_old`;
CREATE TABLE IF NOT EXISTS `frontweb_junior_centre_old` (
  `junior_centre_id` int(11) NOT NULL AUTO_INCREMENT COMMENT 'primary key',
  `centre_id` int(11) DEFAULT NULL,
  `centre_banner` varchar(100) DEFAULT NULL,
  `centre_description` text,
  `centre_address` text,
  `centre_latitude` varchar(100) DEFAULT NULL,
  `centre_longitude` varchar(100) DEFAULT NULL,
  `junior_centre_status` tinyint(1) NOT NULL DEFAULT '1' COMMENT '1:Active & 0:Inactive',
  `delete_flag` tinyint(1) NOT NULL DEFAULT '0' COMMENT '0:not delete & 1:delete',
  PRIMARY KEY (`junior_centre_id`)
) ENGINE=MyISAM AUTO_INCREMENT=7 DEFAULT CHARSET=utf8;

--
-- Dumping data for table `frontweb_junior_centre_old`
--

INSERT INTO `frontweb_junior_centre_old` (`junior_centre_id`, `centre_id`, `centre_banner`, `centre_description`, `centre_address`, `centre_latitude`, `centre_longitude`, `junior_centre_status`, `delete_flag`) VALUES
(1, 2, '1512127952.jpg', '<p class="MsoNormal" style="font-weight: normal;">\n										<span style="font-weight: bold;">Canterbury</span> is a typical historic English city located in the\n										district of Kent in southeast of England. It is one of the most visited cities\n										in the UK. The city centre is dominated by Canterbury Cathedral - the oldest\n										Cathedral in England. &nbsp;It is an\n										impressive building with plenty of ornate details and stained glass windows.\n										There are also the ancient ruins of St. Augustine’s Abbey, St. Martin’s Church\n										and the Norman Castle and these represent the city’s history, heritage and\n										culture. The city has vibrant leisure attractions including fine restaurants,\n										welcoming pubs and quaint cafes. The city centre is a pedestrianised area with\n										charming black-and-white Victorian houses. There is also a great selection of\n										shops. Canterbury is very close to the beautiful beaches of Whitstable and\n										Herne Bay as well as stunning English countryside.\n									</p>\n\n									<p class="MsoNormal">\n										<span style="font-weight: bold;">Plus </span>hold their summer courses at the\n										University of Kent.&nbsp;<span style="font-weight: normal;">&nbsp;The University\n										is set in 450 acres of parkland and is less than a 25-minute walk\n										from the city centre. It is situated on a hill and has a stunning views of the\n										Cathedral. There are various modern buildings surrounded by green open spaces,\n										fields and forests. The campus is self-contained and includes all the necessary\n										amenities such as bars, shops, a sports centre, a bookshop and bus stops. It is\n										an open campus but very safe and offers 24-hour security. The sports facilities\n										are excellent with multi-purpose halls, squash courts, a climbing wall, playing\n										fields and many others.</span>\n									</p>\n\n									<p class="MsoNormal" style="font-weight: normal;">\n										<span style="font-weight: bold;">Campus Highlights/ Facilities</span>\n									</p>\n									<ul style="font-weight: normal;">\n										<li>\n											<span style="text-indent: -18pt;">- Green open spaces with beautiful views over the city</span>\n										</li>\n										<li>\n											<span style="text-indent: -18pt;">- Outdoor playing fields and an artificial football pitch</span>\n										</li>\n										<li>\n											<span style="text-indent: -18pt;">- Tennis courts</span>\n										</li>\n										<li>\n											<span style="text-indent: -18pt;">- Multi-purpose sports hall</span>\n										</li>\n										<li>\n											<span style="text-indent: -18pt;">- On-site cinema</span>\n										</li>\n										<li>\n											<span style="text-indent: -18pt;">- On-site bus stops</span>\n										</li>\n										<li>\n											<span style="text-indent: -18pt;">- On- site cafes, bars, a gift shop and supermarket</span>\n										</li>\n										<li>\n											<span style="text-indent: -18pt;">- Wi-Fi for students and staff.</span>\n										</li>\n									</ul>', 'canterbury', '51.280233', '1.0789089', 1, 0),
(5, 6, '1512540249.jpg', '<p>test<br></p>', 'test', '51.2775045', '1.0777892', 1, 0),
(2, 20, '1512091004.jpg', ' <div style="">Brighton is located on the south coast of England in East Sussex. It is only an hour away from Central London by train and 30 minutes away from London Gatwick, one of the main international airports in the UK. Brighton offers many attractions: The Royal Pavilion, great museums, a beautiful beach and superb shopping. Its famous seafront seafront and the Pier is full of amusements, rides and charming sea views. Brighton is home to beautiful Regency houses and colourful narrow shopping streets known as the Lanes, which are packed with vintage shops, cafes and restaurants. Nearby, there is the famous South Downs National Park with the dramatic Seven Sisters cliffs and beautiful&nbsp;English villages. It is a culturally vibrant destination&nbsp;that provides many events through&nbsp;the year: art and music festivals, horse races, beach and water-sports festival and many more .&nbsp;</div><div style=""><br></div><div style="">The PLUS centre is brand new with all the teaching, catering, accommodation and student social communal facilities located close together on this one campus. The campus is located about 4 miles to the north of Brighton making it an excellent base for exploring this corner of England on full day trips and local excursions. The town centre of Brighton is easily accessed by bus from a local bus stop or by train from Falmer, which is within walking distance. From this centre you can easily reach places like Eastbourne, Oxford, Cambridge, Arundel, Canterbury and of course central London with its fabulous museums and world class tourist attractions.</div><div style=""><div style="font-family: Arial, Verdana; font-size: 12px; font-style: normal; font-variant-ligatures: normal; font-variant-caps: normal; font-weight: normal;"><br></div><div style=""><div style=""><span style="font-family: Arial, Verdana; font-size: 12px; font-weight: bold;">Campus Highlights/ Facilities</span></div><div style=""><ul><li>- Green open spaces around the campus for students to relax</li><li>- Easy-access to Brighton city centre- a popular tourist destination</li><li>- Free Wi-Fi for students and group leaders</li><li>- Safe and secure environment</li><li>- Easy-access to the main international airports.</li></ul></div></div></div><br>						', 'brighton', '50.82253', '-0.137163', 1, 0),
(3, 3, '1512091407.jpg', ' <p class="MsoNormal" style="margin-bottom: 0.0001pt; text-align: justify;"><span style="font-weight: bold;">Chelmsford</span> is a city in Essex\r\nin the east of England. It is approximately 50km north east of London and there\r\nis a railway station with direct trains to London Liverpool Street in Central\r\nLondon (35 minutes travel time). Chelmsford is an urban area with a mix of\r\nVictorian and modern buildings and a vibrant city centre with two shopping\r\ncentres and a wide range of restaurants and pubs. Chelmsford is surrounded by many\r\nparks and picturesque English villages. Places to visit include Marsh Farm\r\nAnimal Adventure Park, Tropical Wings Zoo, Chelmsford Cathedral, Shire Hall, Chelmsford\r\nMuseum and many more.</p><p class="MsoNormal" style="margin-bottom: 0.0001pt; text-align: justify;"><span style="font-weight: bold;">The PLUS centre</span> is located at one of the largest agricultural\r\nuniversities in the UK. It is surrounded by its own farm, landscaped gardens\r\nand offers a secure university environment with plenty of open areas for\r\nrecreation. The campus is a self contained with lots of modern teaching, living\r\nand sporting facilities in modern brick buildings. The city centre is easily\r\naccessible from the campus by bus (15 minutes travel time). &nbsp;</p><p class="MsoNormal" style="font-weight: normal; margin-bottom: 0.0001pt; text-align: justify;"><o:p></o:p></p><div style="font-weight: normal;"><br></div><div style="font-weight: normal;"><span style="font-weight: bold;">Campus Highlights/ Facilities</span></div><div style="font-weight: normal;"><ul><li><span style="text-indent: -24px;">- Experience the magnificient British countryside thanks to a picturesque 220 hectare campus, including beautiful landscaped gardens</span></li><li><span style="text-indent: -18pt; text-align: justify;">- Self-contained campus with all facilities within\r\nwalking distance</span></li><li><span style="text-align: justify; text-indent: -18pt;">- Safe and secure environment</span></li><li><span style="text-indent: -18pt;">- Academy centre</span></li><li><span style="text-align: justify; text-indent: -18pt;">- Complimentary Wi-Fi for the students and group\r\nleaders</span></li><li><span style="text-align: justify; text-indent: -18pt;">- Outdoor sports facilities for football,\r\nbasketball, rugby, volleyball and tennis</span></li><li><span style="text-align: justify; text-indent: -18pt;">- Indoor sports hall</span></li><li><span style="text-align: justify; text-indent: -18pt;">- 24 hour CCTV.</span></li></ul></div><br>	', 'chelmsform', '51.7355868', '0.4685497', 1, 0),
(4, 7, '1512437788.jpg', '<p>libverpool edit<br></p>', 'liverpool', '53.4083714', '-2.9915726', 1, 0),
(6, 41, '1512540552.jpg', '<p>test<br></p>', 'chelmsford', '51.7355868', '0.4685497', 1, 0);

-- --------------------------------------------------------

--
-- Table structure for table `frontweb_junior_centre_photo_gallery`
--

DROP TABLE IF EXISTS `frontweb_junior_centre_photo_gallery`;
CREATE TABLE IF NOT EXISTS `frontweb_junior_centre_photo_gallery` (
  `junior_centre_photo_gallery_id` int(11) NOT NULL AUTO_INCREMENT COMMENT 'primary key',
  `short_description` varchar(255) DEFAULT NULL,
  `description` text,
  `photo` varchar(200) DEFAULT NULL,
  `sequence` int(11) DEFAULT NULL,
  `junior_centre_id` int(11) NOT NULL COMMENT 'foreign key',
  PRIMARY KEY (`junior_centre_photo_gallery_id`)
) ENGINE=MyISAM AUTO_INCREMENT=29 DEFAULT CHARSET=utf8;

--
-- Dumping data for table `frontweb_junior_centre_photo_gallery`
--

INSERT INTO `frontweb_junior_centre_photo_gallery` (`junior_centre_photo_gallery_id`, `short_description`, `description`, `photo`, `sequence`, `junior_centre_id`) VALUES
(1, 'The Campus', 'The Campus', '1513145812.jpeg', 1, 1),
(2, 'Bedroom', 'Bedroom', '1513146220.jpg', 2, 1),
(3, 'Building', 'Building', '1513146270.jpg', 3, 1),
(4, 'Cafeteria', 'Cafeteria', '1513146299.jpg', 4, 1),
(5, 'Bedroom', 'Bedroom', '1513146321.jpg', 5, 1),
(6, 'The Campus', 'The Campus', '1513147231.jpg', 1, 2),
(7, 'The Campus', 'The Campus', '1513147246.jpg', 2, 2),
(8, 'Bedroom', 'Bedroom', '1513147263.jpg', 3, 2),
(9, 'Cafeteria', 'Cafeteria', '1513147280.jpg', 4, 2),
(10, 'The Campus', 'The Campus', '1513148130.jpg', 2, 3),
(11, 'The Campus', 'The Campus', '1513149064.jpg', 1, 4),
(12, 'The Campus', 'The Campus', '1513157158.jpg', 1, 5),
(13, 'The Campus', 'The Campus', '1513157198.jpg', 1, 6),
(14, 'The Campus', 'The Campus', '1513157235.jpg', 1, 7),
(15, 'The Campus', 'The Campus', '1513157254.jpg', 1, 8),
(16, 'The Campus', 'The Campus', '1513157274.jpg', 1, 9),
(17, 'The Campus', 'The Campus', '1513157304.jpg', 1, 10),
(18, 'The Campus', 'The Campus', '1513157328.jpg', 1, 11),
(19, 'The Campus', 'The Campus', '1513157353.jpg', 1, 12),
(20, 'The Campus', 'The Campus', '1513157373.jpg', 1, 13),
(21, 'The Campus', 'The Campus', '1513157388.jpg', 1, 14),
(22, 'The Campus', 'The Campus', '1513157405.jpg', 1, 15),
(23, 'The Campus', 'The Campus', '1513157437.jpg', 1, 16),
(24, 'The Campus', 'The Campus', '1513157457.jpg', 1, 17),
(25, 'The Campus', 'The Campus', '1513157476.jpg', 1, 18),
(26, 'Cafeteria', 'Cafeteria', '1513158210.jpg', 3, 3),
(27, 'The Campus', 'The Campus', '1513161754.jpg', 1, 3),
(28, 'Class Room', 'Class Room', '1513161927.jpg', 2, 8);

-- --------------------------------------------------------

--
-- Table structure for table `frontweb_junior_centre_program`
--

DROP TABLE IF EXISTS `frontweb_junior_centre_program`;
CREATE TABLE IF NOT EXISTS `frontweb_junior_centre_program` (
  `junior_centre_program_id` int(11) NOT NULL AUTO_INCREMENT COMMENT 'primary key',
  `program_id` int(11) DEFAULT NULL,
  `program_details` text,
  `junior_centre_id` int(11) NOT NULL COMMENT 'foreign key',
  PRIMARY KEY (`junior_centre_program_id`)
) ENGINE=MyISAM AUTO_INCREMENT=72 DEFAULT CHARSET=utf8;

--
-- Dumping data for table `frontweb_junior_centre_program`
--

INSERT INTO `frontweb_junior_centre_program` (`junior_centre_program_id`, `program_id`, `program_details`, `junior_centre_id`) VALUES
(35, 2, 'A 2-week programme includes:<ul style="font-size: 12px;"><li><span style="font-size: small; font-family: Tahoma;" trebuchet="" ms";="" font-size:="" small;"="">- 1 Full Day Excursion&nbsp;to Belfast</span></li></ul><ul style="font-size: 12px;"><li><span style="font-size: small; font-family: Tahoma;" trebuchet="" ms";="" font-size:="" small;"="">- 1 Full Day Excursion&nbsp;to Powerscourt Gardens (entry ticket included), Bray and Howth</span></li></ul><ul style="font-size: 12px;"><li><span style="font-size: small; font-family: Tahoma;" trebuchet="" ms";="" font-size:="" small;"="">-&nbsp;1 Full Day Excursion&nbsp;to Dublin</span></li></ul><ul style="font-size: 12px;"><li><span style="font-size: small; font-family: Tahoma;" trebuchet="" ms";="" font-size:="" small;"="">- 3 Half Day Excursions&nbsp;to&nbsp;Dublin &amp; Book of Kells (entry ticket included)</span></li></ul><ul style="font-size: 12px;"><li><span style="font-size: small; font-family: Tahoma;" trebuchet="" ms";="" font-size:="" small;"="">- 1 Half Day Excursion&nbsp;to Malahide Castle (entry ticket included).</span></li></ul><span style="font-size: small; font-family: Tahoma;" trebuchet="" ms";="" font-size:="" small;"="">A&nbsp;3-week package includes:&nbsp;</span><ul style="font-size: 12px;"><li><span style="font-size: small; font-family: Tahoma;" trebuchet="" ms";="" font-size:="" small;"="">- 1 Full Day Excursion&nbsp;to Belfast</span></li></ul><ul style="font-size: 12px;"><li><span style="font-size: small; font-family: Tahoma;" trebuchet="" ms";="" font-size:="" small;"="">- 1 Full Day Excursion&nbsp;to Powerscourt Gardens (entry ticket included), Bray and Howth</span></li></ul><ul style="font-size: 12px;"><li><span style="font-size: small; font-family: Tahoma;" trebuchet="" ms";="" font-size:="" small;"="">-&nbsp;1 Full Day Excursion&nbsp;to Dublin</span></li></ul><ul style="font-size: 12px;"><li><span style="font-size: small; font-family: Tahoma;" trebuchet="" ms";="" font-size:="" small;"="">-&nbsp;1 Full Day Excursion&nbsp;to Kilkenny Castle (entry ticket included)</span></li></ul><ul style="font-size: 12px;"><li><span style="font-size: small; font-family: Tahoma;" trebuchet="" ms";="" font-size:="" small;"="">- 3 Half Day Excursions&nbsp;to Dublin &amp; Book of Kells (entry ticket included)</span></li></ul><ul style="font-size: 12px;"><li><span style="font-size: small; font-family: Tahoma;" trebuchet="" ms";="" font-size:="" small;"="">- 1 Half Day Excursion&nbsp;to Howth &amp; Malahide.</span></li></ul><span style="font-size: small; font-family: Tahoma;" trebuchet="" ms";="" font-size:="" small;"="">*All excursions include a walking tour and transport is provided by a&nbsp;<span style="text-decoration-line: underline;">Private Coach</span>&nbsp;and escorted by PLUS staff.&nbsp;</span>\n', 1),
(69, 6, '													A 2-week programme includes: <br>\n<ul style="font-weight: normal;"><li><span style="font-weight: bold;">- 1 Full Day Excursion</span> to San Diego visiting: La Jolla Beach, Mission Beach, Old Town and Gas Lamp District</li><li><span style="font-weight: bold;">- 1 Full Day Excursion</span> to Los Angeles visiting: Beverly Hills, Rodeo Drive, Hollywood Bus Tour with dinner at Hard Rock Cafe</li><li><span style="font-weight: bold;">- 1 Full Day Excursion</span> Los Angeles visiting: The Getty Museum, Venice Beach, Santa Monica</li><li><span style="font-weight: bold;">- 1 Full Day Excursion</span> to Los Angeles visiting: California Science Centre, LA Farmer''s Market & The Grove, Huntington Beach</li><li><span style="font-weight: bold;">- 1 Full Day Excursion</span> to Malibu and Santa Barbara</li><li><span style="font-weight: bold;">- 1 Full Day Excursion</span> to Los Angeles visiting Griffith Observatory, Downtown Los Angeles Bus Tour (Olvera Street, Union Station, pictures outside the Walt Disney Concert Hall and Staples Centre).</li></ul>\nIn addition, a 3-week programme includes:\n<br><ul style="font-weight: normal;"><li><span style="font-weight: bold;">- 1 Full Day Excursion</span> to Pasadena, Universal CityWalk. Optional excursion to Norton Simon Museum.</li><li><span style="font-weight: bold;">- 1 Full Day Excursion</span> to UCLA, Manhattan Beach, Roundhouse Aquarium</li><li><span style="font-weight: bold;">- 1 Full Day Excursion</span> to  LACMA, Melrose Avenue. </li><li><span style="font-weight: bold;">- 1 Full Day Excursion</span> to Six Flags</li><li><span style="font-weight: bold;">- 1 Half Day Excursion:</span> Shopping at outlets.</li></ul>												', 2),
(40, 5, '<div style="font-weight: normal;">A 2-week programme includes:&nbsp;</div><div><ul><li><span style="font-weight: bold;">A Weekend away</span> in Orlando/Miami (3 days/2 nights)</li><li>- A choice of Universal Studios or Universal''s Islands of Adventure</li><li>- NASA Kennedy Space Centre</li></ul><ul><li>- <span style="font-weight: bold;">1 Full Day Excursion</span> to Miami visiting: South Beach, Art Deco District and Lincoln Road Mall, Miami Duck Tour</li><li><span style="font-weight: normal;">- </span><span style="font-weight: bold;">1 Full Day Excursion</span> to Miami visiting: Miami Metromover, Perez Art Museum, Wynwood Walls, Bayside Marketplace and Hard Rock Cafe. Optional visit to take pictures of American Airlines and Miami Freedom Tower.&nbsp;</li><li><span style="font-weight: normal;">- </span><span style="font-weight: bold;">1 Full Day Excursion</span> to Miami visiting: Key Biscayne and Miami Seaquarium</li><li><span style="font-weight: normal;">- </span><span style="font-weight: bold;">1 Full Day Excursion</span> to Everglades including an Air Boat Tour, Alligator Farm and Dolphin Mall</li><li>-&nbsp;<span style="font-weight: bold;">1 Full Day Excursion</span>&nbsp;to Miami visiting:&nbsp;Boca Raton, Mizner Park (optional visit to Boca Raton Museum of Art), Red Reef Park (optional visit to Gumbo Limbo Nature Centre), Fort Lauderdale shopping and beach</li><li><span style="font-weight: normal;">- </span><span style="font-weight: bold;">1 Half Day Excursion</span> to Miami visiting: Hollywood, Florida Beach and Boardwalk</li><li><span style="font-weight: normal;">- </span><span style="font-weight: bold;">1 Half Day Excursion</span> to Miami: Aventura Mall (by shuttle)</li><li><span style="font-weight: normal;">- </span><span style="font-weight: bold;">1 Half Day Excursion</span> to Miami visiting: South Beach by night</li></ul></div><div style="font-weight: normal;">In addition, a 3-week programme includes:</div><div><ul><li>- <span style="font-weight: bold;">1 Full Day Excursion</span> with Island Queen Cruise and Sawgrass Mills</li><li><span style="font-weight: normal;">- </span><span style="font-weight: bold;">1 Full Day Excursion</span> to West Palm Beach</li><li><span style="font-weight: normal;">- </span><span style="font-weight: bold;">1 Half Day Excursion</span> to Vizcaya Museum and Gardens</li><li><span style="font-weight: normal;">- </span><span style="font-weight: bold;">1 Half Day Excursion</span> to Coral Gables Walking Tour and Shopping</li><li><span style="font-weight: normal;">- </span><span style="font-weight: bold;">1 Half Day Excursion</span> to the University of Miami and Lowe Art Museum.</li></ul></div><div style="font-weight: normal;">* All overnight excursions include half board with breakfast and dinner provided.</div><div style="font-weight: normal;">* All excursions are organised by private coach and supervised by PLUS USA staff.</div>', 4),
(41, 5, '<div style="font-weight: normal; font-family: Arial, Verdana; font-size: 12px; font-style: normal; font-variant-ligatures: normal; font-variant-caps: normal;">A 2-week Programme includes:</div><div style="font-weight: normal; font-family: Arial, Verdana; font-size: 12px; font-style: normal; font-variant-ligatures: normal; font-variant-caps: normal;"><span style="font-weight: bold;">A Weekend away to Washington DC</span> visiting<span style="font-weight: bold;">:</span>&nbsp;</div><div style="font-weight: normal; font-family: Arial, Verdana; font-size: 12px; font-style: normal; font-variant-ligatures: normal; font-variant-caps: normal;"><ul><li style="font-weight: normal;"><span style="font-weight: normal;">-&nbsp;</span>The National&nbsp;Museum of&nbsp;American History, Monuments and memorial tour</li><li style="font-weight: normal;"><span style="font-weight: normal;">    -</span>&nbsp;Photo opportunities at:The White House, US Capitol, Supreme Court and Library of Congress; visit the National Air and Space Museum.</li><li style="font-weight: normal;"><span style="font-weight: normal;">    - </span><span style="font-weight: bold;">1</span><span style="font-weight: normal;">&nbsp;</span><span style="font-weight: bold;">Full Day Excursion</span> to New York visiting: Central Park &amp; Strawberry Fields, Metropolitan Museum</li><li><span style="font-weight: normal;">- </span><span style="font-weight: bold;">1 Full Day Excursion</span> to New York visiting: Public Library, Grand Central Terminal, Top of the Rock and Rockefeller Plaza, shopping on 5th Avenue</li><li style="font-weight: normal;"><span style="font-weight: normal;">    - </span><span style="font-weight: bold;">1</span><span style="font-weight: normal;">&nbsp;</span><span style="font-weight: bold;">Full Day Excursion</span> to New York visiting: Statue of Liberty and Ellis Island</li><li style="font-weight: normal;">-&nbsp;<span style="font-weight: bold;">1</span>&nbsp;<span style="font-weight: bold;">Full Day Excursion</span>&nbsp;to New York with a walking tour of Downtown NY: Wall Street, Brooklyn Bridge, Battery Park, 9/11 Memorial, World Trade Centre Oculus. Optional Excursion to the Freedom Tower or National Museum of the American Indian.</li><li style="font-weight: normal;"><span style="font-weight: normal;">-&nbsp;</span><span style="font-weight: bold;">1</span>&nbsp;<span style="font-weight: bold;">Full Day Excursion</span>&nbsp;to New York visiting: A walking tour of Greenwich Village, Chelsea District and Midtown Manhattan, The High Line, Herald Square, Chelsea Market, Penn Station, Madison Square Garden. Optional visit to SoHo.&nbsp;</li><li><span style="font-weight: normal;">- </span><span style="font-weight: bold;">1 Full Day Excursion</span> to New York visiting a Broadway Show, Times Square, Hard Rock Cafe</li><li>-&nbsp;<span style="font-weight: bold;">1 Full Day Excursion</span>&nbsp;to New York visiting: Coney Island Beach and Broadwalk (optional visit to the Coney Island Amusement Centre and Aquarium)</li><li style="font-weight: normal;">-&nbsp;<span style="font-weight: bold;">1&nbsp;Half&nbsp;Day Excursion</span>&nbsp;to Princeton visiting: Princeton University and The Freedom Place</li><li style="font-weight: normal;">-&nbsp;<span style="font-weight: bold;">1&nbsp;Half&nbsp;Day Excursion</span>&nbsp;to Philadelphia visiting: National Constitution Centre and Liberty Bell.</li></ul></div><div style="font-weight: normal; font-family: Arial, Verdana; font-size: 12px; font-style: normal; font-variant-ligatures: normal; font-variant-caps: normal;">In addition, a 3-week Programme includes:</div><div style=""><ul style=""><li style=""><span style="font-weight: bold;">- 1 Full Day Excursion</span> to Ocean City Beach and Boardwalk</li><li style=""><span style="font-weight: bold;">-</span><span style="font-weight: normal;"> </span><span style="font-weight: bold;">1 Full Day Excursion</span> to Six Flags</li><li style=""><span style="font-weight: bold;">- 1 Full Day Excursion</span><span style="font-weight: normal;"> to New York visiting: Empire State Building (entrance fee included), Chinatown, Little Italy and SoHo</span></li><li style=""><span style="font-weight: bold;">- 1 Full Day Excursion</span><span style="font-weight: normal;"> to Philadelphia visiting: Philadelphia Museum of Art and Centre City</span></li><li style=""><span style="font-weight: bold;">- 1 Half Day Excursion</span><span style="font-weight: normal;"> to Delware River Tubing&nbsp;</span></li><li style=""><span style="font-weight: bold;">- 1 Half Day Excursion</span><span style="font-weight: normal;"> to The King of Prussia Mall</span></li></ul></div><div style="font-weight: normal; font-family: Arial, Verdana; font-size: 12px; font-style: normal; font-variant-ligatures: normal; font-variant-caps: normal;">* All overnight excursions include half board with breakfast and dinner provided.&nbsp;</div><div style="font-weight: normal; font-family: Arial, Verdana; font-size: 12px; font-style: normal; font-variant-ligatures: normal; font-variant-caps: normal;">* All excursions are organised by private coach and supervised by PLUS USA staff.</div>', 5),
(42, 1, 'A 2- week programme includes:<br><ul style="font-weight: normal;"><li>&nbsp; &nbsp; -<span style="font-weight: bold;"> 4&nbsp;Full Day Visits</span> to Edinburgh (travelcards and an entry ticket to the Edinburgh Castle included)</li><li style="font-weight: normal;">&nbsp; &nbsp; - <span style="font-weight: bold;">1 Full Day Excursion</span><span style="font-weight: normal;"> to St. Andrews and Glamis Castle (entry ticket to the castle included)&nbsp;</span></li><li style="font-weight: normal;"><span style="font-weight: normal;">&nbsp; &nbsp; - <span style="font-weight: bold;">1 Full Day</span> </span><span style="font-weight: bold;">Excursion</span> to Glasgow.</li></ul>A 3- week programme includes:<br><ul style="font-weight: normal;"><li>-<span style="font-weight: bold;">&nbsp;4&nbsp;Full Day Visits</span>&nbsp;to Edinburgh (travelcards and an entry ticket to the Edinburgh Castle included)</li><li>-&nbsp;<span style="font-weight: bold;">1 Full Day Excursion</span>&nbsp;to St. Andrews and Glamis Castle (entry ticket to the castle included)</li><li>-&nbsp;<span style="font-weight: bold;">1 Full Day</span>&nbsp;<span style="font-weight: bold;">Excursion</span>&nbsp;to Glasgow</li><li><span style="font-weight: bold;">- 1 Full Day Excursion</span> to Stirling.</li></ul>All excursions include a walking tour* and are organised by <span style="font-weight: bold;">Private Coach</span> and escorted by PLUS staff. ', 6),
(43, 1, '<div style="font-weight: normal;">A 2-week programme includes:&nbsp;</div><div><ul><li style="font-weight: normal;"><span style="font-weight: bold;">- 4 Full Day Excursions<span style="font-weight: normal;">&nbsp;to London (travelcards included)</span></span></li><li style="font-weight: normal;"><span style="font-weight: bold;">- 1 Full Day Excursion</span>&nbsp;to Brighton</li><li style="font-weight: normal;"><span style="font-weight: bold;">- 1 Full Day Excursion</span>&nbsp;to Cambridge</li></ul><div style="font-weight: normal;">A 3-week programme includes:</div><ul><li style="font-weight: normal;"><span style="font-weight: bold;">- 6 Full Day Excursions<span style="font-weight: normal;">&nbsp;to London (travelcards included)</span></span></li><li style="font-weight: normal;"><span style="font-weight: bold;">- 1 Full Day Excursion</span>&nbsp;to Brighton</li><li style="font-weight: normal;"><span style="font-weight: bold;">- 1 Full Day Excursion</span>&nbsp;to Cambridge</li><li><span style="font-weight: bold;">- 1 Full Day Excursion</span>&nbsp;to Oxford</li></ul></div>', 7),
(45, 1, '<div>A 2-week programme includes:<br><ul><li>-&nbsp;<span style="font-weight: bold;">5 Full Day Excursions</span>&nbsp;to London (travelcards and entry tickets to London Eye, River Cruise, Shakespeare''s Globe and a meal at Planet Hollywood or Hard Rock Café included) &nbsp;</li><li>- 1&nbsp;<span style="font-weight: bold;">Full Day Excursion</span>&nbsp;to Oxford</li><li>- 1&nbsp;<span style="font-weight: bold;">Full Day Excursion</span>&nbsp;to Brighton.</li></ul>A 3-week programme includes:<br><ul><li>- 7<span style="font-weight: bold;">&nbsp;Full Day Excursions</span>&nbsp;to London (travelcards and entry tickets to London Eye, River Cruise, Shakespeare''s Globe and a meal at Planet Hollywood or Hard Rock Café included)&nbsp;&nbsp;</li><li>- 1&nbsp;<span style="font-weight: bold;">Full Day Excursion</span>&nbsp;to Oxford</li><li>- 1&nbsp;<span style="font-weight: bold;">Full Day Excursion</span>&nbsp;to Brighton</li><li>- 1&nbsp;<span style="font-weight: bold;">Full Day Excursion</span>&nbsp;to Cambridge.</li></ul><div>*All excursions include a walking tour and transport is provided by&nbsp;<span style="font-weight: bold; text-decoration: underline;">Private Coach</span>&nbsp;and escorted by PLUS staff.</div></div>', 8),
(46, 2, '<span style="font-weight: normal;">A 2-week programme includes:&nbsp;<ul><li>- 1&nbsp;<span style="font-weight: bold;">Full Day Excursion</span> to Manchester</li><li>- 1&nbsp;<span style="font-weight: bold;">Full Day Excursion</span> to York (entry tickets to York Minister included)</li><li>- 1&nbsp;<span style="font-weight: bold;">Full Day Excursion</span> to Wales (entry ticket to Caernarfon Castle included)</li><li>-<span style="font-weight: bold;">&nbsp;1 Full Day Excursion</span> to Liverpool.</li></ul></span>A 3-week progrmme includes:<div><ul style="font-weight: normal;"><li>- 1&nbsp;<span style="font-weight: bold;">Full Day Excursion</span>&nbsp;to Manchester</li><li>- 1&nbsp;<span style="font-weight: bold;">Full Day Excursion</span>&nbsp;to York (entry tickets to York Minister included)</li><li>- 1&nbsp;<span style="font-weight: bold;">Full Day Excursion</span>&nbsp;to Wales (entry ticket to Caernarfon Castle included)</li><li>-<span style="font-weight: bold;">&nbsp;1 Full Day Excursion</span>&nbsp;to Liverpool</li><li>-&nbsp;&nbsp;<span style="font-weight: bold;">Full Day Excursion</span>&nbsp;to Stratford-Upon-Avon.</li></ul><div style="font-weight: normal;">*All excursions include a walking tour and transport is provided by Private Coach and escorted by PLUS staff.&nbsp;</div></div>', 9),
(47, 2, '<div style="font-weight: normal;">A 2-week programme includes:</div><div style=""><ul style=""><li style="font-weight: normal;">- <span style="font-weight: bold;">2&nbsp;Full Day Excursions</span> to Edinburgh (entry ticket to Edinburgh Castle included)</li><li style="font-weight: normal;"><span style="font-weight: normal;">- </span><span style="font-weight: bold;">1 Full Day Excursion</span> to Glasgow</li><li style="font-weight: normal;"><span style="font-weight: normal;">- </span><span style="font-weight: bold;">1 Full Day Excursion</span> to St Andrews and Glamis Castle (entry ticket to the castle included)</li><li style=""><span style="font-weight: bold;">- 1 Half Day Excursion</span><span style="font-weight: normal;"> to Stirling</span></li></ul><div style="font-weight: normal;">A 3-week programme includes:</div><div style=""><ul style=""><li style="font-weight: normal;"><span style="font-weight: normal;">- </span><span style="font-weight: bold;">2&nbsp;Full Day Excursions</span>&nbsp;to Edinburgh (entry ticket to Edinburgh Castle included)</li><li style="font-weight: normal;">-&nbsp;<span style="font-weight: bold;">1 Full Day Excursion</span>&nbsp;to Glasgow</li><li style="font-weight: normal;">-&nbsp;<span style="font-weight: bold;">1 Full Day Excursion</span>&nbsp;to St Andrews and Glamis Castle (entry ticket to the castle included)</li><li style="font-weight: normal;">-&nbsp;<span style="font-weight: bold;">1 Full Day Excursion</span>&nbsp;to Loch Lomond and The Trossachs National Park</li><li style=""><span style="font-weight: bold;">- 1 Half Day Excursion</span>&nbsp;to Stirling</li></ul></div>*All excursions include a walking tour* and transport is provided by Private Coach and escorted by PLUS staff.&nbsp;</div>', 10),
(70, 3, '													A 2-week programme includes: <br><ul style="font-weight: normal;"><li><span style="font-weight: bold;">- 2 Full Day Excursions </span>to London</li><li style="font-weight: normal;"><span style="font-weight: bold;">- 1 Full Day Excursion</span> to Oxford</li><li><span style="font-weight: bold;">- 1 Full Day Excursion </span>to Portsmouth.</li></ul><div style="font-weight: normal;">A 3-week programme includes:</div><div style="font-weight: normal;"><ul><li><span style="font-weight: bold;">- 2 Full Day Excursions </span>to London</li><li><span style="font-weight: bold;">- 1 Full Day Excursion</span> to Oxford</li><li><span style="font-weight: bold;">- 1 Full Day Excursion </span>to Portsmouth</li><li><span style="font-weight: bold;">- 1 Full Day Excursion</span> to Brighton.</li></ul><div>*All excursions include a walking tour and transport is provided by<span style="text-decoration: underline;"><span style="font-weight: bold;"> Private Coach</span></span> and escorted by PLUS staff.</div></div>												', 11),
(49, 3, 'A 2-week programme includes: <br><ul style=""><li style="">-<span style="font-weight: bold;"> 1&nbsp;Full Day Excursion</span> to London</li><li style=""><span style="font-weight: normal;">- </span><span style="font-weight: bold;">1</span>&nbsp;<span style="font-weight: bold;">Full Day Excursion</span> to Oxford</li><li style=""><span style="font-weight: normal;">-</span><span style="font-weight: bold;"> 1</span>&nbsp;<span style="font-weight: bold;">Half&nbsp;Day Excursion</span>&nbsp;to Windsor (entry ticket to Windsor Castle included).</li></ul>A 3-week programme includes:<br><ul style=""><li style="">- <span style="font-weight: bold;">2</span>&nbsp;<span style="font-weight: bold;">Full Day Excursion</span>&nbsp;to London</li><li style=""><span style="font-weight: normal;">- </span><span style="font-weight: bold;">1</span>&nbsp;<span style="font-weight: bold;">Full Day Excursion</span>&nbsp;to Oxford</li><li>-<span style="font-weight: bold;">&nbsp;1</span>&nbsp;<span style="font-weight: bold;">Half&nbsp;Day Excursion</span>&nbsp;to Windsor (entry ticket to Windsor Castle included).</li></ul><div style="font-weight: normal;">*All excursions include a walking tour and transport is provided by&nbsp;<span style="font-weight: bold; text-decoration: underline;">Private Coach</span>&nbsp;and escorted by PLUS staff.&nbsp;</div>', 12),
(71, 4, '													A 2-week programme includes:\n<br><ul style="font-weight: normal;"><li><span style="font-weight: bold;">- 2 Full Day Excursions</span> to London (late return; River Cruise included)</li><li><span style="font-weight: bold;">- 1 Full Day Excursion</span> to Cambridge.</li><li><span style="font-weight: bold;">- 1 Full Day Excursion</span> to Canterbury</li><li><span style="font-weight: bold;">- 1 Half Day Excursion</span> to Chelmsford.</li></ul>A  3-week programme includes:<div style="font-weight: normal;"><ul><li><span style="font-weight: bold;">- 2 Full Day Excursions</span> to London (late return; River Cruise included)</li><li><span style="font-weight: bold;">- 1 Full Day Excursion</span> to Cambridge.</li><li><span style="font-weight: bold;">- 1 Full Day Excursion</span> to Canterbury</li><li><span style="font-weight: bold;">- 1 Full Day Excursion</span> to Rochester and Whitstable</li><li><span style="font-weight: bold;">- 1 Half Day Excursion</span> to Chelmsford.</li></ul><div><div>*All excursions include a walking tour* and transport is provided by <span style="text-decoration: underline;"><span style="font-weight: bold;">Private Coach</span></span> and escorted by PLUS staff. </div></div></div>												', 13),
(51, 4, '<div style="font-weight: normal;">A 2-week programme includes:&nbsp;</div><div style=""><ul style=""><li style=""><span style="font-weight: bold;">- A weekend in London </span>(2 days, 1 night; River Cruise and a meal at Planet Hollywood or Hard Rock Café included, transfers to/from London to accommodation by private coach)</li><li style="font-weight: normal;"><span style="font-weight: bold;">- 1 Full Day Excursion&nbsp;</span>to Manchester</li><li style="font-weight: normal;"><span style="font-weight: bold;">- 1 Full Day Excursion</span>&nbsp;to York.</li></ul><div style="font-weight: normal;">A 3-week programme includes:&nbsp;</div></div><div style="font-weight: normal;"><ul><li><span style="font-weight: bold;">- A weekend in London&nbsp;</span>(2 days, 1 night; River Cruise and a meal at Planet Hollywood or Hard Rock Café&nbsp;included, transfers to/from London to accommodation by private coach)</li><li><span style="font-weight: bold;">- 1 Full Day Excursion&nbsp;</span>to Manchester</li><li><span style="font-weight: bold;">- 1 Full Day Excursion</span>&nbsp;to York</li><li><span style="font-weight: bold;">- 1 Full Day Excursion</span>&nbsp;to Cambridge.</li></ul><div><br></div></div><div style="font-weight: normal;">*All excursions include a walking tour and transport is provided by<span style="text-decoration: underline;"><span style="font-weight: bold;">&nbsp;Private Coach</span></span>&nbsp;and escorted by PLUS staff.&nbsp;</div>', 14),
(53, 7, '<p class="p2" style="font-weight: normal;">A 2-week programme includes:</p><ul style="font-weight: normal;"><li><span style="font-weight: bold;">- A weekend</span>&nbsp;in London (3 days 2 nights)</li><li><span style="font-weight: bold;">- 1 Full Day Excursion</span> to Manchester</li><li><span style="font-weight: bold;">- 5 Half Day Excursions</span> to Liverpool City Centre (travelcards included).</li></ul><div style="font-weight: normal;">A 3-week programme includes:</div><div style="font-weight: normal;"><ul><li><span style="font-weight: bold;">- A weekend</span>&nbsp;in London (3 days 2 nights)</li><li><span style="font-weight: bold;">- 1 Full Day Excursion</span>&nbsp;to Manchester</li><li><span style="font-weight: bold;">- 1 Full Day Excursion</span>&nbsp;to York</li><li><span style="font-weight: bold;">- 7 Half Day Excursions</span>&nbsp;to Liverpool City Centre (travelcards included).</li></ul><div>*All excursions include a walking tour and transport is provided by Private Coach and escorted by PLUS staff.</div></div>', 15),
(54, 5, '<p><span style="font-weight: normal; font-family: Arial, Verdana; font-size: 12px;">A 2-week programme includes:&nbsp;</span><br><ul style="font-weight: normal; font-family: Arial, Verdana; font-size: 12px; font-style: normal; font-variant-ligatures: normal; font-variant-caps: normal;"><li style=""><span style="font-weight: bold;">A weekend away</span>&nbsp;to either Niagara Falls or Boston (both 2 days/1 nights).</li></ul><span style="font-weight: bold; font-family: Arial, Verdana; font-size: 12px; font-style: normal; font-variant-ligatures: normal; font-variant-caps: normal;">Niagara Falls</span><br><ul style="font-weight: normal; font-family: Arial, Verdana; font-size: 12px; font-style: normal; font-variant-ligatures: normal; font-variant-caps: normal;"><li>- Niagara Falls by Night, Hard Rock Cafe</li><li>- Maid of the Mist boat tour, Woodbury Common Outlets</li></ul><span style="font-weight: bold; font-family: Arial, Verdana; font-size: 12px;">Boston</span><br><ul style="font-weight: normal; font-family: Arial, Verdana; font-size: 12px; font-style: normal; font-variant-ligatures: normal; font-variant-caps: normal;"><li>- Whale Watching, Faneuil Hall and Quincy Market</li><li>- Bunker Hill Monument, including a walking tour of the historic Freedom Trail, Boston Common, Boston Public Garden</li><li>- Harvard University and Cambridge, Shopping at Tanger Outlets</li></ul><span style="font-weight: normal; font-family: Arial, Verdana; font-size: 12px;"><br><ul style="font-family: Arial, Verdana; font-size: 12px; font-style: normal; font-variant-ligatures: normal; font-variant-caps: normal; font-weight: normal;"><li><span style="font-weight: bold;">- 1 Full Day Excursion</span>&nbsp;to New York visiting: Top of the Rock and the Rockefeller Plaza, Times Square dinner at Hard Rock Cafe (optional tour of Grand Central Terminal)</li><li><span style="font-weight: bold;">- 1 Full Day Excursion</span>&nbsp;to New York visiting: Lincoln Centre, Columbus Circle, Central Park, Strawberry Fields and &nbsp;Metropolitan Museum</li><li><span style="font-weight: bold;">- 1 Full Day Excursion</span>&nbsp;to New York with a walking tour of Greenwich Village &amp; SoHo, Chelsea District and Midtown Manhattan: High Line, Chelsea Market, Penn Station, Madison Square Garden, Herald Square, HBO Film Festival in Bryant Park (optional tour to Union Square and Flatiron Building)</li><li><span style="font-weight: bold;">- 1 Full Day Excursion</span>&nbsp;to New York visiting: Fifth Avenue, Museum of Modern Art (MoMa)</li><li><span style="font-weight: bold;">- 1 Full Day Excursion</span>&nbsp;to New York visiting: Statue of Liberty and Ellis Island, a walking tour of Downtown New York: Battery Park, Wall Street, 9/11 Memorial, World Trade Centre Oculus (optional visit to the Freedom Tower or National Museum of the American Indian)</li><li><span style="font-weight: bold;">- 1 Half Day Excursion</span>&nbsp;to New York visiting: Brooklyn Bridge, Chinatown, Little Italy</li><li><span style="font-weight: bold;">- 1 Half Day Excursion</span>&nbsp;to New York visiting Coney Island Beach, Boardwalk and Baseball Game (optional excursion to Coney Island Amusement Park and New York Aquarium).&nbsp;</li></ul></span><span style="font-weight: normal; font-family: Arial, Verdana; font-size: 12px;">In addition, a 3-week programme includes:</span><span style="font-family: Arial, Verdana; font-size: 12px;"><ul style=""><li style="font-weight: normal;"><span style="font-weight: bold;">- 1 Full Day Excursion</span>&nbsp;to Brooklyn: Brooklyn Botanic Garden, Williamsburg</li><li style="font-weight: normal;"><span style="font-weight: bold;">- 1 Full Day Excursion</span>&nbsp;to Six Flags</li><li style="font-weight: normal;"><span style="font-weight: bold;">- 1 Half Day Excursion</span>&nbsp;to Bronx Zoo</li><li style="font-weight: normal;"><span style="font-weight: bold;">- 1 Half Day Excursion</span>&nbsp;to Midtown East, Greenacre Park, Empire State Building</li><li style="font-weight: normal;"><span style="font-weight: bold;">- 1 Half Day Excursion</span>&nbsp;to Upper East Side and the Guggenheim</li><li style=""><span style="font-weight: bold;">- 1 Half Day Excursion</span> to the Met Cloisters and Columbia.</li></ul></span><span style="font-weight: normal; font-family: Arial, Verdana; font-size: 12px;">* All overnight excursions include half board with breakfast and dinner provided.&nbsp;</span></p><p><span style="font-weight: normal; font-family: Arial, Verdana; font-size: 12px;">* All excursions are organised by private coach and supervised by PLUS USA staff.</span></p>', 16),
(56, 1, '<div style="font-weight: normal;">A 2-week programme includes:&nbsp;</div><ul style=""><li style="font-weight: normal;"><span style="font-weight: bold;">- 1 Full Day Excursion</span>&nbsp;to London</li><li style="font-weight: normal;"><span style="font-weight: bold;">- 1 Full Day Excursion</span>&nbsp;to Cambridge</li><li style="">-&nbsp;<b>5 Half Day Excursions&nbsp;</b>to Brighton (travelcards included)</li></ul>A 3-week programme includes:<br><ul style=""><li><span style="font-weight: bold;">- 1 Full Day Excursion</span>&nbsp;to London</li><li><span style="font-weight: bold;">- 1 Full Day Excursion</span>&nbsp;to Cambridge</li><li><span style="font-weight: bold;">- 1 Full Day Excursion</span>&nbsp;to Portsmouth</li><li>-&nbsp;<b>5 Half Day Excursions&nbsp;</b>to Brighton (travelcards included)</li></ul>', 17),
(58, 1, '<span style="text-decoration: underline;">PROGRAMME HOTEL: CLASSIC&nbsp;&nbsp;</span><br><ul><li>- Accommodation is available in a 4 Star Hotel (half board with breakfast and dinner included)&nbsp;<br></li><li>- 15 hours of General English lessons per week<br></li><li>- Private transfer to the school</li><li>- Transfers to/from the airport</li></ul><span style="text-decoration: underline;">PROGRAMME HOMESTAY: CLASSIC&nbsp;&nbsp;</span><br><ul><li>- Family Accommodation (full board with packed lunch included);&nbsp; <br></li><li>- 15 hours of General English lessons per week;<br></li><li>- Transfers to the school</li><li>- Transfers to/from the airport</li><li>- 4 transfer to a beach per week</li><li>- One disco per week with transfers included&nbsp; &nbsp;</li></ul>', 18),
(62, 1, '													<div style="font-weight: normal;">A 2-week programme includes:&nbsp;</div><ul><li style="font-weight: normal;"><span style="font-weight: bold;">- 1 Full Day Excursions</span>&nbsp;to London (River Cruise included)</li><li style="font-weight: normal;"><span style="font-weight: bold;">- 1 Full Day Excursion</span>&nbsp;to Cambridge</li><li>- <span style="font-weight: bold;">1 Half Day Excursion</span> to Whitsable.</li></ul>\n<div style="font-weight: normal;">A&nbsp;&nbsp;3-week programme includes:</div><div><ul><li style="font-weight: normal;"><span style="font-weight: bold;">- 2 Full Day Excursions</span>&nbsp;to London (River Cruise included)</li><li style="font-weight: normal;"><span style="font-weight: bold;">- 1 Full Day Excursion</span>&nbsp;to Cambridge.</li><li>- <span style="font-weight: bold;">1 Half Day Excursions</span> to Whitstable.</li></ul></div>												', 3),
(63, 2, '																										<div>A 2-week programme includes: </div>\n<ul><li><span style="font-weight: bold;">- 2 Full Day Excursions</span> to London (River Cruise included)</li><li><span style="font-weight: bold;">- 1 Full Day Excursion</span> to Cambridge</li><li><span style="font-weight: bold;">- 1 Full Day Excursion</span> to Leeds Castle (entry ticket included) and White Cliffs</li><li><span style="font-weight: bold;">- 1 Half Day Excursion</span> to Whitstable</li><li><span style="font-weight: bold;">- 1 Half Day Excursion</span> to Rochester.</li></ul>\n<div>In addition, a 3-week programme includes:</div>\n<div><ul><li><span style="font-weight: bold;">- 3 Full Day Excursions</span> to London (River Cruise included)</li><li><span style="font-weight: bold;">- 1 Full Day Excursion</span> to Cambridge</li><li><span style="font-weight: bold;">- 1 Full Day Excursion</span> to Leeds Castle (entry ticket included)</li><li><span style="font-weight: bold;">- 1 Full Day Excursion</span> to Brighton</li><li><span style="font-weight: bold;">- 1 Half Day Excursion</span> to Whitstable</li><li><span style="font-weight: bold;">- 1 Half Day Excursion</span> to Rochester.</li></ul></div>\n<div style="font-weight: normal;">*All excursions include a walking tour* and transport is provided by <span style="text-decoration: underline;"><span style="font-weight: bold;">Private Coach</span></span> and escorted by PLUS staff. <br></div>																								', 3),
(68, 5, '													<div>A 2-week programme includes:<br><ul style="font-weight: normal;"><li><span style="font-weight: bold;">A weekend away</span> in Las Vegas & Grand Canyon (4 days/3 nights):</li><li>- A visit to Hoover Dam, Las Vegas Strip, dinner at Hard Rock Cafe and Fremont Street LED Experience and an optional limo tour of Las Vegas </li><li>- A visit to Grand Canyon and an overnight in Arizona</li><li>- A visit to Calico Ghost Town</li><li>- Shopping at outlets</li><li><span style="font-weight: bold;">- 1 Full Day Excursion</span> to San Diego visiting: La Jolla Beach, Mission Beach, Old Town and Gas Lamp District</li><li><span style="font-weight: bold;">- 1 Full Day Excursion</span> to Los Angeles visiting: Beverly Hills, Rodeo Drive, Hollywood Bus Tour with dinner at Hard Rock Cafe</li><li><span style="font-weight: bold;">- 1 Full Day Excursion</span> Los Angeles visiting: The Getty Museum, Venice Beach, Santa Monica</li><li><span style="font-weight: bold;">- 1 Full Day Excursion</span> to Los Angeles visiting: California Science Centre,  LA Farmer''s Market & The Grove, Huntington Beach</li><li><span style="font-weight: bold;">- 1 Full Day Excursion</span> to Malibu and Santa Barbara</li><li><span style="font-weight: bold;">- 1 Full Day Excursion</span> to Los Angeles visiting Griffith Observatory, Downtown Los Angeles Bus Tour (Olvera Street, Union Station, pictures outside the Walt Disney Concert Hall and Staples Centre).</li></ul>In addition, a 3-week programme includes: <br><ul style="font-weight: normal;"><li><span style="font-weight: bold;">- 1 Full Day Excursion</span> to Pasadena, Universal CityWalk. Optional excursion to Norton Simon Museum.</li><li><span style="font-weight: bold;">- 1 Full Day Excursion</span> to UCLA, Manhattan Beach, Roundhouse Aquarium</li><li><span style="font-weight: bold;">- 1 Full Day Excursion</span> to LACMA, Melrose Avenue.  </li><li><span style="font-weight: bold;">- 1 Full Day Excursion</span> to Six Flags</li><li><span style="font-weight: bold;">- 1 Half Day Excursion:</span> Shopping at Outlets.</li></ul>* All overnight excursions include half board with breakfast and dinner provided.</div><div>* All excursions are organised by private coach and supervised by PLUS USA staff.</div>												', 2),
(44, 2, 'A 2-week programme includes:\n<br><ul><li style="font-weight: normal;"><span style="font-weight: bold;">- 5 Full Day Excursions<span style="font-weight: normal;">&nbsp;to London&nbsp; (travelcards, entry tickets to London Eye, River Cruise, Shakespeare''s Globe and a meal at Planet Hollywood or Hard Rock Café included)</span></span></li><li style="font-weight: normal;"><span style="font-weight: bold;">- 1 Full Day Excursion</span>&nbsp;to Brighton</li><li style="font-weight: normal;"><span style="font-weight: bold;">- 1 Full Day Excursion</span> to Cambridge</li></ul>A 3-week programme includes:\n<br><ul style="font-weight: normal;"><li style="font-weight: normal;"><span style="font-weight: bold;">- 7 Full Day Excursions<span style="font-weight: normal;">&nbsp;to London&nbsp;</span></span>(travelcards, entry tickets to London Eye, River Cruise and Shakespeare''s Globe and a meal at Planet Hollywood or Hard Rock Café included)</li><li><span style="font-weight: bold;">- 1 Full Day Excursion</span>&nbsp;to Brighton</li><li style="font-weight: normal;"><span style="font-weight: bold;">- 1 Full Day Excursion</span>&nbsp;to Cambridge</li><li style="font-weight: normal;"><span style="font-weight: bold;">- 1 Full Day Excursion</span>&nbsp;to Oxford</li></ul><div style="font-weight: normal;">*All excursions include a walking tour and transport is provided by&nbsp;<span style="font-weight: bold;"><span style="text-decoration: underline;">Private Coach</span></span>&nbsp;and escorted by PLUS staff.&nbsp;</div>', 7),
(52, 7, '.', 14),
(55, 6, '<span style="font-weight: normal; font-family: Arial, Verdana; font-size: 12px;">A 2-week programme includes:&nbsp;</span><br><ul style="font-weight: normal; font-family: Arial, Verdana; font-size: 12px; font-style: normal; font-variant-ligatures: normal; font-variant-caps: normal;"><li style="font-weight: normal;">- <span style="font-weight: bold;">1 Full Day Excursion</span>&nbsp;to New York visiting: Top of the Rock and the Rockefeller Plaza, Times Square&nbsp;dinner at Hard Rock Cafe (optional tour of Grand Central Terminal)</li><li style=""><span style="font-weight: bold;">- 1 Full Day Excursion</span>&nbsp;to New York visiting: Lincoln Centre, Columbus Circle, Central Park, Strawberry Fields and &nbsp;Metropolitan Museum</li><li style=""><span style="font-weight: bold;">- 1 Full Day Excursion</span><span style="font-weight: normal;">&nbsp;to New York with a walking tour of Greenwich Village &amp; SoHo, Chelsea District and Midtown Manhattan: High Line, Chelsea Market, Penn Station, Madison Square Garden, Herald Square, HBO Film Festival in Bryant Park (optional tour to Union Square and Flatiron Building)</span></li><li style=""><span style="font-weight: bold;">- 1 Full Day Excursion</span><span style="font-weight: normal;">&nbsp;to New York visiting: Fifth Avenue, Museum of Modern Art (MoMa)</span></li><li style=""><span style="font-weight: bold;">- 1 Full Day Excursion</span><span style="font-weight: normal;">&nbsp;to New York visiting: Statue of Liberty and Ellis Island, a walking tour of Downtown New York: Battery Park, Wall Street, 9/11 Memorial, World Trade Centre Oculus (optional visit to the Freedom Tower or National Museum of the American Indian)</span></li><li style=""><span style="font-weight: bold;">- 1 Half Day Excursion</span><span style="font-weight: normal;">&nbsp;to New York visiting: Brooklyn Bridge, Chinatown, Little Italy</span></li><li style=""><span style="font-weight: bold;">- 1 Half Day Excursion</span><span style="font-weight: normal;">&nbsp;to New York visiting Coney Island Beach, Boardwalk and Baseball Game (optional excursion to Coney Island Amusement Park and New York Aquarium).&nbsp;</span></li><li style=""><span style="font-weight: bold;">- 1 Half Day Excursion</span><span style="font-weight: normal;"> to Woodbury Common Outlets.</span></li></ul><span style="font-weight: normal; font-family: Arial, Verdana; font-size: 12px;">In addition, a 3-week programme includes:</span><ul style="font-family: Arial, Verdana; font-size: 12px; font-style: normal; font-variant-ligatures: normal; font-variant-caps: normal;"><li style="font-weight: normal;"><span style="font-weight: bold;">- 1 Full Day Excursion</span><span style="font-weight: normal;">&nbsp;to Brooklyn: Brooklyn Botanic Garden, Williamsburg</span></li><li style="font-weight: normal;"><span style="font-weight: bold;">- 1 Full Day Excursion</span><span style="font-weight: normal;">&nbsp;to Six Flags</span></li><li style="font-weight: normal;"><span style="font-weight: bold;">- 1 Half Day Excursion</span><span style="font-weight: normal;">&nbsp;to Bronx Zoo</span></li><li style="font-weight: normal;"><span style="font-weight: bold;">- 1 Half Day Excursion</span><span style="font-weight: normal;">&nbsp;to Midtown East, Greenacre Park, Empire State Building</span></li><li style="font-weight: normal;"><span style="font-weight: bold;">- 1 Half Day Excursion</span><span style="font-weight: normal;">&nbsp;to Upper East Side and the Guggenheim.</span></li><li style=""><span style="font-weight: bold;">- 1 Half Day Excursion</span><span style="font-weight: normal;"> to the Met Cloisters and Columbia</span></li></ul>', 16),
(57, 2, '<div style="font-weight: normal;">A 2-week programme includes:&nbsp;</div><ul style=""><li style="font-weight: normal;"><span style="font-weight: bold;">- 2 Full Day Excursions</span>&nbsp;to London</li><li style="font-weight: normal;"><span style="font-weight: bold;">- 1 Full Day Excursion</span>&nbsp;to Cambridge</li><li style="font-weight: normal;"><span style="font-weight: bold;">- 1 Full Day Excursion</span>&nbsp;to Oxford</li><li style="">- <span style="font-weight: bold;">5 Half Day&nbsp;</span><span style="font-weight: bold;">Excursions</span>&nbsp;to Brighton (travelcards included)&nbsp;</li></ul>A 3-week programme includes: <br><ul style=""><li><span style="font-weight: bold;">- 2 Full Day Excursions</span>&nbsp;to London</li><li><span style="font-weight: bold;">- 1 Full Day Excursion</span>&nbsp;to Cambridge</li><li><span style="font-weight: bold;">- 1 Full Day Excursion</span>&nbsp;to Oxford</li><li><span style="font-weight: bold;">- 1 Full Day Excursion</span>&nbsp;to Portsmouth</li><li>-&nbsp;<span style="font-weight: bold;">5 Half Day&nbsp;</span><span style="font-weight: bold;">Excursions</span>&nbsp;to Brighton (travelcards included)&nbsp;</li></ul><div style="font-weight: normal;">*All excursions include a walking tour* and transport for full day trips is provided by&nbsp;<span style="text-decoration-line: underline;"><span style="font-weight: bold;">Private Coach</span></span>&nbsp;and escorted by PLUS staff.&nbsp;</div>', 17),
(59, 2, '<ul><li>- Accommodation:&nbsp;4 Star Hotel; 3 Star Hotel or Homestay&nbsp;&nbsp;</li><li>- 15 hours of General English lessons per week</li><li>- Private transfers to school</li><li>- Transfer to/from the airport</li><li>- La Valletta &amp; Golden Bay</li><li>- Ghajn Tuffieha</li><li>- Sliema</li><li>- Comino Island</li><li>- 2 Disco Nights</li><li>- 1 Beach Game</li><li>- 1 Evening in the City Centre</li><li>- 1 Beach Party</li><li>- 1 Weekend trip Beach Sunday</li></ul>', 18);

-- --------------------------------------------------------

--
-- Table structure for table `frontweb_junior_centre_video_gallery`
--

DROP TABLE IF EXISTS `frontweb_junior_centre_video_gallery`;
CREATE TABLE IF NOT EXISTS `frontweb_junior_centre_video_gallery` (
  `junior_centre_video_gallery_id` int(11) NOT NULL AUTO_INCREMENT COMMENT 'primary key',
  `video_url` varchar(255) DEFAULT NULL,
  `description` text,
  `video_image` varchar(200) DEFAULT NULL,
  `sequence` int(11) DEFAULT NULL,
  `junior_centre_id` int(11) NOT NULL COMMENT 'foreign key',
  PRIMARY KEY (`junior_centre_video_gallery_id`)
) ENGINE=MyISAM AUTO_INCREMENT=19 DEFAULT CHARSET=utf8;

--
-- Dumping data for table `frontweb_junior_centre_video_gallery`
--

INSERT INTO `frontweb_junior_centre_video_gallery` (`junior_centre_video_gallery_id`, `video_url`, `description`, `video_image`, `sequence`, `junior_centre_id`) VALUES
(3, 'https://vimeo.com/203452730', 'Location', '1513147389.jpg', 1, 2),
(4, 'https://vimeo.com/203452650', 'Campus', '1513147406.jpg', 2, 2),
(6, 'https://vimeo.com/203452787', 'Campus Location', '1513149099.jpg', 1, 4),
(7, 'https://vimeo.com/203453236', 'Campus Location', '1513157585.jpg', 1, 5),
(8, 'https://vimeo.com/200796379', 'Commercial ', '1513157662.jpg', 1, 7),
(17, 'https://vimeo.com/200796403', 'test description', '1519038000.jpg', 1, 3),
(18, 'https://vimeo.com/200796403', 'test now', '1519088552.jpg', 1, 14),
(12, 'https://vimeo.com/200796403', 'test', '1519034265.jpg', 2, 4),
(14, 'https://vimeo.com/200796403', 'test', '1519035374.jpg', 4, 4);

-- --------------------------------------------------------

--
-- Table structure for table `frontweb_junior_centre_walking_tour`
--

DROP TABLE IF EXISTS `frontweb_junior_centre_walking_tour`;
CREATE TABLE IF NOT EXISTS `frontweb_junior_centre_walking_tour` (
  `id` int(11) NOT NULL AUTO_INCREMENT COMMENT 'primary key',
  `file_name` varchar(200) DEFAULT NULL,
  `file_description` text,
  `junior_centre_id` int(11) NOT NULL COMMENT 'foreign key',
  PRIMARY KEY (`id`)
) ENGINE=MyISAM AUTO_INCREMENT=2 DEFAULT CHARSET=utf8;

--
-- Dumping data for table `frontweb_junior_centre_walking_tour`
--

INSERT INTO `frontweb_junior_centre_walking_tour` (`id`, `file_name`, `file_description`, `junior_centre_id`) VALUES
(1, '1519088518.pdf', 'test now', 14);

-- --------------------------------------------------------

--
-- Table structure for table `frontweb_junior_ministay`
--

DROP TABLE IF EXISTS `frontweb_junior_ministay`;
CREATE TABLE IF NOT EXISTS `frontweb_junior_ministay` (
  `junior_ministay_id` int(11) NOT NULL AUTO_INCREMENT COMMENT 'primary key',
  `centre_id` int(11) DEFAULT NULL,
  `centre_banner` varchar(200) DEFAULT NULL,
  `accomodation_show_flag` tinyint(1) DEFAULT NULL COMMENT '1:show & 0:not show',
  `plus_team_show_flag` tinyint(1) DEFAULT NULL COMMENT '1:show & 0:not show',
  `course_show_flag` tinyint(1) DEFAULT NULL COMMENT '1:show & 0:not show',
  `accommodation` text,
  `course` text,
  `junior_ministay_status` tinyint(1) NOT NULL DEFAULT '1' COMMENT '1:Active & 0:Inactive',
  `delete_flag` tinyint(1) NOT NULL DEFAULT '0' COMMENT '0:not delete & 1:delete',
  PRIMARY KEY (`junior_ministay_id`)
) ENGINE=MyISAM AUTO_INCREMENT=12 DEFAULT CHARSET=utf8;

--
-- Dumping data for table `frontweb_junior_ministay`
--

INSERT INTO `frontweb_junior_ministay` (`junior_ministay_id`, `centre_id`, `centre_banner`, `accomodation_show_flag`, `plus_team_show_flag`, `course_show_flag`, `accommodation`, `course`, `junior_ministay_status`, `delete_flag`) VALUES
(1, 73, '1513601641.jpg', 1, 1, 1, '<p class="MsoNormal" style="font-weight: normal; margin: 0 0 10px; font-size: 13px; color: #7b7b7b; line-height: 1.6;">Your new home abroad is an important part of your study experience, and we believe that time outside of school will help you learn more effectively in the classroom. We select all our accommodation carefully to ensure that you are comfortable, safe and happy during your stay.</p>\r\n<div class="row" style="clear: both; margin-right: -15px; margin-left: -15px;">\r\n<div class="col-12" style="padding: 10px;">\r\n<h2 class="negativo" style="padding-left: 4px; background-color: #3c7099; padding: 10px 0; color: #fff; border-radius: 4px 4px 4px 4px; font-size: 21px;"><span style="padding-left: 5px;">On Campus</span></h2>\r\n<div style="padding: 4px; background-color: #fafafa;"><img style="width: 100%; height: 183px;" src="../../../../uploads/tinymce/collegefrontale.jpg?1515412862363" alt="collegefrontale" />\r\n<p style="font-weight: normal; margin: 0 0 10px; font-size: 13px; color: #7b7b7b; line-height: 1.6;">Your new home abroad is an important part of your study experience, and we believe that time outside of school will help you learn more effectively in the classroom. We select all our accommodation carefully to ensure that you are comfortable, safe and happy during your stay.Our residences are a really fun, international environment where students from around the world live together and get to use English as the only true way of global communication. The residences are supervised by staff who are on hand to helps students day and night. Each residential centre differs slightly in the room and bathroom type, so please take a look at the programme pages in this brochure. Residential accommodation is popular with parents who are sending younger children or those who want their children to experience the tremendous fun of college life</p>\r\n</div>\r\n</div>\r\n<div class="col-12" style="padding: 10px;">\r\n<h2 class="negativo" style="padding-left: 4px; background-color: #3c7099; padding: 10px 0; color: #fff; border-radius: 4px 4px 4px 4px; font-size: 21px;"><span style="padding-left: 5px;">Home Stay</span></h2>\r\n<div style="padding: 4px; background-color: #fafafa;"><img style="width: 100%; height: 183px;" src="../../../../uploads/tinymce/casafamiglia.jpg?1515413045302" alt="casafamiglia" />\r\n<p style="font-weight: normal; margin: 0 0 10px; font-size: 13px; color: #7b7b7b; line-height: 1.6;">Our hosts have been chosen for their interest in welcoming young people from around the world. They are picked because of the care and comfort they can offer to students who may be travelling overseas for the first time. Choosing to stay in home stay is the right option for those who want to experience real life living in that country: it will give a student the opportunity to use English in a real environment and integrate with the family. Home stay is often the first choice for slightly older students.</p>\r\n</div>\r\n</div>\r\n</div>', '<div class="row" style="clear: both; margin-right: -15px; margin-left: -15px;">\r\n<div class="col-12">\r\n<div style="padding: 4px; background-color: #fafafa;"><img style="width: 100%; height: 183px;" src="../../../../uploads/tinymce/2015117-18245511-4544-group-study1.jpg?1515413764611" alt="2015117-18245511-4544-group-study1" /><br />\r\n<ul style="font-weight: normal; margin-top: 10px; margin-bottom: 10px;">\r\n<li><span style="text-indent: -18pt;">- Placement test - written and oral test</span></li>\r\n<li><span style="text-indent: -18pt;">- 15 hours English lessons per week</span></li>\r\n<li><span style="text-indent: -18pt;">- Maximum class size 15 students</span></li>\r\n<li><span style="text-indent: -18pt;">- PLUS text book and all supplementary material for the course</span></li>\r\n<li><span style="text-indent: -18pt;">- PLUS end of course certificate </span></li>\r\n</ul>\r\n</div>\r\n</div>\r\n</div>', 1, 0),
(2, 48, '1513601921.jpg', 1, 1, 1, '<p class="MsoNormal" style="font-weight: normal; margin: 0 0 10px; font-size: 13px; color: #7b7b7b; line-height: 1.6;">Your new home abroad is an important part of your study experience, and we believe that time outside of school will help you learn more effectively in the classroom. We select all our accommodation carefully to ensure that you are comfortable, safe and happy during your stay.</p>\r\n<div class="row" style="clear: both; margin-right: -15px; margin-left: -15px;">\r\n<div class="col-12" style="padding: 10px;">\r\n<h2 class="negativo" style="padding-left: 4px; background-color: #3c7099; padding: 10px 0; color: #fff; border-radius: 4px 4px 4px 4px; font-size: 21px;"><span style="padding-left: 5px;">On Campus</span></h2>\r\n<div style="padding: 4px; background-color: #fafafa;"><img style="width: 100%; height: 183px;" src="../../../../uploads/tinymce/collegefrontale.jpg?1515412862363" alt="collegefrontale" />\r\n<p style="font-weight: normal; margin: 0 0 10px; font-size: 13px; color: #7b7b7b; line-height: 1.6;">Your new home abroad is an important part of your study experience, and we believe that time outside of school will help you learn more effectively in the classroom. We select all our accommodation carefully to ensure that you are comfortable, safe and happy during your stay.Our residences are a really fun, international environment where students from around the world live together and get to use English as the only true way of global communication. The residences are supervised by staff who are on hand to helps students day and night. Each residential centre differs slightly in the room and bathroom type, so please take a look at the programme pages in this brochure. Residential accommodation is popular with parents who are sending younger children or those who want their children to experience the tremendous fun of college life</p>\r\n</div>\r\n</div>\r\n<div class="col-12" style="padding: 10px;">\r\n<h2 class="negativo" style="padding-left: 4px; background-color: #3c7099; padding: 10px 0; color: #fff; border-radius: 4px 4px 4px 4px; font-size: 21px;"><span style="padding-left: 5px;">Home Stay</span></h2>\r\n<div style="padding: 4px; background-color: #fafafa;"><img style="width: 100%; height: 183px;" src="../../../../uploads/tinymce/casafamiglia.jpg?1515413045302" alt="casafamiglia" />\r\n<p style="font-weight: normal; margin: 0 0 10px; font-size: 13px; color: #7b7b7b; line-height: 1.6;">Our hosts have been chosen for their interest in welcoming young people from around the world. They are picked because of the care and comfort they can offer to students who may be travelling overseas for the first time. Choosing to stay in home stay is the right option for those who want to experience real life living in that country: it will give a student the opportunity to use English in a real environment and integrate with the family. Home stay is often the first choice for slightly older students.</p>\r\n</div>\r\n</div>\r\n</div>', '<div class="row" style="clear: both; margin-right: -15px; margin-left: -15px;">\r\n<div class="col-12">\r\n<div style="padding: 4px; background-color: #fafafa;"><img style="width: 100%; height: 183px;" src="../../../../uploads/tinymce/2015117-18245511-4544-group-study1.jpg?1515413764611" alt="2015117-18245511-4544-group-study1" /><br />\r\n<ul style="font-weight: normal; margin-top: 10px; margin-bottom: 10px;">\r\n<li><span style="text-indent: -18pt;">- Placement test - written and oral test</span></li>\r\n<li><span style="text-indent: -18pt;">- 15 hours English lessons per week</span></li>\r\n<li><span style="text-indent: -18pt;">- Maximum class size 15 students</span></li>\r\n<li><span style="text-indent: -18pt;">- PLUS text book and all supplementary material for the course</span></li>\r\n<li><span style="text-indent: -18pt;">- PLUS end of course certificate </span></li>\r\n</ul>\r\n</div>\r\n</div>\r\n</div>', 1, 0),
(3, 68, '1513601965.jpg', 1, NULL, 1, '<p class="MsoNormal" style="font-weight: normal; margin: 0 0 10px; font-size: 13px; color: #7b7b7b; line-height: 1.6;">Your new home abroad is an important part of your study experience, and we believe that time outside of school will help you learn more effectively in the classroom. We select all our accommodation carefully to ensure that you are comfortable, safe and happy during your stay.</p>\n<div class="row" style="clear: both; margin-right: -15px; margin-left: -15px;">\n<div class="col-12" style="padding: 10px;">\n<h2 class="negativo" style="padding-left: 4px; background-color: #3c7099; padding: 10px 0; color: #fff; border-radius: 4px 4px 4px 4px; font-size: 21px;"><span style="padding-left: 5px;">On Campus</span></h2>\n<div style="padding: 4px; background-color: #fafafa;"><img style="width: 100%; height: 183px;" src="../../../../uploads/tinymce/collegefrontale.jpg?1515412862363" alt="collegefrontale" />\n<p style="font-weight: normal; margin: 0 0 10px; font-size: 13px; color: #7b7b7b; line-height: 1.6;">Your new home abroad is an important part of your study experience, and we believe that time outside of school will help you learn more effectively in the classroom. We select all our accommodation carefully to ensure that you are comfortable, safe and happy during your stay.Our residences are a really fun, international environment where students from around the world live together and get to use English as the only true way of global communication. The residences are supervised by staff who are on hand to helps students day and night. Each residential centre differs slightly in the room and bathroom type, so please take a look at the programme pages in this brochure. Residential accommodation is popular with parents who are sending younger children or those who want their children to experience the tremendous fun of college life</p>\n</div>\n</div>\n<div class="col-12" style="padding: 10px;">\n<h2 class="negativo" style="padding-left: 4px; background-color: #3c7099; padding: 10px 0; color: #fff; border-radius: 4px 4px 4px 4px; font-size: 21px;"><span style="padding-left: 5px;">Home Stay</span></h2>\n<div style="padding: 4px; background-color: #fafafa;"><img style="width: 100%; height: 183px;" src="../../../../uploads/tinymce/casafamiglia.jpg?1515413045302" alt="casafamiglia" />\n<p style="font-weight: normal; margin: 0 0 10px; font-size: 13px; color: #7b7b7b; line-height: 1.6;">Our hosts have been chosen for their interest in welcoming young people from around the world. They are picked because of the care and comfort they can offer to students who may be travelling overseas for the first time. Choosing to stay in home stay is the right option for those who want to experience real life living in that country: it will give a student the opportunity to use English in a real environment and integrate with the family. Home stay is often the first choice for slightly older students....</p>\n</div>\n</div>\n</div>', '<div class="row" style="clear: both; margin-right: -15px; margin-left: -15px;">\n<div class="col-12">\n<div style="padding: 4px; background-color: #fafafa;"><img style="width: 100%; height: 183px;" src="../../../../uploads/tinymce/2015117-18245511-4544-group-study1.jpg?1515413764611" alt="2015117-18245511-4544-group-study1" /><br />\n<ul style="font-weight: normal; margin-top: 10px; margin-bottom: 10px;">\n<li><span style="text-indent: -18pt;">- Placement test - written and oral test</span></li>\n<li><span style="text-indent: -18pt;">- 15 hours English lessons per week</span></li>\n<li><span style="text-indent: -18pt;">- Maximum class size 15 students</span></li>\n<li><span style="text-indent: -18pt;">- PLUS text book and all supplementary material for the course</span></li>\n<li><span style="text-indent: -18pt;">- PLUS end of course certificate... </span></li>\n</ul>\n</div>\n</div>\n</div>', 1, 0),
(4, 69, '1513601992.jpg', NULL, NULL, NULL, '<p class="MsoNormal" style="font-weight: normal; margin: 0 0 10px; font-size: 13px; color: #7b7b7b; line-height: 1.6;">Your new home abroad is an important part of your study experience, and we believe that time outside of school will help you learn more effectively in the classroom. We select all our accommodation carefully to ensure that you are comfortable, safe and happy during your stay.</p>\r\n<div class="row" style="clear: both; margin-right: -15px; margin-left: -15px;">\r\n<div class="col-12" style="padding: 10px;">\r\n<h2 class="negativo" style="padding-left: 4px; background-color: #3c7099; padding: 10px 0; color: #fff; border-radius: 4px 4px 4px 4px; font-size: 21px;"><span style="padding-left: 5px;">On Campus</span></h2>\r\n<div style="padding: 4px; background-color: #fafafa;"><img style="width: 100%; height: 183px;" src="../../../../uploads/tinymce/collegefrontale.jpg?1515412862363" alt="collegefrontale" />\r\n<p style="font-weight: normal; margin: 0 0 10px; font-size: 13px; color: #7b7b7b; line-height: 1.6;">Your new home abroad is an important part of your study experience, and we believe that time outside of school will help you learn more effectively in the classroom. We select all our accommodation carefully to ensure that you are comfortable, safe and happy during your stay.Our residences are a really fun, international environment where students from around the world live together and get to use English as the only true way of global communication. The residences are supervised by staff who are on hand to helps students day and night. Each residential centre differs slightly in the room and bathroom type, so please take a look at the programme pages in this brochure. Residential accommodation is popular with parents who are sending younger children or those who want their children to experience the tremendous fun of college life</p>\r\n</div>\r\n</div>\r\n<div class="col-12" style="padding: 10px;">\r\n<h2 class="negativo" style="padding-left: 4px; background-color: #3c7099; padding: 10px 0; color: #fff; border-radius: 4px 4px 4px 4px; font-size: 21px;"><span style="padding-left: 5px;">Home Stay</span></h2>\r\n<div style="padding: 4px; background-color: #fafafa;"><img style="width: 100%; height: 183px;" src="../../../../uploads/tinymce/casafamiglia.jpg?1515413045302" alt="casafamiglia" />\r\n<p style="font-weight: normal; margin: 0 0 10px; font-size: 13px; color: #7b7b7b; line-height: 1.6;">Our hosts have been chosen for their interest in welcoming young people from around the world. They are picked because of the care and comfort they can offer to students who may be travelling overseas for the first time. Choosing to stay in home stay is the right option for those who want to experience real life living in that country: it will give a student the opportunity to use English in a real environment and integrate with the family. Home stay is often the first choice for slightly older students.</p>\r\n</div>\r\n</div>\r\n</div>', '<div class="row" style="clear: both; margin-right: -15px; margin-left: -15px;">\r\n<div class="col-12">\r\n<div style="padding: 4px; background-color: #fafafa;"><img style="width: 100%; height: 183px;" src="../../../../uploads/tinymce/2015117-18245511-4544-group-study1.jpg?1515413764611" alt="2015117-18245511-4544-group-study1" /><br />\r\n<ul style="font-weight: normal; margin-top: 10px; margin-bottom: 10px;">\r\n<li><span style="text-indent: -18pt;">- Placement test - written and oral test</span></li>\r\n<li><span style="text-indent: -18pt;">- 15 hours English lessons per week</span></li>\r\n<li><span style="text-indent: -18pt;">- Maximum class size 15 students</span></li>\r\n<li><span style="text-indent: -18pt;">- PLUS text book and all supplementary material for the course</span></li>\r\n<li><span style="text-indent: -18pt;">- PLUS end of course certificate </span></li>\r\n</ul>\r\n</div>\r\n</div>\r\n</div>', 1, 0),
(5, 70, '1513558820.jpeg', NULL, NULL, NULL, '<p class="MsoNormal" style="font-weight: normal; margin: 0 0 10px; font-size: 13px; color: #7b7b7b; line-height: 1.6;">Your new home abroad is an important part of your study experience, and we believe that time outside of school will help you learn more effectively in the classroom. We select all our accommodation carefully to ensure that you are comfortable, safe and happy during your stay.</p>\r\n<div class="row" style="clear: both; margin-right: -15px; margin-left: -15px;">\r\n<div class="col-12" style="padding: 10px;">\r\n<h2 class="negativo" style="padding-left: 4px; background-color: #3c7099; padding: 10px 0; color: #fff; border-radius: 4px 4px 4px 4px; font-size: 21px;"><span style="padding-left: 5px;">On Campus</span></h2>\r\n<div style="padding: 4px; background-color: #fafafa;"><img style="width: 100%; height: 183px;" src="../../../../uploads/tinymce/collegefrontale.jpg?1515412862363" alt="collegefrontale" />\r\n<p style="font-weight: normal; margin: 0 0 10px; font-size: 13px; color: #7b7b7b; line-height: 1.6;">Your new home abroad is an important part of your study experience, and we believe that time outside of school will help you learn more effectively in the classroom. We select all our accommodation carefully to ensure that you are comfortable, safe and happy during your stay.Our residences are a really fun, international environment where students from around the world live together and get to use English as the only true way of global communication. The residences are supervised by staff who are on hand to helps students day and night. Each residential centre differs slightly in the room and bathroom type, so please take a look at the programme pages in this brochure. Residential accommodation is popular with parents who are sending younger children or those who want their children to experience the tremendous fun of college life</p>\r\n</div>\r\n</div>\r\n<div class="col-12" style="padding: 10px;">\r\n<h2 class="negativo" style="padding-left: 4px; background-color: #3c7099; padding: 10px 0; color: #fff; border-radius: 4px 4px 4px 4px; font-size: 21px;"><span style="padding-left: 5px;">Home Stay</span></h2>\r\n<div style="padding: 4px; background-color: #fafafa;"><img style="width: 100%; height: 183px;" src="../../../../uploads/tinymce/casafamiglia.jpg?1515413045302" alt="casafamiglia" />\r\n<p style="font-weight: normal; margin: 0 0 10px; font-size: 13px; color: #7b7b7b; line-height: 1.6;">Our hosts have been chosen for their interest in welcoming young people from around the world. They are picked because of the care and comfort they can offer to students who may be travelling overseas for the first time. Choosing to stay in home stay is the right option for those who want to experience real life living in that country: it will give a student the opportunity to use English in a real environment and integrate with the family. Home stay is often the first choice for slightly older students.</p>\r\n</div>\r\n</div>\r\n</div>', '<div class="row" style="clear: both; margin-right: -15px; margin-left: -15px;">\r\n<div class="col-12">\r\n<div style="padding: 4px; background-color: #fafafa;"><img style="width: 100%; height: 183px;" src="../../../../uploads/tinymce/2015117-18245511-4544-group-study1.jpg?1515413764611" alt="2015117-18245511-4544-group-study1" /><br />\r\n<ul style="font-weight: normal; margin-top: 10px; margin-bottom: 10px;">\r\n<li><span style="text-indent: -18pt;">- Placement test - written and oral test</span></li>\r\n<li><span style="text-indent: -18pt;">- 15 hours English lessons per week</span></li>\r\n<li><span style="text-indent: -18pt;">- Maximum class size 15 students</span></li>\r\n<li><span style="text-indent: -18pt;">- PLUS text book and all supplementary material for the course</span></li>\r\n<li><span style="text-indent: -18pt;">- PLUS end of course certificate </span></li>\r\n</ul>\r\n</div>\r\n</div>\r\n</div>', 1, 0),
(6, 6, '1513558862.jpg', NULL, NULL, NULL, '<p class="MsoNormal" style="font-weight: normal; margin: 0 0 10px; font-size: 13px; color: #7b7b7b; line-height: 1.6;">Your new home abroad is an important part of your study experience, and we believe that time outside of school will help you learn more effectively in the classroom. We select all our accommodation carefully to ensure that you are comfortable, safe and happy during your stay.</p>\r\n<div class="row" style="clear: both; margin-right: -15px; margin-left: -15px;">\r\n<div class="col-12" style="padding: 10px;">\r\n<h2 class="negativo" style="padding-left: 4px; background-color: #3c7099; padding: 10px 0; color: #fff; border-radius: 4px 4px 4px 4px; font-size: 21px;"><span style="padding-left: 5px;">On Campus</span></h2>\r\n<div style="padding: 4px; background-color: #fafafa;"><img style="width: 100%; height: 183px;" src="../../../../uploads/tinymce/collegefrontale.jpg?1515412862363" alt="collegefrontale" />\r\n<p style="font-weight: normal; margin: 0 0 10px; font-size: 13px; color: #7b7b7b; line-height: 1.6;">Your new home abroad is an important part of your study experience, and we believe that time outside of school will help you learn more effectively in the classroom. We select all our accommodation carefully to ensure that you are comfortable, safe and happy during your stay.Our residences are a really fun, international environment where students from around the world live together and get to use English as the only true way of global communication. The residences are supervised by staff who are on hand to helps students day and night. Each residential centre differs slightly in the room and bathroom type, so please take a look at the programme pages in this brochure. Residential accommodation is popular with parents who are sending younger children or those who want their children to experience the tremendous fun of college life</p>\r\n</div>\r\n</div>\r\n<div class="col-12" style="padding: 10px;">\r\n<h2 class="negativo" style="padding-left: 4px; background-color: #3c7099; padding: 10px 0; color: #fff; border-radius: 4px 4px 4px 4px; font-size: 21px;"><span style="padding-left: 5px;">Home Stay</span></h2>\r\n<div style="padding: 4px; background-color: #fafafa;"><img style="width: 100%; height: 183px;" src="../../../../uploads/tinymce/casafamiglia.jpg?1515413045302" alt="casafamiglia" />\r\n<p style="font-weight: normal; margin: 0 0 10px; font-size: 13px; color: #7b7b7b; line-height: 1.6;">Our hosts have been chosen for their interest in welcoming young people from around the world. They are picked because of the care and comfort they can offer to students who may be travelling overseas for the first time. Choosing to stay in home stay is the right option for those who want to experience real life living in that country: it will give a student the opportunity to use English in a real environment and integrate with the family. Home stay is often the first choice for slightly older students.</p>\r\n</div>\r\n</div>\r\n</div>', '<div class="row" style="clear: both; margin-right: -15px; margin-left: -15px;">\r\n<div class="col-12">\r\n<div style="padding: 4px; background-color: #fafafa;"><img style="width: 100%; height: 183px;" src="../../../../uploads/tinymce/2015117-18245511-4544-group-study1.jpg?1515413764611" alt="2015117-18245511-4544-group-study1" /><br />\r\n<ul style="font-weight: normal; margin-top: 10px; margin-bottom: 10px;">\r\n<li><span style="text-indent: -18pt;">- Placement test - written and oral test</span></li>\r\n<li><span style="text-indent: -18pt;">- 15 hours English lessons per week</span></li>\r\n<li><span style="text-indent: -18pt;">- Maximum class size 15 students</span></li>\r\n<li><span style="text-indent: -18pt;">- PLUS text book and all supplementary material for the course</span></li>\r\n<li><span style="text-indent: -18pt;">- PLUS end of course certificate </span></li>\r\n</ul>\r\n</div>\r\n</div>\r\n</div>', 1, 0),
(7, 71, '1513558894.jpg', NULL, NULL, NULL, '<p class="MsoNormal" style="font-weight: normal; margin: 0 0 10px; font-size: 13px; color: #7b7b7b; line-height: 1.6;">Your new home abroad is an important part of your study experience, and we believe that time outside of school will help you learn more effectively in the classroom. We select all our accommodation carefully to ensure that you are comfortable, safe and happy during your stay.</p>\r\n<div class="row" style="clear: both; margin-right: -15px; margin-left: -15px;">\r\n<div class="col-12" style="padding: 10px;">\r\n<h2 class="negativo" style="padding-left: 4px; background-color: #3c7099; padding: 10px 0; color: #fff; border-radius: 4px 4px 4px 4px; font-size: 21px;"><span style="padding-left: 5px;">On Campus</span></h2>\r\n<div style="padding: 4px; background-color: #fafafa;"><img style="width: 100%; height: 183px;" src="../../../../uploads/tinymce/collegefrontale.jpg?1515412862363" alt="collegefrontale" />\r\n<p style="font-weight: normal; margin: 0 0 10px; font-size: 13px; color: #7b7b7b; line-height: 1.6;">Your new home abroad is an important part of your study experience, and we believe that time outside of school will help you learn more effectively in the classroom. We select all our accommodation carefully to ensure that you are comfortable, safe and happy during your stay.Our residences are a really fun, international environment where students from around the world live together and get to use English as the only true way of global communication. The residences are supervised by staff who are on hand to helps students day and night. Each residential centre differs slightly in the room and bathroom type, so please take a look at the programme pages in this brochure. Residential accommodation is popular with parents who are sending younger children or those who want their children to experience the tremendous fun of college life</p>\r\n</div>\r\n</div>\r\n<div class="col-12" style="padding: 10px;">\r\n<h2 class="negativo" style="padding-left: 4px; background-color: #3c7099; padding: 10px 0; color: #fff; border-radius: 4px 4px 4px 4px; font-size: 21px;"><span style="padding-left: 5px;">Home Stay</span></h2>\r\n<div style="padding: 4px; background-color: #fafafa;"><img style="width: 100%; height: 183px;" src="../../../../uploads/tinymce/casafamiglia.jpg?1515413045302" alt="casafamiglia" />\r\n<p style="font-weight: normal; margin: 0 0 10px; font-size: 13px; color: #7b7b7b; line-height: 1.6;">Our hosts have been chosen for their interest in welcoming young people from around the world. They are picked because of the care and comfort they can offer to students who may be travelling overseas for the first time. Choosing to stay in home stay is the right option for those who want to experience real life living in that country: it will give a student the opportunity to use English in a real environment and integrate with the family. Home stay is often the first choice for slightly older students.</p>\r\n</div>\r\n</div>\r\n</div>', '<div class="row" style="clear: both; margin-right: -15px; margin-left: -15px;">\r\n<div class="col-12">\r\n<div style="padding: 4px; background-color: #fafafa;"><img style="width: 100%; height: 183px;" src="../../../../uploads/tinymce/2015117-18245511-4544-group-study1.jpg?1515413764611" alt="2015117-18245511-4544-group-study1" /><br />\r\n<ul style="font-weight: normal; margin-top: 10px; margin-bottom: 10px;">\r\n<li><span style="text-indent: -18pt;">- Placement test - written and oral test</span></li>\r\n<li><span style="text-indent: -18pt;">- 15 hours English lessons per week</span></li>\r\n<li><span style="text-indent: -18pt;">- Maximum class size 15 students</span></li>\r\n<li><span style="text-indent: -18pt;">- PLUS text book and all supplementary material for the course</span></li>\r\n<li><span style="text-indent: -18pt;">- PLUS end of course certificate </span></li>\r\n</ul>\r\n</div>\r\n</div>\r\n</div>', 1, 0),
(8, 53, '1513558916.jpg', NULL, NULL, NULL, '<p class="MsoNormal" style="font-weight: normal; margin: 0 0 10px; font-size: 13px; color: #7b7b7b; line-height: 1.6;">Your new home abroad is an important part of your study experience, and we believe that time outside of school will help you learn more effectively in the classroom. We select all our accommodation carefully to ensure that you are comfortable, safe and happy during your stay.</p>\r\n<div class="row" style="clear: both; margin-right: -15px; margin-left: -15px;">\r\n<div class="col-12" style="padding: 10px;">\r\n<h2 class="negativo" style="padding-left: 4px; background-color: #3c7099; padding: 10px 0; color: #fff; border-radius: 4px 4px 4px 4px; font-size: 21px;"><span style="padding-left: 5px;">On Campus</span></h2>\r\n<div style="padding: 4px; background-color: #fafafa;"><img style="width: 100%; height: 183px;" src="../../../../uploads/tinymce/collegefrontale.jpg?1515412862363" alt="collegefrontale" />\r\n<p style="font-weight: normal; margin: 0 0 10px; font-size: 13px; color: #7b7b7b; line-height: 1.6;">Your new home abroad is an important part of your study experience, and we believe that time outside of school will help you learn more effectively in the classroom. We select all our accommodation carefully to ensure that you are comfortable, safe and happy during your stay.Our residences are a really fun, international environment where students from around the world live together and get to use English as the only true way of global communication. The residences are supervised by staff who are on hand to helps students day and night. Each residential centre differs slightly in the room and bathroom type, so please take a look at the programme pages in this brochure. Residential accommodation is popular with parents who are sending younger children or those who want their children to experience the tremendous fun of college life</p>\r\n</div>\r\n</div>\r\n<div class="col-12" style="padding: 10px;">\r\n<h2 class="negativo" style="padding-left: 4px; background-color: #3c7099; padding: 10px 0; color: #fff; border-radius: 4px 4px 4px 4px; font-size: 21px;"><span style="padding-left: 5px;">Home Stay</span></h2>\r\n<div style="padding: 4px; background-color: #fafafa;"><img style="width: 100%; height: 183px;" src="../../../../uploads/tinymce/casafamiglia.jpg?1515413045302" alt="casafamiglia" />\r\n<p style="font-weight: normal; margin: 0 0 10px; font-size: 13px; color: #7b7b7b; line-height: 1.6;">Our hosts have been chosen for their interest in welcoming young people from around the world. They are picked because of the care and comfort they can offer to students who may be travelling overseas for the first time. Choosing to stay in home stay is the right option for those who want to experience real life living in that country: it will give a student the opportunity to use English in a real environment and integrate with the family. Home stay is often the first choice for slightly older students.</p>\r\n</div>\r\n</div>\r\n</div>', '<div class="row" style="clear: both; margin-right: -15px; margin-left: -15px;">\r\n<div class="col-12">\r\n<div style="padding: 4px; background-color: #fafafa;"><img style="width: 100%; height: 183px;" src="../../../../uploads/tinymce/2015117-18245511-4544-group-study1.jpg?1515413764611" alt="2015117-18245511-4544-group-study1" /><br />\r\n<ul style="font-weight: normal; margin-top: 10px; margin-bottom: 10px;">\r\n<li><span style="text-indent: -18pt;">- Placement test - written and oral test</span></li>\r\n<li><span style="text-indent: -18pt;">- 15 hours English lessons per week</span></li>\r\n<li><span style="text-indent: -18pt;">- Maximum class size 15 students</span></li>\r\n<li><span style="text-indent: -18pt;">- PLUS text book and all supplementary material for the course</span></li>\r\n<li><span style="text-indent: -18pt;">- PLUS end of course certificate </span></li>\r\n</ul>\r\n</div>\r\n</div>\r\n</div>', 1, 0),
(9, 72, '1513558937.jpg', NULL, NULL, NULL, '<p class="MsoNormal" style="font-weight: normal; margin: 0 0 10px; font-size: 13px; color: #7b7b7b; line-height: 1.6;">Your new home abroad is an important part of your study experience, and we believe that time outside of school will help you learn more effectively in the classroom. We select all our accommodation carefully to ensure that you are comfortable, safe and happy during your stay.</p>\r\n<div class="row" style="clear: both; margin-right: -15px; margin-left: -15px;">\r\n<div class="col-12" style="padding: 10px;">\r\n<h2 class="negativo" style="padding-left: 4px; background-color: #3c7099; padding: 10px 0; color: #fff; border-radius: 4px 4px 4px 4px; font-size: 21px;"><span style="padding-left: 5px;">On Campus</span></h2>\r\n<div style="padding: 4px; background-color: #fafafa;"><img style="width: 100%; height: 183px;" src="../../../../uploads/tinymce/collegefrontale.jpg?1515412862363" alt="collegefrontale" />\r\n<p style="font-weight: normal; margin: 0 0 10px; font-size: 13px; color: #7b7b7b; line-height: 1.6;">Your new home abroad is an important part of your study experience, and we believe that time outside of school will help you learn more effectively in the classroom. We select all our accommodation carefully to ensure that you are comfortable, safe and happy during your stay.Our residences are a really fun, international environment where students from around the world live together and get to use English as the only true way of global communication. The residences are supervised by staff who are on hand to helps students day and night. Each residential centre differs slightly in the room and bathroom type, so please take a look at the programme pages in this brochure. Residential accommodation is popular with parents who are sending younger children or those who want their children to experience the tremendous fun of college life</p>\r\n</div>\r\n</div>\r\n<div class="col-12" style="padding: 10px;">\r\n<h2 class="negativo" style="padding-left: 4px; background-color: #3c7099; padding: 10px 0; color: #fff; border-radius: 4px 4px 4px 4px; font-size: 21px;"><span style="padding-left: 5px;">Home Stay</span></h2>\r\n<div style="padding: 4px; background-color: #fafafa;"><img style="width: 100%; height: 183px;" src="../../../../uploads/tinymce/casafamiglia.jpg?1515413045302" alt="casafamiglia" />\r\n<p style="font-weight: normal; margin: 0 0 10px; font-size: 13px; color: #7b7b7b; line-height: 1.6;">Our hosts have been chosen for their interest in welcoming young people from around the world. They are picked because of the care and comfort they can offer to students who may be travelling overseas for the first time. Choosing to stay in home stay is the right option for those who want to experience real life living in that country: it will give a student the opportunity to use English in a real environment and integrate with the family. Home stay is often the first choice for slightly older students.</p>\r\n</div>\r\n</div>\r\n</div>', '<div class="row" style="clear: both; margin-right: -15px; margin-left: -15px;">\r\n<div class="col-12">\r\n<div style="padding: 4px; background-color: #fafafa;"><img style="width: 100%; height: 183px;" src="../../../../uploads/tinymce/2015117-18245511-4544-group-study1.jpg?1515413764611" alt="2015117-18245511-4544-group-study1" /><br />\r\n<ul style="font-weight: normal; margin-top: 10px; margin-bottom: 10px;">\r\n<li><span style="text-indent: -18pt;">- Placement test - written and oral test</span></li>\r\n<li><span style="text-indent: -18pt;">- 15 hours English lessons per week</span></li>\r\n<li><span style="text-indent: -18pt;">- Maximum class size 15 students</span></li>\r\n<li><span style="text-indent: -18pt;">- PLUS text book and all supplementary material for the course</span></li>\r\n<li><span style="text-indent: -18pt;">- PLUS end of course certificate </span></li>\r\n</ul>\r\n</div>\r\n</div>\r\n</div>', 1, 0),
(10, 57, '1513558965.jpg', NULL, NULL, NULL, '<p class="MsoNormal" style="font-weight: normal; margin: 0 0 10px; font-size: 13px; color: #7b7b7b; line-height: 1.6;">Your new home abroad is an important part of your study experience, and we believe that time outside of school will help you learn more effectively in the classroom. We select all our accommodation carefully to ensure that you are comfortable, safe and happy during your stay.</p>\r\n<div class="row" style="clear: both; margin-right: -15px; margin-left: -15px;">\r\n<div class="col-12" style="padding: 10px;">\r\n<h2 class="negativo" style="padding-left: 4px; background-color: #3c7099; padding: 10px 0; color: #fff; border-radius: 4px 4px 4px 4px; font-size: 21px;"><span style="padding-left: 5px;">On Campus</span></h2>\r\n<div style="padding: 4px; background-color: #fafafa;"><img style="width: 100%; height: 183px;" src="../../../../uploads/tinymce/collegefrontale.jpg?1515412862363" alt="collegefrontale" />\r\n<p style="font-weight: normal; margin: 0 0 10px; font-size: 13px; color: #7b7b7b; line-height: 1.6;">Your new home abroad is an important part of your study experience, and we believe that time outside of school will help you learn more effectively in the classroom. We select all our accommodation carefully to ensure that you are comfortable, safe and happy during your stay.Our residences are a really fun, international environment where students from around the world live together and get to use English as the only true way of global communication. The residences are supervised by staff who are on hand to helps students day and night. Each residential centre differs slightly in the room and bathroom type, so please take a look at the programme pages in this brochure. Residential accommodation is popular with parents who are sending younger children or those who want their children to experience the tremendous fun of college life</p>\r\n</div>\r\n</div>\r\n<div class="col-12" style="padding: 10px;">\r\n<h2 class="negativo" style="padding-left: 4px; background-color: #3c7099; padding: 10px 0; color: #fff; border-radius: 4px 4px 4px 4px; font-size: 21px;"><span style="padding-left: 5px;">Home Stay</span></h2>\r\n<div style="padding: 4px; background-color: #fafafa;"><img style="width: 100%; height: 183px;" src="../../../../uploads/tinymce/casafamiglia.jpg?1515413045302" alt="casafamiglia" />\r\n<p style="font-weight: normal; margin: 0 0 10px; font-size: 13px; color: #7b7b7b; line-height: 1.6;">Our hosts have been chosen for their interest in welcoming young people from around the world. They are picked because of the care and comfort they can offer to students who may be travelling overseas for the first time. Choosing to stay in home stay is the right option for those who want to experience real life living in that country: it will give a student the opportunity to use English in a real environment and integrate with the family. Home stay is often the first choice for slightly older students.</p>\r\n</div>\r\n</div>\r\n</div>', '<div class="row" style="clear: both; margin-right: -15px; margin-left: -15px;">\r\n<div class="col-12">\r\n<div style="padding: 4px; background-color: #fafafa;"><img style="width: 100%; height: 183px;" src="../../../../uploads/tinymce/2015117-18245511-4544-group-study1.jpg?1515413764611" alt="2015117-18245511-4544-group-study1" /><br />\r\n<ul style="font-weight: normal; margin-top: 10px; margin-bottom: 10px;">\r\n<li><span style="text-indent: -18pt;">- Placement test - written and oral test</span></li>\r\n<li><span style="text-indent: -18pt;">- 15 hours English lessons per week</span></li>\r\n<li><span style="text-indent: -18pt;">- Maximum class size 15 students</span></li>\r\n<li><span style="text-indent: -18pt;">- PLUS text book and all supplementary material for the course</span></li>\r\n<li><span style="text-indent: -18pt;">- PLUS end of course certificate </span></li>\r\n</ul>\r\n</div>\r\n</div>\r\n</div>', 1, 0);

-- --------------------------------------------------------

--
-- Table structure for table `frontweb_junior_ministay_activity_program`
--

DROP TABLE IF EXISTS `frontweb_junior_ministay_activity_program`;
CREATE TABLE IF NOT EXISTS `frontweb_junior_ministay_activity_program` (
  `id` int(11) NOT NULL AUTO_INCREMENT COMMENT 'primary key',
  `file_name` varchar(200) DEFAULT NULL,
  `file_description` text,
  `junior_ministay_id` int(11) NOT NULL COMMENT 'foreign key',
  PRIMARY KEY (`id`)
) ENGINE=MyISAM AUTO_INCREMENT=4 DEFAULT CHARSET=utf8;

--
-- Dumping data for table `frontweb_junior_ministay_activity_program`
--

INSERT INTO `frontweb_junior_ministay_activity_program` (`id`, `file_name`, `file_description`, `junior_ministay_id`) VALUES
(1, '1513769715.pdf', 'test activity program', 1),
(3, '1519088737.pdf', 'test now', 3);

-- --------------------------------------------------------

--
-- Table structure for table `frontweb_junior_ministay_addon`
--

DROP TABLE IF EXISTS `frontweb_junior_ministay_addon`;
CREATE TABLE IF NOT EXISTS `frontweb_junior_ministay_addon` (
  `id` int(11) NOT NULL AUTO_INCREMENT COMMENT 'primary key',
  `file_name` varchar(200) DEFAULT NULL,
  `file_description` text,
  `junior_ministay_id` int(11) NOT NULL COMMENT 'foreign key',
  PRIMARY KEY (`id`)
) ENGINE=MyISAM AUTO_INCREMENT=4 DEFAULT CHARSET=utf8;

--
-- Dumping data for table `frontweb_junior_ministay_addon`
--

INSERT INTO `frontweb_junior_ministay_addon` (`id`, `file_name`, `file_description`, `junior_ministay_id`) VALUES
(1, '1513770435.pdf', 'test addon description', 1),
(3, '1519088707.pdf', 'test now', 3);

-- --------------------------------------------------------

--
-- Table structure for table `frontweb_junior_ministay_dates`
--

DROP TABLE IF EXISTS `frontweb_junior_ministay_dates`;
CREATE TABLE IF NOT EXISTS `frontweb_junior_ministay_dates` (
  `junior_ministay_dates_id` int(11) NOT NULL AUTO_INCREMENT COMMENT 'primary key',
  `date` date DEFAULT NULL,
  `overnight` varchar(255) DEFAULT NULL,
  `junior_ministay_id` int(11) NOT NULL COMMENT 'foreign key',
  PRIMARY KEY (`junior_ministay_dates_id`)
) ENGINE=MyISAM AUTO_INCREMENT=7 DEFAULT CHARSET=utf8;

--
-- Dumping data for table `frontweb_junior_ministay_dates`
--

INSERT INTO `frontweb_junior_ministay_dates` (`junior_ministay_dates_id`, `date`, `overnight`, `junior_ministay_id`) VALUES
(1, '2017-12-21', 'test overnight', 1),
(2, '2018-01-01', 'test', 1),
(4, '2016-01-13', '', 1),
(5, '2015-02-16', 'test overnight updated', 1),
(6, '2018-02-20', 'test now', 3);

-- --------------------------------------------------------

--
-- Table structure for table `frontweb_junior_ministay_dates_program`
--

DROP TABLE IF EXISTS `frontweb_junior_ministay_dates_program`;
CREATE TABLE IF NOT EXISTS `frontweb_junior_ministay_dates_program` (
  `junior_ministay_dates_program_id` int(11) NOT NULL AUTO_INCREMENT COMMENT 'primary key',
  `program_id` int(11) DEFAULT NULL,
  `junior_ministay_dates_id` int(11) NOT NULL COMMENT 'foreign key',
  PRIMARY KEY (`junior_ministay_dates_program_id`)
) ENGINE=MyISAM AUTO_INCREMENT=11 DEFAULT CHARSET=utf8;

--
-- Dumping data for table `frontweb_junior_ministay_dates_program`
--

INSERT INTO `frontweb_junior_ministay_dates_program` (`junior_ministay_dates_program_id`, `program_id`, `junior_ministay_dates_id`) VALUES
(1, 4, 1),
(2, 7, 1),
(3, 5, 2),
(4, 6, 2),
(6, 3, 4),
(8, 1, 5),
(9, 5, 5),
(10, 2, 6);

-- --------------------------------------------------------

--
-- Table structure for table `frontweb_junior_ministay_dates_week`
--

DROP TABLE IF EXISTS `frontweb_junior_ministay_dates_week`;
CREATE TABLE IF NOT EXISTS `frontweb_junior_ministay_dates_week` (
  `junior_ministay_dates_week_id` int(11) NOT NULL AUTO_INCREMENT COMMENT 'primary key',
  `week` int(11) DEFAULT NULL,
  `junior_ministay_dates_id` int(11) NOT NULL COMMENT 'foreign key',
  PRIMARY KEY (`junior_ministay_dates_week_id`)
) ENGINE=MyISAM AUTO_INCREMENT=12 DEFAULT CHARSET=utf8;

--
-- Dumping data for table `frontweb_junior_ministay_dates_week`
--

INSERT INTO `frontweb_junior_ministay_dates_week` (`junior_ministay_dates_week_id`, `week`, `junior_ministay_dates_id`) VALUES
(1, 2, 1),
(2, 3, 1),
(3, 4, 1),
(4, 1, 2),
(5, 5, 2),
(7, 2, 4),
(9, 1, 5),
(10, 3, 5),
(11, 2, 6);

-- --------------------------------------------------------

--
-- Table structure for table `frontweb_junior_ministay_fact_sheet`
--

DROP TABLE IF EXISTS `frontweb_junior_ministay_fact_sheet`;
CREATE TABLE IF NOT EXISTS `frontweb_junior_ministay_fact_sheet` (
  `id` int(11) NOT NULL AUTO_INCREMENT COMMENT 'primary key',
  `file_name` varchar(200) NOT NULL,
  `file_description` text NOT NULL,
  `junior_ministay_id` int(11) NOT NULL COMMENT 'foreign key',
  PRIMARY KEY (`id`)
) ENGINE=MyISAM AUTO_INCREMENT=8 DEFAULT CHARSET=utf8;

--
-- Dumping data for table `frontweb_junior_ministay_fact_sheet`
--

INSERT INTO `frontweb_junior_ministay_fact_sheet` (`id`, `file_name`, `file_description`, `junior_ministay_id`) VALUES
(4, '1513766113.pdf', 'test description', 1),
(3, '1513765348.pdf', 'this description id for london', 2),
(6, '1513832379.pdf', 'fact sheet testing', 1),
(7, '1519088720.pdf', 'test now', 3);

-- --------------------------------------------------------

--
-- Table structure for table `frontweb_junior_ministay_international_mix`
--

DROP TABLE IF EXISTS `frontweb_junior_ministay_international_mix`;
CREATE TABLE IF NOT EXISTS `frontweb_junior_ministay_international_mix` (
  `junior_ministay_international_mix_id` int(11) NOT NULL AUTO_INCREMENT COMMENT 'primary key',
  `country_name` varchar(255) DEFAULT NULL,
  `percentage` varchar(200) DEFAULT NULL,
  `color_code` varchar(200) DEFAULT NULL,
  `junior_ministay_id` int(11) NOT NULL COMMENT 'foreign key',
  PRIMARY KEY (`junior_ministay_international_mix_id`)
) ENGINE=MyISAM AUTO_INCREMENT=5 DEFAULT CHARSET=utf8;

--
-- Dumping data for table `frontweb_junior_ministay_international_mix`
--

INSERT INTO `frontweb_junior_ministay_international_mix` (`junior_ministay_international_mix_id`, `country_name`, `percentage`, `color_code`, `junior_ministay_id`) VALUES
(1, 'India-IN', '20.35%', 'rgb(230, 148, 223)', 1),
(2, 'Australia-AU', '10%', 'rgb(172, 202, 137)', 1),
(3, 'India-IN', '20%', 'rgb(163, 145, 145)', 2),
(4, 'India-IN', '20%', 'rgb(209, 171, 90)', 3);

-- --------------------------------------------------------

--
-- Table structure for table `frontweb_junior_ministay_menu`
--

DROP TABLE IF EXISTS `frontweb_junior_ministay_menu`;
CREATE TABLE IF NOT EXISTS `frontweb_junior_ministay_menu` (
  `id` int(11) NOT NULL AUTO_INCREMENT COMMENT 'primary key',
  `file_name` varchar(200) DEFAULT NULL,
  `file_description` text,
  `junior_ministay_id` int(11) NOT NULL COMMENT 'foreign key',
  PRIMARY KEY (`id`)
) ENGINE=MyISAM AUTO_INCREMENT=5 DEFAULT CHARSET=utf8;

--
-- Dumping data for table `frontweb_junior_ministay_menu`
--

INSERT INTO `frontweb_junior_ministay_menu` (`id`, `file_name`, `file_description`, `junior_ministay_id`) VALUES
(1, '1513771111.pdf', 'new york menu description', 1),
(4, '1519088754.pdf', 'test now', 3);

-- --------------------------------------------------------

--
-- Table structure for table `frontweb_junior_ministay_photo_gallery`
--

DROP TABLE IF EXISTS `frontweb_junior_ministay_photo_gallery`;
CREATE TABLE IF NOT EXISTS `frontweb_junior_ministay_photo_gallery` (
  `junior_ministay_photo_gallery_id` int(11) NOT NULL AUTO_INCREMENT COMMENT 'primary key',
  `short_description` varchar(255) DEFAULT NULL,
  `description` text,
  `photo` varchar(200) DEFAULT NULL,
  `sequence` int(11) DEFAULT NULL,
  `junior_ministay_id` int(11) NOT NULL COMMENT 'foreign key',
  PRIMARY KEY (`junior_ministay_photo_gallery_id`)
) ENGINE=MyISAM AUTO_INCREMENT=5 DEFAULT CHARSET=utf8;

--
-- Dumping data for table `frontweb_junior_ministay_photo_gallery`
--

INSERT INTO `frontweb_junior_ministay_photo_gallery` (`junior_ministay_photo_gallery_id`, `short_description`, `description`, `photo`, `sequence`, `junior_ministay_id`) VALUES
(1, 'test', 'test description', '1513676592.jpg', 1, 1),
(2, 'test one', 'test one description', '1513676618.jpg', 2, 1),
(3, 'test two', 'test two description', '1513676646.jpg', 3, 1),
(4, 'test now', 'test now', '1519088806.jpg', 1, 3);

-- --------------------------------------------------------

--
-- Table structure for table `frontweb_junior_ministay_program`
--

DROP TABLE IF EXISTS `frontweb_junior_ministay_program`;
CREATE TABLE IF NOT EXISTS `frontweb_junior_ministay_program` (
  `junior_ministay_program_id` int(11) NOT NULL AUTO_INCREMENT COMMENT 'primary key',
  `program_id` int(11) DEFAULT NULL,
  `program_details` text,
  `junior_ministay_id` int(11) NOT NULL COMMENT 'foreign key',
  PRIMARY KEY (`junior_ministay_program_id`)
) ENGINE=MyISAM AUTO_INCREMENT=23 DEFAULT CHARSET=utf8;

--
-- Dumping data for table `frontweb_junior_ministay_program`
--

INSERT INTO `frontweb_junior_ministay_program` (`junior_ministay_program_id`, `program_id`, `program_details`, `junior_ministay_id`) VALUES
(18, 6, '																										<p>test classic superior<br></p>																								', 1),
(5, 1, '																									', 2),
(13, 1, '													<p>test<br></p>												', 4),
(8, 1, '<p>test<br></p>', 5),
(9, 1, '<p>test<br></p>', 7),
(10, 1, '<p>test<br></p>', 8),
(11, 1, '<p>test<br></p>', 6),
(12, 1, '<p>test<br></p>', 9),
(14, 1, '<p>test<br></p>', 10),
(17, 1, '																																							<div style="font-weight: normal;">A 2-week programme includes: </div><ul><li style="font-weight: normal;"><span style="font-weight: bold;">- 1 Full Day Excursions</span> to London (River Cruise included)</li><li style="font-weight: normal;"><span style="font-weight: bold;">- 1 Full Day Excursion</span> to Cambridge</li><li>- <span style="font-weight: bold;">1 Half Day Excursion</span> to Whitsable.</li></ul>\n<div style="font-weight: normal;">A  3-week programme includes:</div><div><ul><li style="font-weight: normal;"><span style="font-weight: bold;">- 2 Full Day Excursions</span> to London (River Cruise included)</li><li style="font-weight: normal;"><span style="font-weight: bold;">- 1 Full Day Excursion</span> to Cambridge.</li><li>- <span style="font-weight: bold;">1 Half Day Excursions</span> to Whitstable.</li></ul></div>																																				', 1),
(22, 1, '																																																				<p>test classic<br></p>																																																', 3);

-- --------------------------------------------------------

--
-- Table structure for table `frontweb_junior_ministay_section`
--

DROP TABLE IF EXISTS `frontweb_junior_ministay_section`;
CREATE TABLE IF NOT EXISTS `frontweb_junior_ministay_section` (
  `junior_ministay_section_id` int(11) NOT NULL AUTO_INCREMENT COMMENT 'primary key',
  `static_program_id` int(11) DEFAULT NULL,
  `junior_ministay_id` int(11) NOT NULL COMMENT 'foreign key',
  PRIMARY KEY (`junior_ministay_section_id`)
) ENGINE=MyISAM AUTO_INCREMENT=21 DEFAULT CHARSET=utf8;

--
-- Dumping data for table `frontweb_junior_ministay_section`
--

INSERT INTO `frontweb_junior_ministay_section` (`junior_ministay_section_id`, `static_program_id`, `junior_ministay_id`) VALUES
(4, 2, 2),
(3, 1, 2),
(20, 1, 3),
(12, 1, 4),
(7, 1, 5),
(8, 1, 7),
(9, 1, 8),
(10, 1, 6),
(11, 1, 9),
(13, 2, 4),
(14, 3, 10),
(16, 4, 1);

-- --------------------------------------------------------

--
-- Table structure for table `frontweb_junior_ministay_static_program`
--

DROP TABLE IF EXISTS `frontweb_junior_ministay_static_program`;
CREATE TABLE IF NOT EXISTS `frontweb_junior_ministay_static_program` (
  `junior_ministay_static_program_id` int(11) NOT NULL AUTO_INCREMENT COMMENT 'primary key',
  `program_name` varchar(200) NOT NULL,
  `description` text,
  `logo` varchar(200) NOT NULL,
  `status` tinyint(1) NOT NULL DEFAULT '1' COMMENT '1:Active , 0:inactive',
  `delete_flag` tinyint(1) NOT NULL DEFAULT '0' COMMENT '0:not delete and 1:deleted',
  PRIMARY KEY (`junior_ministay_static_program_id`)
) ENGINE=MyISAM AUTO_INCREMENT=5 DEFAULT CHARSET=utf8;

--
-- Dumping data for table `frontweb_junior_ministay_static_program`
--

INSERT INTO `frontweb_junior_ministay_static_program` (`junior_ministay_static_program_id`, `program_name`, `description`, `logo`, `status`, `delete_flag`) VALUES
(1, 'UK Residential', 'UK Residential<p><br></p>', '1518523592.jpg', 1, 0),
(2, 'Uk Family Stay', '<p>Uk Family Stay<br></p>', '1518523651.jpg', 1, 0),
(3, 'Scotland Residential', '<p>Scotland Residential<br></p>', '1518523686.jpg', 1, 0),
(4, 'USA Family Stay', 'USA Family Stay', '1518523738.jpg', 1, 0);

-- --------------------------------------------------------

--
-- Table structure for table `frontweb_junior_ministay_video_gallery`
--

DROP TABLE IF EXISTS `frontweb_junior_ministay_video_gallery`;
CREATE TABLE IF NOT EXISTS `frontweb_junior_ministay_video_gallery` (
  `junior_ministay_video_gallery_id` int(11) NOT NULL AUTO_INCREMENT COMMENT 'primary key',
  `video_url` varchar(255) DEFAULT NULL,
  `description` text,
  `video_image` varchar(200) DEFAULT NULL,
  `sequence` int(11) DEFAULT NULL,
  `junior_ministay_id` int(11) NOT NULL COMMENT 'foreign key',
  PRIMARY KEY (`junior_ministay_video_gallery_id`)
) ENGINE=MyISAM AUTO_INCREMENT=7 DEFAULT CHARSET=utf8;

--
-- Dumping data for table `frontweb_junior_ministay_video_gallery`
--

INSERT INTO `frontweb_junior_ministay_video_gallery` (`junior_ministay_video_gallery_id`, `video_url`, `description`, `video_image`, `sequence`, `junior_ministay_id`) VALUES
(3, 'https://vimeo.com/200796403', 'test description', NULL, 1, 10),
(4, 'https://vimeo.com/200796403', 'description', '1519037733.jpg', 1, 9),
(5, 'https://vimeo.com/200796403', 'description', '1519037831.jpg', 1, 8),
(6, 'https://vimeo.com/200796403', 'test now', '1519088825.jpg', 1, 3);

-- --------------------------------------------------------

--
-- Table structure for table `frontweb_junior_ministay_walking_tour`
--

DROP TABLE IF EXISTS `frontweb_junior_ministay_walking_tour`;
CREATE TABLE IF NOT EXISTS `frontweb_junior_ministay_walking_tour` (
  `id` int(11) NOT NULL AUTO_INCREMENT,
  `file_name` varchar(200) DEFAULT NULL,
  `file_description` text,
  `junior_ministay_id` int(11) NOT NULL COMMENT 'foreign key',
  PRIMARY KEY (`id`)
) ENGINE=MyISAM AUTO_INCREMENT=4 DEFAULT CHARSET=utf8;

--
-- Dumping data for table `frontweb_junior_ministay_walking_tour`
--

INSERT INTO `frontweb_junior_ministay_walking_tour` (`id`, `file_name`, `file_description`, `junior_ministay_id`) VALUES
(1, '1513771936.pdf', 'test description for this centre for walking tour', 1),
(3, '1519088765.pdf', 'test now', 3);

-- --------------------------------------------------------

--
-- Table structure for table `frontweb_language`
--

DROP TABLE IF EXISTS `frontweb_language`;
CREATE TABLE IF NOT EXISTS `frontweb_language` (
  `language_id` int(11) NOT NULL AUTO_INCREMENT COMMENT 'primary key',
  `language_name` varchar(100) DEFAULT NULL,
  `short_name` varchar(10) DEFAULT NULL,
  PRIMARY KEY (`language_id`)
) ENGINE=MyISAM AUTO_INCREMENT=2 DEFAULT CHARSET=utf8;

--
-- Dumping data for table `frontweb_language`
--

INSERT INTO `frontweb_language` (`language_id`, `language_name`, `short_name`) VALUES
(1, 'English', 'en');

-- --------------------------------------------------------

--
-- Table structure for table `frontweb_manage_adult_course`
--

DROP TABLE IF EXISTS `frontweb_manage_adult_course`;
CREATE TABLE IF NOT EXISTS `frontweb_manage_adult_course` (
  `adult_course_id` int(11) NOT NULL AUTO_INCREMENT COMMENT 'primary key',
  `title` varchar(255) DEFAULT NULL,
  `slug` varchar(255) DEFAULT NULL,
  `description` text,
  `image` varchar(255) DEFAULT NULL,
  `status` tinyint(1) NOT NULL DEFAULT '1' COMMENT '1 : Active & 0 : Inactive',
  `delete_flag` tinyint(1) NOT NULL DEFAULT '0' COMMENT '0:not delete & 1:delete',
  PRIMARY KEY (`adult_course_id`)
) ENGINE=MyISAM AUTO_INCREMENT=2 DEFAULT CHARSET=utf8;

--
-- Dumping data for table `frontweb_manage_adult_course`
--

INSERT INTO `frontweb_manage_adult_course` (`adult_course_id`, `title`, `slug`, `description`, `image`, `status`, `delete_flag`) VALUES
(1, 'Uk University Placement', 'uk-university-placement', '<p>PLUS provides independent specialist advice and support to help prospective students\nmake the right choice and submit a successful application to university.</p><br>\n\n<p>Whilst support to prospective undergraduate and postgraduate students in applying to\nuniversity is our most popular service, we recognise that this is just the start of\nyour academic journey and we are able to support you throughout your time at\nuniversity.</p><br>\n\n<p>PLUS student focused approach is in the heart of what we do and what makes our work\nso rewarding.</p><br>\n\n<p>No one person is the same so we support the candidate and their family to make the\nbest decision and guide through every step of their university journey.</p><br>', '1518785506.jpg', 1, 0);

-- --------------------------------------------------------

--
-- Table structure for table `frontweb_manage_application_form`
--

DROP TABLE IF EXISTS `frontweb_manage_application_form`;
CREATE TABLE IF NOT EXISTS `frontweb_manage_application_form` (
  `manage_application_form_id` int(11) NOT NULL AUTO_INCREMENT COMMENT 'primary key',
  `label_name` text,
  `field_type` varchar(200) DEFAULT NULL,
  `required_flag` tinyint(1) NOT NULL DEFAULT '0' COMMENT '1:required & 0:not required',
  `multiple_value` text,
  `sequence` int(11) DEFAULT NULL,
  PRIMARY KEY (`manage_application_form_id`)
) ENGINE=MyISAM AUTO_INCREMENT=52 DEFAULT CHARSET=utf8;

--
-- Dumping data for table `frontweb_manage_application_form`
--

INSERT INTO `frontweb_manage_application_form` (`manage_application_form_id`, `label_name`, `field_type`, `required_flag`, `multiple_value`, `sequence`) VALUES
(51, 'Any other information that can help us advise you? (Work experience, disabilities, gap year information etc.):', 'textarea', 0, '', 17),
(49, 'For non-English speakers, English Language qualifications held or expected scores (e.g. IELTS scores in listening, reading, writing and speaking):', 'textarea', 0, '', 15),
(50, 'How do you plan on financing your studies including your tuition fees?', 'textarea', 0, '', 16),
(48, 'Have you got any relevant work experience? ', 'textarea', 0, '', 14),
(46, 'Desired university location in the UK if you have a preference e.g. London, Scotland?', 'textarea', 0, '', 12),
(47, 'Please list your current and pending future educational qualifications and attainment/anticipated attainment (e.g. International Baccalaureate or equivalent and subject areas):', 'textarea', 0, '', 13),
(45, 'University Course(s) and level (e.g. BA/BSc/MA/MSc/PhD etc) you are interested in? ', 'textarea', 0, '', 11),
(44, 'How did you hear about University Direct?', 'textarea', 0, '', 10),
(43, 'What is the best time to speak and the time difference from where you are based with the UK GMT?', 'textarea', 0, '', 9),
(42, 'Nationality', 'name', 1, '', 8),
(40, 'Skype name', 'text', 0, '', 6),
(41, 'Address –including country of current residence', 'textarea', 1, '', 7),
(38, 'Telephone/Mobile', 'mobile', 1, '', 4),
(39, 'Email address', 'email', 1, '', 5),
(35, 'Name', 'name', 1, '', 1),
(36, 'Gender', 'radio', 1, 'Male,Female', 2),
(37, 'Date of Birth', 'date', 1, '', 3);

-- --------------------------------------------------------

--
-- Table structure for table `frontweb_master_activity`
--

DROP TABLE IF EXISTS `frontweb_master_activity`;
CREATE TABLE IF NOT EXISTS `frontweb_master_activity` (
  `master_activity_id` int(11) NOT NULL AUTO_INCREMENT COMMENT 'primary key',
  `centre_id` int(11) DEFAULT NULL,
  `activity_name` varchar(255) DEFAULT NULL,
  `arrival_date` date DEFAULT NULL,
  `departure_date` date DEFAULT NULL,
  `student_group` int(11) DEFAULT NULL,
  PRIMARY KEY (`master_activity_id`)
) ENGINE=MyISAM AUTO_INCREMENT=39 DEFAULT CHARSET=utf8;

--
-- Dumping data for table `frontweb_master_activity`
--

INSERT INTO `frontweb_master_activity` (`master_activity_id`, `centre_id`, `activity_name`, `arrival_date`, `departure_date`, `student_group`) VALUES
(34, 67, 'Suggested Activity Programme ', '2018-07-03', '2018-07-31', 24),
(23, 6, 'Classic Programme A ', '2018-06-20', '2018-08-15', 44),
(21, 67, 'Suggested Activity Programme ', '2018-07-03', '2018-07-31', 22),
(20, 52, 'Effingham Suggested Activity Programme', '2018-07-10', '2018-08-07', 19),
(19, 21, 'Edinburgh Suggested Activity Programme Group A', '2018-07-04', '2018-08-01', 21),
(35, 21, 'Edinburgh Suggested Activity Programme Group A', '2018-07-04', '2018-08-01', 20),
(16, 36, 'Dublin Activity Programme 2018', '2018-06-20', '2018-08-14', 17),
(17, 36, 'Dublin Activity Programme 2018 (B)', '2018-06-20', '2018-08-14', 18),
(24, 41, 'Chelmsford Academy ', '2018-07-04', '2018-08-15', 26),
(25, 3, 'Greenwich Classic ', '2018-07-03', '2018-08-14', 33),
(26, 3, 'Greenwich Premium ', '2018-07-03', '2018-08-14', 35),
(27, 56, 'Kingston Premium ', '2018-07-04', '2018-08-15', 37),
(28, 20, 'Chester Premium ', '2018-07-10', '2018-08-14', 29),
(29, 47, 'Liverpool Premium', '2018-07-05', '2018-08-02', 32),
(30, 12, 'Loughborough Academy', '2018-07-03', '2018-08-14', 41),
(31, 57, 'Stirling Premium ', '2018-07-03', '2018-07-31', 42),
(32, 53, 'Windsor Academy', '2018-07-03', '2018-08-14', 43),
(33, 64, 'Suggested Activity Programme', '2018-10-21', '2018-11-01', 48),
(36, 20, 'Chester Premium ', '2018-07-10', '2018-08-14', 28),
(37, 70, 'London Uxbridge', '2018-07-04', '2018-08-01', 49),
(38, 6, 'test delete master activity', '2018-05-21', '2018-06-21', 50);

-- --------------------------------------------------------

--
-- Table structure for table `frontweb_menumst`
--

DROP TABLE IF EXISTS `frontweb_menumst`;
CREATE TABLE IF NOT EXISTS `frontweb_menumst` (
  `mnu_menuid` int(8) NOT NULL AUTO_INCREMENT COMMENT 'Unique Identifier',
  `mnu_parent_menu_id` int(8) NOT NULL DEFAULT '0',
  `mnu_menu_name` varchar(50) NOT NULL COMMENT 'Menu name',
  `mnu_is_content` int(1) NOT NULL COMMENT '0 – if menu has contents. 1 – if menu has no contents.',
  `mnu_url` varchar(100) NOT NULL COMMENT 'Not null if mnu_is_content = 1 menu.',
  `mnu_status` int(1) NOT NULL DEFAULT '1' COMMENT 'In which position menu name should be listed',
  `mnu_level` int(10) NOT NULL DEFAULT '1',
  `mnu_type` enum('Top','Footer','Other') NOT NULL DEFAULT 'Top',
  `mnu_sequence` int(10) NOT NULL DEFAULT '0',
  `mnu_created_on` datetime NOT NULL COMMENT 'Date on which menu is created.',
  `mnu_created_by` int(8) NOT NULL COMMENT 'Id of the user who created the menu',
  `mnu_modified_on` datetime NOT NULL COMMENT 'Date on which menu details are modified.',
  `mnu_modified_by` int(8) NOT NULL COMMENT 'Id of the user who modified the menu details',
  `is_deleted` int(1) NOT NULL DEFAULT '0',
  PRIMARY KEY (`mnu_menuid`)
) ENGINE=MyISAM AUTO_INCREMENT=55 DEFAULT CHARSET=latin1 COMMENT='Menu Details';

--
-- Dumping data for table `frontweb_menumst`
--

INSERT INTO `frontweb_menumst` (`mnu_menuid`, `mnu_parent_menu_id`, `mnu_menu_name`, `mnu_is_content`, `mnu_url`, `mnu_status`, `mnu_level`, `mnu_type`, `mnu_sequence`, `mnu_created_on`, `mnu_created_by`, `mnu_modified_on`, `mnu_modified_by`, `is_deleted`) VALUES
(1, 0, 'Home', 1, '', 1, 1, 'Top', 1, '2017-12-08 14:00:42', 0, '2017-12-08 15:05:31', 0, 0),
(2, 0, 'Brochure', 1, '', 1, 1, 'Top', 2, '2017-12-08 14:32:03', 0, '2017-12-08 15:05:24', 0, 0),
(3, 0, 'About us', 1, '', 1, 1, 'Top', 3, '2017-12-08 14:35:29', 0, '2017-12-08 15:05:16', 0, 0),
(4, 0, 'Contact', 1, '', 1, 1, 'Top', 4, '2017-12-08 14:36:25', 0, '0000-00-00 00:00:00', 0, 0),
(5, 0, 'WHICH WORKSHOP TO FIND PLUS', 1, '', 1, 1, 'Footer', 1, '2017-12-08 15:06:18', 0, '2017-12-14 10:44:02', 0, 0),
(6, 0, 'JOBS', 1, '', 1, 1, 'Footer', 3, '2017-12-08 15:12:35', 0, '2017-12-14 10:44:20', 0, 0),
(7, 2, 'PLUS Brochure (English Version)', 1, '', 1, 2, 'Top', 1, '2017-12-08 15:14:53', 0, '0000-00-00 00:00:00', 0, 0),
(8, 2, 'PLUS Brochure(Chinese Version)', 1, '', 1, 2, 'Top', 2, '2017-12-08 15:15:52', 0, '0000-00-00 00:00:00', 0, 0),
(9, 0, 'Accomodation', 1, '', 1, 1, 'Other', 1, '2017-12-11 10:32:46', 0, '0000-00-00 00:00:00', 0, 0),
(10, 0, 'Plus Team', 1, '', 1, 1, 'Other', 2, '2017-12-11 13:01:31', 0, '0000-00-00 00:00:00', 0, 0),
(11, 0, 'Course', 1, '', 1, 1, 'Other', 3, '2017-12-12 13:28:13', 0, '0000-00-00 00:00:00', 0, 0),
(12, 2, 'Uk University Placement', 1, '', 1, 2, 'Top', 3, '2017-12-13 12:13:31', 0, '0000-00-00 00:00:00', 0, 0),
(13, 0, 'Footer Address', 1, '', 1, 1, 'Other', 4, '2017-12-14 10:40:31', 0, '0000-00-00 00:00:00', 0, 0),
(14, 0, 'USEFUL INFORMATION', 1, '', 1, 1, 'Footer', 4, '2017-12-14 10:44:37', 0, '0000-00-00 00:00:00', 0, 0),
(15, 5, 'Quality form', 1, '', 1, 2, 'Footer', 1, '2017-12-14 13:19:36', 0, '0000-00-00 00:00:00', 0, 0),
(16, 5, 'Report a complaint', 1, '', 1, 2, 'Footer', 2, '2017-12-14 13:30:00', 0, '0000-00-00 00:00:00', 0, 0),
(17, 6, 'Apply for campus manager', 1, '', 1, 2, 'Footer', 2, '2017-12-14 13:30:27', 0, '0000-00-00 00:00:00', 0, 0),
(18, 6, 'Apply for Choreographer', 1, '', 1, 2, 'Footer', 1, '2017-12-14 13:30:37', 0, '2018-01-23 12:17:20', 0, 0),
(19, 6, 'Apply for teaching position', 1, '', 1, 2, 'Footer', 5, '2017-12-14 13:30:48', 0, '0000-00-00 00:00:00', 0, 0),
(20, 6, 'Apply for activity leader position', 1, '', 1, 2, 'Footer', 3, '2017-12-14 13:31:00', 0, '0000-00-00 00:00:00', 0, 0),
(21, 6, 'Apply for an Course Director position', 1, '', 1, 2, 'Footer', 4, '2017-12-14 13:31:12', 0, '2018-01-23 12:19:02', 0, 0),
(22, 14, 'Language levels', 1, '', 1, 2, 'Footer', 1, '2017-12-14 13:32:13', 0, '0000-00-00 00:00:00', 0, 0),
(23, 14, 'Insurance', 1, '', 1, 2, 'Footer', 2, '2017-12-14 13:32:25', 0, '0000-00-00 00:00:00', 0, 0),
(24, 14, 'Visa information', 1, '', 1, 2, 'Footer', 3, '2017-12-14 13:32:36', 0, '0000-00-00 00:00:00', 0, 0),
(25, 14, 'Policies', 1, '', 1, 2, 'Footer', 4, '2017-12-14 13:32:47', 0, '0000-00-00 00:00:00', 0, 0),
(26, 14, 'Welfare form', 1, '', 1, 2, 'Footer', 5, '2017-12-14 13:32:57', 0, '0000-00-00 00:00:00', 0, 0),
(27, 14, 'Customer satisfaction policy', 1, '', 1, 2, 'Footer', 6, '2017-12-14 13:33:08', 0, '0000-00-00 00:00:00', 0, 0),
(28, 14, 'Young learner age range policy', 1, '', 1, 2, 'Footer', 7, '2017-12-14 13:33:29', 0, '0000-00-00 00:00:00', 0, 0),
(29, 14, 'Child supervision policy', 1, '', 1, 2, 'Footer', 8, '2017-12-14 13:33:45', 0, '0000-00-00 00:00:00', 0, 0),
(30, 14, 'Safeguarding policy', 1, '', 1, 2, 'Footer', 9, '2017-12-14 13:33:55', 0, '0000-00-00 00:00:00', 0, 0),
(31, 14, 'Student code of conduct', 1, '', 1, 2, 'Footer', 10, '2017-12-14 13:34:06', 0, '0000-00-00 00:00:00', 0, 0),
(32, 14, 'Student absence policy', 1, '', 1, 2, 'Footer', 11, '2017-12-14 13:34:17', 0, '0000-00-00 00:00:00', 0, 0),
(33, 14, 'Unacceptable behaviour policy', 1, '', 1, 2, 'Footer', 12, '2017-12-14 13:34:32', 0, '0000-00-00 00:00:00', 0, 0),
(34, 14, 'Privacy policy', 1, '', 1, 2, 'Footer', 13, '2017-12-14 13:34:45', 0, '0000-00-00 00:00:00', 0, 0),
(35, 14, 'Anti-bullying policy', 1, '', 1, 2, 'Footer', 14, '2017-12-14 13:35:05', 0, '0000-00-00 00:00:00', 0, 0),
(36, 14, 'Accessibility statement', 1, '', 1, 2, 'Footer', 15, '2017-12-14 13:35:15', 0, '0000-00-00 00:00:00', 0, 0),
(37, 14, 'Terms and conditions', 1, '', 1, 2, 'Footer', 19, '2017-12-14 13:35:24', 0, '0000-00-00 00:00:00', 0, 0),
(38, 14, 'Plus Social Media Policy', 1, '', 1, 2, 'Footer', 16, '2017-12-15 06:17:08', 0, '0000-00-00 00:00:00', 0, 0),
(39, 14, 'Pluf Fire Safety Policy', 1, '', 1, 2, 'Footer', 17, '2017-12-15 06:17:24', 0, '0000-00-00 00:00:00', 0, 0),
(40, 14, 'Plus Safeguarding Policy', 1, '', 1, 2, 'Footer', 18, '2017-12-15 06:17:41', 0, '0000-00-00 00:00:00', 0, 0),
(41, 0, 'Add on', 1, '', 1, 1, 'Other', 5, '2017-12-22 05:49:29', 0, '0000-00-00 00:00:00', 0, 0),
(42, 0, 'Accomodation(Home Page)', 1, '', 1, 1, 'Other', 6, '2018-01-23 06:56:21', 0, '0000-00-00 00:00:00', 0, 0),
(43, 0, 'Activities On Campus', 1, '', 1, 1, 'Other', 7, '2018-01-23 09:25:41', 0, '0000-00-00 00:00:00', 0, 0),
(44, 0, 'Our Team', 1, '', 1, 1, 'Other', 8, '2018-01-23 09:47:34', 0, '0000-00-00 00:00:00', 0, 0),
(45, 1, 'ACCOMMODATION', 1, '', 1, 2, 'Top', 1, '2018-01-29 08:56:25', 0, '2018-02-16 14:46:58', 0, 0),
(46, 1, 'Activities On Campus', 1, '', 1, 2, 'Top', 2, '2018-01-29 08:57:23', 0, '0000-00-00 00:00:00', 0, 0),
(47, 1, 'Our Team', 1, '', 1, 2, 'Top', 3, '2018-01-29 08:57:36', 0, '0000-00-00 00:00:00', 0, 0),
(50, 0, 'Download Instructions for Desktop', 1, '', 1, 1, 'Other', 9, '2018-02-13 06:18:44', 0, '2018-02-13 06:23:11', 0, 0),
(51, 0, 'Download Instructions for Android', 1, '', 1, 1, 'Other', 10, '2018-02-13 06:23:36', 0, '2018-02-13 06:23:48', 0, 0),
(52, 0, 'Download Instructions for IOS', 1, '', 1, 1, 'Other', 11, '2018-02-13 06:24:24', 0, '0000-00-00 00:00:00', 0, 0);

-- --------------------------------------------------------

--
-- Table structure for table `frontweb_plus_activity`
--

DROP TABLE IF EXISTS `frontweb_plus_activity`;
CREATE TABLE IF NOT EXISTS `frontweb_plus_activity` (
  `plus_activity_id` int(11) NOT NULL AUTO_INCREMENT COMMENT 'primary key',
  `name` varchar(255) DEFAULT NULL,
  `centre_id` int(11) DEFAULT NULL,
  `description` text,
  `front_image` varchar(255) DEFAULT NULL,
  `added_date` date DEFAULT NULL,
  `show_type` tinyint(1) NOT NULL DEFAULT '1' COMMENT '1 : upload image & 2 : enter text',
  `show_text` varchar(255) DEFAULT NULL,
  `sequence` int(11) DEFAULT NULL,
  `status` tinyint(1) NOT NULL DEFAULT '1' COMMENT '1:Active & 0:Inactive',
  `delete_flag` tinyint(1) NOT NULL DEFAULT '0' COMMENT '0:not delete and 1:deleted',
  PRIMARY KEY (`plus_activity_id`)
) ENGINE=MyISAM AUTO_INCREMENT=9 DEFAULT CHARSET=utf8;

--
-- Dumping data for table `frontweb_plus_activity`
--

INSERT INTO `frontweb_plus_activity` (`plus_activity_id`, `name`, `centre_id`, `description`, `front_image`, `added_date`, `show_type`, `show_text`, `sequence`, `status`, `delete_flag`) VALUES
(1, 'Test activity', 6, '<p>It is a long established fact that a reader will be distracted by the readable content of a page when looking at its layout. The point of using Lorem Ipsum is that it has a more-or-less normal distribution of letters, as opposed to using ''Content here, content here'', making it look like readable English. Many desktop publishing packages and web page editors now use Lorem Ipsum as their default model text, and a search for ''lorem ipsum'' will uncover many web sites still in their infancy. Various versions have evolved over the years, sometimes by accident, sometimes on purpose (injected humour and the like).\r\n\r\n</p>', '12', '2018-04-24', 1, '', 2, 1, 0),
(2, 'Same day activity', 6, '<p>Lorem Ipsum is simply dummy text of the printing and typesetting industry. Lorem Ipsum has been the industry''s standard dummy text ever since the 1500s, when an unknown printer took a galley of type and scrambled it to make a type specimen book. It has survived not only five centuries, but also the leap into electronic typesetting, remaining essentially unchanged. It was popularised in the 1960s with the release of Letraset sheets containing Lorem Ipsum passages, and more recently with desktop publishing software like Aldus PageMaker including versions of Lorem Ipsum.\r\n\r\n</p>', '13', '2018-04-24', 2, 'Today''s Activity', 1, 1, 0),
(3, 'One day Activity', 6, '<p style="margin-bottom: 15px; padding: 0px; text-align: justify; color: rgb(0, 0, 0); font-family: &quot;Open Sans&quot;, Arial, sans-serif; font-size: 14px;">There are many variations of passages of Lorem Ipsum available, but the majority have suffered alteration in some form, by injected humour, or randomised words which don''t look even slightly believable. If you are going to use a passage of Lorem Ipsum, you need to be sure there isn''t anything embarrassing hidden in the middle of text. All the Lorem Ipsum generators on the Internet tend to repeat predefined chunks as necessary, making this the first true generator on the Internet. It uses a dictionary of over 200 Latin words, combined with a handful of model sentence structures, to generate Lorem Ipsum which looks reasonable. The generated Lorem Ipsum is therefore always free from repetition, injected humour, or non-characteristic words etc.</p>', '8', '2018-04-24', 1, '', 3, 1, 0),
(4, 'test london greenwich', 3, '<p>test dfescription</p>', '15', '2018-04-25', 1, '', 1, 1, 0),
(5, 'test two', 3, '<p>test two</p>', '14', '2018-04-25', 1, '', 2, 1, 1),
(6, 'test', 67, '<p>&nbsp;testtesttest testtesttes ttesttesttesttesttest testtesttes ttesttesttesttesttest testtesttes ttesttesttesttesttest testtesttes ttesttesttesttesttest testtesttes ttesttesttesttesttest testtesttes ttesttesttesttesttest testtesttes ttesttesttesttesttest testtesttes ttesttesttesttesttest testtesttes ttesttesttesttesttest testtesttes ttesttesttesttesttest testtesttes ttesttesttesttesttest testtesttes ttesttesttesttesttest testtesttes ttesttest</p>', '2', '2018-05-03', 2, 'todays activity', 1, 1, 0),
(7, 'Test activity', 67, '<p>Test activity<br></p>', '1', '2018-05-16', 1, 'Today''s activity', 2, 1, 0),
(8, 'Weekly activity', 67, '<p>Weekly activity<br></p>', '2', '2018-05-16', 2, 'Weekly activity', 3, 1, 0);

-- --------------------------------------------------------

--
-- Table structure for table `frontweb_plus_activity_file`
--

DROP TABLE IF EXISTS `frontweb_plus_activity_file`;
CREATE TABLE IF NOT EXISTS `frontweb_plus_activity_file` (
  `plus_activity_file_id` int(11) NOT NULL AUTO_INCREMENT COMMENT 'primary key',
  `file_name` varchar(255) DEFAULT NULL,
  `plus_activity_id` int(11) NOT NULL,
  PRIMARY KEY (`plus_activity_file_id`)
) ENGINE=MyISAM AUTO_INCREMENT=14 DEFAULT CHARSET=utf8;

--
-- Dumping data for table `frontweb_plus_activity_file`
--

INSERT INTO `frontweb_plus_activity_file` (`plus_activity_file_id`, `file_name`, `plus_activity_id`) VALUES
(1, '1524551315.pdf', 1),
(2, '1524551315.jpg', 1),
(3, '1524551315.xls', 1),
(4, '1524551315.doc', 1),
(5, '1524552991.jpg', 2),
(6, '15245529911.jpg', 2),
(7, '15245529912.jpg', 2),
(8, '1524554290.jpg', 3),
(9, '15245542901.jpg', 3),
(10, '15245542902.jpg', 3),
(12, '1526463431.jpg', 7),
(13, '1526463867.pdf', 8);

-- --------------------------------------------------------

--
-- Table structure for table `frontweb_plus_video`
--

DROP TABLE IF EXISTS `frontweb_plus_video`;
CREATE TABLE IF NOT EXISTS `frontweb_plus_video` (
  `plus_video_id` int(11) NOT NULL AUTO_INCREMENT COMMENT 'primary key',
  `centre` int(11) DEFAULT NULL,
  `password` varchar(255) DEFAULT NULL,
  `manager_password` varchar(255) DEFAULT NULL,
  PRIMARY KEY (`plus_video_id`)
) ENGINE=MyISAM AUTO_INCREMENT=36 DEFAULT CHARSET=utf8;

--
-- Dumping data for table `frontweb_plus_video`
--

INSERT INTO `frontweb_plus_video` (`plus_video_id`, `centre`, `password`, `manager_password`) VALUES
(1, 3, 'uA8JgBHqi2', 'Manager123'),
(2, 62, 'itUB9Diu7c', 'BEGh2UOslD'),
(3, 6, 'XOIF7YTlJ0', '4wNwZwKBRc'),
(4, 12, 'AQoTKkPseG', 'RevYI4wN7i'),
(5, 52, 'KfiK9WWNeW', 'Manager123'),
(6, 20, 'Chester123', 'eBCSnmoJLs1'),
(7, 21, 'zEBJ7eCwwz', '0GIgvycolY'),
(8, 26, 'WzdinSllwT', 'tuNJNzdZ2U'),
(9, 27, 'dLpmMCEhmF', 'XuXw4m0ecI'),
(10, 30, 'vr3UUcRLa8', 'kEMjHpHlFn'),
(11, 47, 'pksoRQONwZ', 'UsnmvGS2Nl'),
(12, 36, '0DvMefQPvs', 'yQjlQECxpC'),
(13, 38, 'U6vz7EPQJg', 'Manager123'),
(14, 41, 'bVkH6K5ihC', 'TO9BY3Jj2n'),
(15, 42, 'sQiDiNtaKe', 'MOKMXULwdj'),
(16, 45, 'N3gnitjUdm', '6i3OQlLqgq'),
(17, 46, 'Oizma1tvjG', 'dIcSujiIx9'),
(18, 48, 'AM3zw9hq6r', 'W3KJdhtCRu'),
(19, 53, 'Id5tt5BDbk', 'CLPzTeSRBS'),
(20, 56, 'jPt3zxKAEB', '8P06PCCEAj'),
(21, 57, 'WkAKWJAg6X', 'MIoAUqgI9g'),
(22, 59, 'HXgyaos9DB', 'rnzHr7WhaG'),
(23, 60, 'cpQVlIcbQh', 'rjDGhEd2X2'),
(24, 61, 'xVaP4r9QNb', 'CsbfMvbemj'),
(25, 63, 'hdAJrNa774', 'kjjCMDszKX'),
(26, 64, 'Testtest123', 'Manager123'),
(27, 65, 'UsAWXHgPI3', 'ds9999L3hM'),
(28, 66, 'tnkGNcwIF7', 'zbzfHYt9Co'),
(29, 67, 'QVyjEbe4m1', 'Manager123'),
(30, 68, '6m5M7oHmSY', 'RkQbMy1Bbl'),
(31, 69, 'Pmhzh1NzOG', 'XbpXtKwVz8'),
(32, 70, '9aYEJNSago', '00b4A1uplz'),
(33, 71, 'DuuuAWK6OO', 'khiKWluNQ9'),
(34, 72, 'nzH2paMRza', 'LXkGT9DiTP'),
(35, 73, 'Y6WNjGOp7a', 'Gvm6hsvCQ4');

-- --------------------------------------------------------

--
-- Table structure for table `frontweb_plus_walking_tour`
--

DROP TABLE IF EXISTS `frontweb_plus_walking_tour`;
CREATE TABLE IF NOT EXISTS `frontweb_plus_walking_tour` (
  `plus_walking_tour_id` int(11) NOT NULL AUTO_INCREMENT COMMENT 'primary key',
  `centre_id` int(11) DEFAULT NULL,
  `video` varchar(255) DEFAULT NULL,
  `description` text,
  `video_image` varchar(255) DEFAULT NULL,
  `status` tinyint(1) NOT NULL DEFAULT '1' COMMENT '1:Active , 0:inactive',
  `delete_flag` tinyint(1) NOT NULL DEFAULT '0' COMMENT '0:not delete and 1:deleted',
  PRIMARY KEY (`plus_walking_tour_id`)
) ENGINE=MyISAM AUTO_INCREMENT=7 DEFAULT CHARSET=utf8;

--
-- Dumping data for table `frontweb_plus_walking_tour`
--

INSERT INTO `frontweb_plus_walking_tour` (`plus_walking_tour_id`, `centre_id`, `video`, `description`, `video_image`, `status`, `delete_flag`) VALUES
(1, 67, 'https://vimeo.com/257910833', 'Brighton Half Day 1', '1524129689.jpg', 1, 0),
(2, 67, 'https://vimeo.com/257912850', 'Brighton Half Day 2 ', '1524129758.jpg', 1, 0),
(3, 67, 'https://vimeo.com/257918123', 'Brighton Half Day 3', '1524129794.jpg', 1, 0),
(4, 67, 'https://vimeo.com/257919533', 'Brighton Half Day 4', '1524129829.jpg', 1, 0),
(5, 67, 'https://vimeo.com/257921633', 'Brighton Half Day 5', '1524129865.jpg', 1, 0),
(6, 67, 'https://vimeo.com/257922177', 'Cambridge', '1524129897.jpg', 1, 0);

-- --------------------------------------------------------

--
-- Table structure for table `frontweb_program_banner`
--

DROP TABLE IF EXISTS `frontweb_program_banner`;
CREATE TABLE IF NOT EXISTS `frontweb_program_banner` (
  `program_id` int(11) NOT NULL AUTO_INCREMENT COMMENT 'primary key',
  `program_image` varchar(100) DEFAULT NULL,
  `program_status` tinyint(1) NOT NULL DEFAULT '1' COMMENT '1:Active , 0:inactive',
  `delete_flag` tinyint(1) NOT NULL DEFAULT '0' COMMENT '0 = not deleted and 1 = deleted',
  PRIMARY KEY (`program_id`)
) ENGINE=MyISAM AUTO_INCREMENT=11 DEFAULT CHARSET=utf8;

--
-- Dumping data for table `frontweb_program_banner`
--

INSERT INTO `frontweb_program_banner` (`program_id`, `program_image`, `program_status`, `delete_flag`) VALUES
(1, '1511917327.jpg', 1, 0),
(2, '1511917360.jpg', 1, 0),
(3, '1511917411.jpg', 1, 0),
(4, '1511917451.jpg', 1, 0),
(5, '1511917486.jpg', 1, 0);

-- --------------------------------------------------------

--
-- Table structure for table `frontweb_program_banner_language`
--

DROP TABLE IF EXISTS `frontweb_program_banner_language`;
CREATE TABLE IF NOT EXISTS `frontweb_program_banner_language` (
  `program_language_id` int(11) NOT NULL AUTO_INCREMENT COMMENT 'primary key',
  `language_id` int(11) DEFAULT NULL,
  `program_title` varchar(100) DEFAULT NULL,
  `program_short_description` varchar(200) DEFAULT NULL,
  `program_description` text,
  `program_id` int(11) DEFAULT NULL,
  `more_link` varchar(255) DEFAULT NULL,
  PRIMARY KEY (`program_language_id`)
) ENGINE=MyISAM AUTO_INCREMENT=11 DEFAULT CHARSET=utf8;

--
-- Dumping data for table `frontweb_program_banner_language`
--

INSERT INTO `frontweb_program_banner_language` (`program_language_id`, `language_id`, `program_title`, `program_short_description`, `program_description`, `program_id`, `more_link`) VALUES
(1, 1, 'JUNIOR USA SUMMER COURSE', 'Giving valuable reputation and credibility to your business', 'Giving valuable reputation and credibility to your business', 1, 'program#experience'),
(2, 1, 'THE USA EXPERIENCE PROGRAMME', 'Giving valuable reputation and credibility to your business', 'Giving valuable reputation and credibility to your business', 2, 'junior-summer-courses'),
(3, 1, 'JUNIOR ALL YEAR ROUND IN USA', 'Giving valuable reputation and credibility to your business', 'Giving valuable reputation and credibility to your business', 3, 'junior-summer-courses'),
(4, 1, 'UNIOR MINI STAY - ALL YEAR ROUND', 'Giving valuable reputation and credibility to your business', 'Giving valuable reputation and credibility to your business', 4, 'junior-mini-stay'),
(5, 1, 'UK UNIVERSITY PLACEMENT', 'Giving valuable reputation and credibility to your business', 'Giving valuable reputation and credibility to your business', 5, 'adult-course');

-- --------------------------------------------------------

--
-- Table structure for table `frontweb_program_course`
--

DROP TABLE IF EXISTS `frontweb_program_course`;
CREATE TABLE IF NOT EXISTS `frontweb_program_course` (
  `program_course_id` int(11) NOT NULL AUTO_INCREMENT COMMENT 'primary key',
  `program_course_name` varchar(100) DEFAULT NULL,
  `program_course_description` text,
  `program_course_logo` varchar(100) DEFAULT NULL,
  `program_front_image` varchar(200) DEFAULT NULL,
  `sequence_slug` varchar(255) DEFAULT NULL,
  `program_course_status` tinyint(1) NOT NULL DEFAULT '1' COMMENT '1:Active & 0:Inactive',
  `delete_flag` tinyint(1) NOT NULL DEFAULT '0' COMMENT '0:not delete & 1:delete',
  PRIMARY KEY (`program_course_id`)
) ENGINE=MyISAM AUTO_INCREMENT=17 DEFAULT CHARSET=utf8;

--
-- Dumping data for table `frontweb_program_course`
--

INSERT INTO `frontweb_program_course` (`program_course_id`, `program_course_name`, `program_course_description`, `program_course_logo`, `program_front_image`, `sequence_slug`, `program_course_status`, `delete_flag`) VALUES
(1, 'CLASSIC', '<p style="color: #999;text-transform: none;font-weight: normal;margin-bottom: 1em;">The Classic package includes full board onsite or host family accommodation, expert tuition and two full day excursion per week. Also included are a full and varied onsite social and sports activities program during the day as well as an action-packed evening social program all fully organized and supervised by our energetic PLUS staff. </p>', '1515652617.jpg', '1515982530.jpg', 'classic', 1, 0),
(2, 'CLASSIC PREMIUM', '<p style="color: #999;text-transform: none;font-weight: normal;margin-bottom: 1em;">The Classic Premium package includes full board onsite or host family accommodation, expert tuition and two or more full day excursion per week (including attractions). These excursions normally include a walking tour and we can offer additional attraction tickets at a reduced rate organized by PLUS.  Also included are a full and varied onsite social and sports activities program during the day as well as an action-packed evening social program all fully organized and supervised by our energetic PLUS staff. </p>', '1515652635.jpg', '1515575735.jpg', 'classic-premium', 1, 0),
(3, 'CLASSIC PLUS ACADEMY', '<p style="color: #999;text-transform: none;font-weight: normal;margin-bottom: 1em;">The Academy package includes full board onsite or host family accommodation, expert tuition and two full day excursion per week. Also included are a full and varied onsite social and sports activities program during the day as well as an action-packed evening social program all fully organized and supervised by our energetic PLUS staff.  </p>\n<p style="color: #999;text-transform: none;font-weight: normal;margin-bottom: 1em;">In addition to this, students can book to take specialist courses in Football, Rugby or Dance with our highly trained and experienced coaches. These sessions are 2 hours long with specific skills focusses and drills followed by an hour of games and freer practice organized by our PLUS staff. </p>', '1515652655.jpg', '1515575870.jpg', 'classic-plus-academy', 1, 0),
(4, 'CLASSIC PREMIUM PLUS ACADEMY', '<p style="color: #999;text-transform: none;font-weight: normal;margin-bottom: 1em;">The Academy package includes full board onsite or host family accommodation, expert tuition and two full day excursion per week. Also included are a full and varied onsite social and sports activities program during the day as well as an action-packed evening social program all fully organized and supervised by our energetic PLUS staff. </p>\n<p style="color: #999;text-transform: none;font-weight: normal;margin-bottom: 1em;">In addition to this, students can book to take specialist courses in Football, Rugby or Dance with our highly trained and experienced coaches. These sessions are 2 hours long with specific skills focusses and drills followed by an hour of games and freer practice organized by our PLUS staff. </p>', '1515652678.jpg', '1515575895.jpg', 'classic-premium-plus-academy', 1, 0),
(5, 'EXPERIENCE', '<p style="color: #999;text-transform: none;font-weight: normal;margin-bottom: 1em;">Here at PLUS we have created and developed a truly unique Experience Package. This all-inclusive programme includes full board accommodation, expert tuition, exciting activity program and engaging excursions to some of the most famous sites in the world, including priority entrance to attractions and the full VIP treatment. Also included is a half board weekend away to a world-famous city depending on location. (For example, Boston, Washington, LA, San Francisco). This course is action packed and fully immersive to ensure every student has a truly rewarding and unforgettable experience in the USA. </p>', '1515652693.jpg', '1515575978.jpg', 'experience', 1, 0),
(6, 'CLASSIC SUPERIOR', '<p style="color: #999;text-transform: none;font-weight: normal;margin-bottom: 1em;">The Classic Premium package includes full board onsite or host family accommodation, expert tuition and many full day excursions each week (including entrance to the attractions). Also included are a full and varied onsite social and sports activities program during the day as well as an action-packed evening social program all fully organized and supervised by our energetic PLUS staff.</p>', '1515652706.jpg', '1515575994.jpg', 'classic-superior', 1, 0),
(7, 'CLASSIC PREMIUM PLUS WEEKEND AWAY', '<p style="color: #999;text-transform: none;font-weight: normal;margin-bottom: 1em;">The academy + classic + weekend away is the course that offers a nonstop, immersive course to get the most out of your time in the UK. This course includes full board accommodation, expert tuition, full and varied social program, 2 or more excursions each week, attraction tickets included, full participation in a prebooked academy course (football, rugby or Dance) as well as a weekend away to London. Offering the chance to explore the famous capital city whilst staying at one of our London based centers or other suitable accommodation. </p>', '1515652720.jpg', '1515575919.jpg', 'classic-premium-plus-weekend-away', 1, 0);

-- --------------------------------------------------------

--
-- Table structure for table `frontweb_region_master_old`
--

DROP TABLE IF EXISTS `frontweb_region_master_old`;
CREATE TABLE IF NOT EXISTS `frontweb_region_master_old` (
  `region_id` int(11) NOT NULL AUTO_INCREMENT COMMENT 'primary key',
  `region_name` varchar(200) DEFAULT NULL,
  PRIMARY KEY (`region_id`)
) ENGINE=MyISAM AUTO_INCREMENT=5 DEFAULT CHARSET=utf8;

--
-- Dumping data for table `frontweb_region_master_old`
--

INSERT INTO `frontweb_region_master_old` (`region_id`, `region_name`) VALUES
(1, 'UNITED KINGDOM'),
(2, 'USA'),
(3, 'IRELAND'),
(4, 'MALTA');

-- --------------------------------------------------------

--
-- Table structure for table `frontweb_section_setting`
--

DROP TABLE IF EXISTS `frontweb_section_setting`;
CREATE TABLE IF NOT EXISTS `frontweb_section_setting` (
  `id` int(11) NOT NULL AUTO_INCREMENT COMMENT 'primary key',
  `name` varchar(255) DEFAULT NULL,
  `slug` varchar(255) DEFAULT NULL,
  `sequence` int(11) DEFAULT NULL,
  `type` enum('1','2') DEFAULT NULL COMMENT '1 : junior centre & 2 : junior mini stay',
  PRIMARY KEY (`id`)
) ENGINE=MyISAM AUTO_INCREMENT=58 DEFAULT CHARSET=utf8;

--
-- Dumping data for table `frontweb_section_setting`
--

INSERT INTO `frontweb_section_setting` (`id`, `name`, `slug`, `sequence`, `type`) VALUES
(1, 'DATES', 'dates', 1, '1'),
(2, 'ACCOMMODATION', 'accommodation', 2, '1'),
(3, 'COURSE', 'course', 4, '1'),
(4, 'SOCIAL PROGRAMMES AND SPORT', 'social-program-sport', 3, '1'),
(5, 'WALKING TOUR', 'walking-tour', 6, '1'),
(6, 'TRAVEL CARD', 'travel-card', 5, '1'),
(7, 'PLUS TEAM', 'plus-team', 7, '1'),
(8, 'CLASSIC', 'classic', 8, '1'),
(9, 'CLASSIC PREMIUM', 'classic-premium', 9, '1'),
(10, 'CLASSIC PLUS ACADEMY', 'classic-plus-academy', 10, '1'),
(11, 'CLASSIC PREMIUM PLUS ACADEMY', 'classic-premium-plus-academy', 11, '1'),
(12, 'EXPERIENCE', 'experience', 12, '1'),
(13, 'CLASSIC SUPERIOR', 'classic-superior', 13, '1'),
(14, 'CLASSIC PREMIUM PLUS WEEKEND AWAY', 'classic-premium-plus-weekend-away', 14, '1'),
(15, 'Add ON', 'add-on', 15, '1'),
(16, 'Fact Sheet', 'fact-sheet', 16, '1'),
(17, 'Activity Programmes', 'activity-program', 17, '1'),
(18, 'Menu', 'menu', 18, '1'),
(19, 'International Mix', 'international-mix', 19, '1'),
(20, 'DATES', 'dates', 3, '2'),
(21, 'ACCOMMODATION', 'accommodation', 1, '2'),
(22, 'COURSE', 'course', 4, '2'),
(23, 'SOCIAL PROGRAMMES AND SPORT', 'social-program-sport', 2, '2'),
(24, 'WALKING TOUR', 'walking-tour', 5, '2'),
(25, 'TRAVEL CARD', 'travel-card', 6, '2'),
(26, 'PLUS TEAM', 'plus-team', 7, '2'),
(27, 'CLASSIC', 'classic', 8, '2'),
(28, 'CLASSIC PREMIUM', 'classic-premium', 9, '2'),
(29, 'CLASSIC PLUS ACADEMY', 'classic-plus-academy', 10, '2'),
(30, 'CLASSIC PREMIUM PLUS ACADEMY', 'classic-premium-plus-academy', 11, '2'),
(31, 'EXPERIENCE', 'experience', 12, '2'),
(32, 'CLASSIC SUPERIOR', 'classic-superior', 13, '2'),
(33, 'CLASSIC PREMIUM PLUS WEEKEND AWAY', 'classic-premium-plus-weekend-away', 14, '2'),
(34, 'Add ON', 'add-on', 15, '2'),
(35, 'Fact Sheet', 'fact-sheet', 16, '2'),
(36, 'Activity Programmes', 'activity-program', 17, '2'),
(37, 'Menu', 'menu', 18, '2'),
(38, 'International Mix', 'international-mix', 19, '2'),
(53, 'Horse Riding', 'horse-riding', 21, '1'),
(54, 'Golf Play', 'golf-play', 20, '2'),
(55, 'New Year Program', 'new-year-program', 22, '1'),
(56, 'Test section', 'test-section', 23, '1'),
(57, 'Test extra section', 'test-extra-section', 20, '1');

-- --------------------------------------------------------

--
-- Table structure for table `frontweb_student_group`
--

DROP TABLE IF EXISTS `frontweb_student_group`;
CREATE TABLE IF NOT EXISTS `frontweb_student_group` (
  `student_group_id` int(11) NOT NULL AUTO_INCREMENT COMMENT 'primary key',
  `centre_id` int(11) DEFAULT NULL,
  `group_name` varchar(255) DEFAULT NULL,
  `group_strength` int(11) DEFAULT NULL,
  `status` tinyint(1) NOT NULL DEFAULT '1' COMMENT '1 : Active & 0 : Inactive',
  `delete_flag` tinyint(1) NOT NULL DEFAULT '0' COMMENT '0:not delete & 1:delete',
  PRIMARY KEY (`student_group_id`)
) ENGINE=MyISAM AUTO_INCREMENT=51 DEFAULT CHARSET=utf8;

--
-- Dumping data for table `frontweb_student_group`
--

INSERT INTO `frontweb_student_group` (`student_group_id`, `centre_id`, `group_name`, `group_strength`, `status`, `delete_flag`) VALUES
(1, 67, 'tset', 12, 1, 1),
(2, 3, 'Classic Group A', 50, 1, 1),
(3, 3, 'Classic Group B', 50, 1, 1),
(4, 67, 'Classic Programme', 100, 1, 1),
(5, 67, 'Premium ', 100, 1, 1),
(6, 6, 'Mini Stay ', 200, 1, 1),
(7, 6, 'PLUS Mini Stay', 100, 1, 1),
(8, 6, 'Mini Stay', 1, 1, 1),
(9, 6, 'Classic Programme B', 1000, 1, 1),
(10, 6, 'Classic Premium Programme ', 100, 1, 1),
(11, 6, 'Classic Programme A', 100, 1, 1),
(12, 6, 'Classic Premium Programme B', 11, 1, 1),
(13, 6, 'Canterbury Group A', 100, 1, 1),
(14, 6, 'Canterbury Group B', 100, 1, 1),
(15, 6, 'premium A', 1111, 1, 1),
(16, 6, 'premium b', 32323, 1, 1),
(17, 36, 'Group A Premium', 100, 1, 0),
(18, 36, 'Group B Premium', 100, 1, 0),
(19, 52, 'Group  Academy', 100, 1, 0),
(20, 21, 'Group Group A Premium', 50, 1, 0),
(21, 21, 'Group B Premium', 50, 1, 0),
(22, 67, 'Group A Classic', 50, 1, 0),
(23, 67, 'Group B Classic', 50, 1, 1),
(24, 67, 'Group A Premium', 50, 1, 0),
(25, 67, 'Group B Premium', 50, 1, 1),
(26, 41, 'Group Academy ', 100, 1, 0),
(27, 20, 'Chester Group A ', 50, 1, 1),
(28, 20, 'Group B Premium', 50, 1, 0),
(29, 20, 'Group A Premium', 100, 1, 0),
(30, 20, 'Student B', 100, 1, 1),
(31, 41, 'Group Academy', 100, 1, 1),
(32, 47, 'Group Premium', 100, 1, 0),
(33, 3, 'Group A Classic', 100, 1, 0),
(34, 3, 'Group B Classic', 100, 1, 0),
(35, 3, 'Group A Premium', 100, 1, 0),
(36, 3, 'Group B Premium', 100, 1, 0),
(37, 56, 'Group A Premium', 100, 1, 0),
(38, 56, 'Group B Premium', 100, 1, 0),
(39, 70, 'Group A Premium', 100, 1, 0),
(40, 70, 'Group B Premium', 100, 1, 0),
(41, 12, 'Group Academy', 100, 1, 0),
(42, 57, 'Group Premium', 100, 1, 0),
(43, 53, 'Group Academy', 100, 1, 0),
(44, 6, 'Classic Programme A', 100, 1, 0),
(45, 6, 'Classic Programme B', 100, 1, 0),
(46, 6, 'Group B Premium', 100, 1, 0),
(47, 6, 'Group A Premium', 100, 1, 0),
(48, 64, 'Mini Stay', 15, 1, 0),
(49, 70, 'London Uxbridge', 100, 1, 0),
(50, 6, 'delete this group', 10, 1, 1);

-- --------------------------------------------------------

--
-- Table structure for table `frontweb_walking_tour_centre_details`
--

DROP TABLE IF EXISTS `frontweb_walking_tour_centre_details`;
CREATE TABLE IF NOT EXISTS `frontweb_walking_tour_centre_details` (
  `walking_tour_centre_details_id` int(11) NOT NULL AUTO_INCREMENT COMMENT 'primary key',
  `centre_id` int(11) DEFAULT NULL,
  `icon_class` varchar(255) DEFAULT NULL,
  `title` varchar(255) DEFAULT NULL,
  `details` text,
  `sequence` int(11) DEFAULT NULL,
  PRIMARY KEY (`walking_tour_centre_details_id`)
) ENGINE=MyISAM AUTO_INCREMENT=101 DEFAULT CHARSET=utf8;

--
-- Dumping data for table `frontweb_walking_tour_centre_details`
--

INSERT INTO `frontweb_walking_tour_centre_details` (`walking_tour_centre_details_id`, `centre_id`, `icon_class`, `title`, `details`, `sequence`) VALUES
(1, 73, 'fa-home', 'Address', '<p>Professional Linguistic Upper Studies</p>\r\n									<p>8-10 Grosvenor Gardens,</p>\r\n									<p>Mezzanine floor,</p>\r\n									<p>London, SW1W 0DH</p>', 1),
(2, 73, 'fa-phone', 'Telephone', '<a href="tel:+ 44 (0)20 7730 2223">+ 44 (0)20 7730 2223</a>', 2),
(3, 73, 'fa-fax', 'Fax', '<a href="tel:+ 44 (0)20 7730 9209">+ 44 (0)20 7730 9209</a>', 3),
(4, 73, 'fa-envelope', 'Email', '<a href="mailto:plus@plus-ed.com">plus@plus-ed.com</a>', 4),
(5, 48, 'fa-home', 'Address', '<p>Professional Linguistic Upper Studies</p>\r\n									<p>8-10 Grosvenor Gardens,</p>\r\n									<p>Mezzanine floor,</p>\r\n									<p>London, SW1W 0DH</p>', 1),
(6, 48, 'fa-phone', 'Telephone', '<a href="tel:+ 44 (0)20 7730 2223">+ 44 (0)20 7730 2223</a>', 2),
(7, 48, 'fa-fax', 'Fax', '<a href="tel:+ 44 (0)20 7730 9209">+ 44 (0)20 7730 9209</a>', 3),
(8, 48, 'fa-envelope', 'Email', '<a href="mailto:plus@plus-ed.com">plus@plus-ed.com</a>', 4),
(9, 68, 'fa-home', 'Address', '<p>Professional Linguistic Upper Studies</p>\r\n									<p>8-10 Grosvenor Gardens,</p>\r\n									<p>Mezzanine floor,</p>\r\n									<p>London, SW1W 0DH</p>', 1),
(10, 68, 'fa-phone', 'Telephone', '<a href="tel:+ 44 (0)20 7730 2223">+ 44 (0)20 7730 2223</a>', 2),
(11, 68, 'fa-fax', 'Fax', '<a href="tel:+ 44 (0)20 7730 9209">+ 44 (0)20 7730 9209</a>', 3),
(12, 68, 'fa-envelope', 'Email', '<a href="mailto:plus@plus-ed.com">plus@plus-ed.com</a>', 4),
(13, 69, 'fa-home', 'Address', '<p>Professional Linguistic Upper Studies</p>\r\n									<p>8-10 Grosvenor Gardens,</p>\r\n									<p>Mezzanine floor,</p>\r\n									<p>London, SW1W 0DH</p>', 1),
(14, 69, 'fa-phone', 'Telephone', '<a href="tel:+ 44 (0)20 7730 2223">+ 44 (0)20 7730 2223</a>', 2),
(15, 69, 'fa-fax', 'Fax', '<a href="tel:+ 44 (0)20 7730 9209">+ 44 (0)20 7730 9209</a>', 3),
(16, 69, 'fa-envelope', 'Email', '<a href="mailto:plus@plus-ed.com">plus@plus-ed.com</a>', 4),
(17, 70, 'fa-home', 'Address', '<p>Professional Linguistic Upper Studies</p>\r\n									<p>8-10 Grosvenor Gardens,</p>\r\n									<p>Mezzanine floor,</p>\r\n									<p>London, SW1W 0DH</p>', 1),
(18, 70, 'fa-phone', 'Telephone', '<a href="tel:+ 44 (0)20 7730 2223">+ 44 (0)20 7730 2223</a>', 2),
(19, 70, 'fa-fax', 'Fax', '<a href="tel:+ 44 (0)20 7730 9209">+ 44 (0)20 7730 9209</a>', 3),
(20, 70, 'fa-envelope', 'Email', '<a href="mailto:plus@plus-ed.com">plus@plus-ed.com</a>', 4),
(21, 6, 'fa-home', 'Address', '<p>Professional Linguistic Upper Studies</p>\r\n									<p>8-10 Grosvenor Gardens,</p>\r\n									<p>Mezzanine floor,</p>\r\n									<p>London, SW1W 0DH</p>', 1),
(22, 6, 'fa-phone', 'Telephone', '<a href="tel:+ 44 (0)20 7730 2223">+ 44 (0)20 7730 2223</a>', 2),
(23, 6, 'fa-fax', 'Fax', '<a href="tel:+ 44 (0)20 7730 9209">+ 44 (0)20 7730 9209</a>', 3),
(24, 6, 'fa-envelope', 'Email', '<a href="mailto:plus@plus-ed.com">plus@plus-ed.com</a>', 4),
(25, 71, 'fa-home', 'Address', '<p>Professional Linguistic Upper Studies</p>\r\n									<p>8-10 Grosvenor Gardens,</p>\r\n									<p>Mezzanine floor,</p>\r\n									<p>London, SW1W 0DH</p>', 1),
(26, 71, 'fa-phone', 'Telephone', '<a href="tel:+ 44 (0)20 7730 2223">+ 44 (0)20 7730 2223</a>', 2),
(27, 71, 'fa-fax', 'Fax', '<a href="tel:+ 44 (0)20 7730 9209">+ 44 (0)20 7730 9209</a>', 3),
(28, 71, 'fa-envelope', 'Email', '<a href="mailto:plus@plus-ed.com">plus@plus-ed.com</a>', 4),
(29, 53, 'fa-home', 'Address', '<p>Professional Linguistic Upper Studies</p>\r\n									<p>8-10 Grosvenor Gardens,</p>\r\n									<p>Mezzanine floor,</p>\r\n									<p>London, SW1W 0DH</p>', 1),
(30, 53, 'fa-phone', 'Telephone', '<a href="tel:+ 44 (0)20 7730 2223">+ 44 (0)20 7730 2223</a>', 2),
(31, 53, 'fa-fax', 'Fax', '<a href="tel:+ 44 (0)20 7730 9209">+ 44 (0)20 7730 9209</a>', 3),
(32, 53, 'fa-envelope', 'Email', '<a href="mailto:plus@plus-ed.com">plus@plus-ed.com</a>', 4),
(33, 72, 'fa-home', 'Address', '<p>Professional Linguistic Upper Studies</p>\r\n									<p>8-10 Grosvenor Gardens,</p>\r\n									<p>Mezzanine floor,</p>\r\n									<p>London, SW1W 0DH</p>', 1),
(34, 72, 'fa-phone', 'Telephone', '<a href="tel:+ 44 (0)20 7730 2223">+ 44 (0)20 7730 2223</a>', 2),
(35, 72, 'fa-fax', 'Fax', '<a href="tel:+ 44 (0)20 7730 9209">+ 44 (0)20 7730 9209</a>', 3),
(36, 72, 'fa-envelope', 'Email', '<a href="mailto:plus@plus-ed.com">plus@plus-ed.com</a>', 4),
(37, 57, 'fa-home', 'Address', '<p>Professional Linguistic Upper Studies</p>\r\n									<p>8-10 Grosvenor Gardens,</p>\r\n									<p>Mezzanine floor,</p>\r\n									<p>London, SW1W 0DH</p>', 1),
(38, 57, 'fa-phone', 'Telephone', '<a href="tel:+ 44 (0)20 7730 2223">+ 44 (0)20 7730 2223</a>', 2),
(39, 57, 'fa-fax', 'Fax', '<a href="tel:+ 44 (0)20 7730 9209">+ 44 (0)20 7730 9209</a>', 3),
(40, 57, 'fa-envelope', 'Email', '<a href="mailto:plus@plus-ed.com">plus@plus-ed.com</a>', 4),
(41, 36, 'fa-home', 'Address', '<p>Professional Linguistic Upper Studies</p>\r\n									<p>8-10 Grosvenor Gardens,</p>\r\n									<p>Mezzanine floor,</p>\r\n									<p>London, SW1W 0DH</p>', 1),
(42, 36, 'fa-phone', 'Telephone', '<a href="tel:+ 44 (0)20 7730 2223">+ 44 (0)20 7730 2223</a>', 2),
(43, 36, 'fa-fax', 'Fax', '<a href="tel:+ 44 (0)20 7730 9209">+ 44 (0)20 7730 9209</a>', 3),
(44, 36, 'fa-envelope', 'Email', '<a href="mailto:plus@plus-ed.com">plus@plus-ed.com</a>', 4),
(45, 30, 'fa-home', 'Address', '<p>Professional Linguistic Upper Studies</p>\r\n									<p>8-10 Grosvenor Gardens,</p>\r\n									<p>Mezzanine floor,</p>\r\n									<p>London, SW1W 0DH</p>', 1),
(46, 30, 'fa-phone', 'Telephone', '<a href="tel:+ 44 (0)20 7730 2223">+ 44 (0)20 7730 2223</a>', 2),
(47, 30, 'fa-fax', 'Fax', '<a href="tel:+ 44 (0)20 7730 9209">+ 44 (0)20 7730 9209</a>', 3),
(48, 30, 'fa-envelope', 'Email', '<a href="mailto:plus@plus-ed.com">plus@plus-ed.com</a>', 4),
(49, 46, 'fa-home', 'Address', '<p>Professional Linguistic Upper Studies</p>\r\n									<p>8-10 Grosvenor Gardens,</p>\r\n									<p>Mezzanine floor,</p>\r\n									<p>London, SW1W 0DH</p>', 1),
(50, 46, 'fa-phone', 'Telephone', '<a href="tel:+ 44 (0)20 7730 2223">+ 44 (0)20 7730 2223</a>', 2),
(51, 46, 'fa-fax', 'Fax', '<a href="tel:+ 44 (0)20 7730 9209">+ 44 (0)20 7730 9209</a>', 3),
(52, 46, 'fa-envelope', 'Email', '<a href="mailto:plus@plus-ed.com">plus@plus-ed.com</a>', 4),
(53, 27, 'fa-home', 'Address', '<p>Professional Linguistic Upper Studies</p>\r\n									<p>8-10 Grosvenor Gardens,</p>\r\n									<p>Mezzanine floor,</p>\r\n									<p>London, SW1W 0DH</p>', 1),
(54, 27, 'fa-phone', 'Telephone', '<a href="tel:+ 44 (0)20 7730 2223">+ 44 (0)20 7730 2223</a>', 2),
(55, 27, 'fa-fax', 'Fax', '<a href="tel:+ 44 (0)20 7730 9209">+ 44 (0)20 7730 9209</a>', 3),
(56, 27, 'fa-envelope', 'Email', '<a href="mailto:plus@plus-ed.com">plus@plus-ed.com</a>', 4),
(57, 21, 'fa-home', 'Address', '<p>Professional Linguistic Upper Studies</p>\r\n									<p>8-10 Grosvenor Gardens,</p>\r\n									<p>Mezzanine floor,</p>\r\n									<p>London, SW1W 0DH</p>', 1),
(58, 21, 'fa-phone', 'Telephone', '<a href="tel:+ 44 (0)20 7730 2223">+ 44 (0)20 7730 2223</a>', 2),
(59, 21, 'fa-fax', 'Fax', '<a href="tel:+ 44 (0)20 7730 9209">+ 44 (0)20 7730 9209</a>', 3),
(60, 21, 'fa-envelope', 'Email', '<a href="mailto:plus@plus-ed.com">plus@plus-ed.com</a>', 4),
(61, 3, 'fa-home', 'Address', '<p>Professional Linguistic Upper Studies</p>\r\n									<p>8-10 Grosvenor Gardens,</p>\r\n									<p>Mezzanine floor,</p>\r\n									<p>London, SW1W 0DH</p>', 1),
(62, 3, 'fa-phone', 'Telephone', '<a href="tel:+ 44 (0)20 7730 2223">+ 44 (0)20 7730 2223</a>', 2),
(63, 3, 'fa-fax', 'Fax', '<a href="tel:+ 44 (0)20 7730 9209">+ 44 (0)20 7730 9209</a>', 3),
(64, 3, 'fa-envelope', 'Email', '<a href="mailto:plus@plus-ed.com">plus@plus-ed.com</a>', 4),
(65, 56, 'fa-home', 'Address', '<p>Professional Linguistic Upper Studies</p>\r\n									<p>8-10 Grosvenor Gardens,</p>\r\n									<p>Mezzanine floor,</p>\r\n									<p>London, SW1W 0DH</p>', 1),
(66, 56, 'fa-phone', 'Telephone', '<a href="tel:+ 44 (0)20 7730 2223">+ 44 (0)20 7730 2223</a>', 2),
(67, 56, 'fa-fax', 'Fax', '<a href="tel:+ 44 (0)20 7730 9209">+ 44 (0)20 7730 9209</a>', 3),
(68, 56, 'fa-envelope', 'Email', '<a href="mailto:plus@plus-ed.com">plus@plus-ed.com</a>', 4),
(69, 20, 'fa-home', 'Address', '<p>Professional Linguistic Upper Studies</p>\r\n									<p>8-10 Grosvenor Gardens,</p>\r\n									<p>Mezzanine floor,</p>\r\n									<p>London, SW1W 0DH</p>', 1),
(70, 20, 'fa-phone', 'Telephone', '<a href="tel:+ 44 (0)20 7730 2223">+ 44 (0)20 7730 2223</a>', 2),
(71, 20, 'fa-fax', 'Fax', '<a href="tel:+ 44 (0)20 7730 9209">+ 44 (0)20 7730 9209</a>', 3),
(72, 20, 'fa-envelope', 'Email', '<a href="mailto:plus@plus-ed.com">plus@plus-ed.com</a>', 4),
(73, 52, 'fa-home', 'Address', '<p>Professional Linguistic Upper Studies</p>\r\n									<p>8-10 Grosvenor Gardens,</p>\r\n									<p>Mezzanine floor,</p>\r\n									<p>London, SW1W 0DH</p>', 1),
(74, 52, 'fa-phone', 'Telephone', '<a href="tel:+ 44 (0)20 7730 2223">+ 44 (0)20 7730 2223</a>', 2),
(75, 52, 'fa-fax', 'Fax', '<a href="tel:+ 44 (0)20 7730 9209">+ 44 (0)20 7730 9209</a>', 3),
(76, 52, 'fa-envelope', 'Email', '<a href="mailto:plus@plus-ed.com">plus@plus-ed.com</a>', 4),
(77, 41, 'fa-home', 'Address', '<p>Professional Linguistic Upper Studies</p>\r\n									<p>8-10 Grosvenor Gardens,</p>\r\n									<p>Mezzanine floor,</p>\r\n									<p>London, SW1W 0DH</p>', 1),
(78, 41, 'fa-phone', 'Telephone', '<a href="tel:+ 44 (0)20 7730 2223">+ 44 (0)20 7730 2223</a>', 2),
(79, 41, 'fa-fax', 'Fax', '<a href="tel:+ 44 (0)20 7730 9209">+ 44 (0)20 7730 9209</a>', 3),
(80, 41, 'fa-envelope', 'Email', '<a href="mailto:plus@plus-ed.com">plus@plus-ed.com</a>', 4),
(81, 12, 'fa-home', 'Address', '<p>Professional Linguistic Upper Studies</p>\r\n									<p>8-10 Grosvenor Gardens,</p>\r\n									<p>Mezzanine floor,</p>\r\n									<p>London, SW1W 0DH</p>', 1),
(82, 12, 'fa-phone', 'Telephone', '<a href="tel:+ 44 (0)20 7730 2223">+ 44 (0)20 7730 2223</a>', 2),
(83, 12, 'fa-fax', 'Fax', '<a href="tel:+ 44 (0)20 7730 9209">+ 44 (0)20 7730 9209</a>', 3),
(84, 12, 'fa-envelope', 'Email', '<a href="mailto:plus@plus-ed.com">plus@plus-ed.com</a>', 4),
(85, 47, 'fa-home', 'Address', '<p>Professional Linguistic Upper Studies</p>\r\n									<p>8-10 Grosvenor Gardens,</p>\r\n									<p>Mezzanine floor,</p>\r\n									<p>London, SW1W 0DH</p>', 1),
(86, 47, 'fa-phone', 'Telephone', '<a href="tel:+ 44 (0)20 7730 2223">+ 44 (0)20 7730 2223</a>', 2),
(87, 47, 'fa-fax', 'Fax', '<a href="tel:+ 44 (0)20 7730 9209">+ 44 (0)20 7730 9209</a>', 3),
(88, 47, 'fa-envelope', 'Email', '<a href="mailto:plus@plus-ed.com">plus@plus-ed.com</a>', 4),
(89, 66, 'fa-home', 'Address', '<p>Professional Linguistic Upper Studies</p>\r\n									<p>8-10 Grosvenor Gardens,</p>\r\n									<p>Mezzanine floor,</p>\r\n									<p>London, SW1W 0DH</p>', 1),
(90, 66, 'fa-phone', 'Telephone', '<a href="tel:+ 44 (0)20 7730 2223">+ 44 (0)20 7730 2223</a>', 2),
(91, 66, 'fa-fax', 'Fax', '<a href="tel:+ 44 (0)20 7730 9209">+ 44 (0)20 7730 9209</a>', 3),
(92, 66, 'fa-envelope', 'Email', '<a href="mailto:plus@plus-ed.com">plus@plus-ed.com</a>', 4),
(93, 67, 'fa-home', 'Address', '<p>Professional Linguistic Upper Studies</p>\r\n									<p>8-10 Grosvenor Gardens,</p>\r\n									<p>Mezzanine floor,</p>\r\n									<p>London, SW1W 0DH</p>', 1),
(94, 67, 'fa-phone', 'Telephone', '<a href="tel:+ 44 (0)20 7730 2223">+ 44 (0)20 7730 2223</a>', 2),
(95, 67, 'fa-fax', 'Fax', '<a href="tel:+ 44 (0)20 7730 9209">+ 44 (0)20 7730 9209</a>', 3),
(96, 67, 'fa-envelope', 'Email', '<a href="mailto:plus@plus-ed.com">plus@plus-ed.com</a>', 4),
(97, 38, 'fa-home', 'Address', '<p>Professional Linguistic Upper Studies</p>\r\n									<p>8-10 Grosvenor Gardens,</p>\r\n									<p>Mezzanine floor,</p>\r\n									<p>London, SW1W 0DH</p>', 1),
(98, 38, 'fa-phone', 'Telephone', '<a href="tel:+ 44 (0)20 7730 2223">+ 44 (0)20 7730 2223</a>', 2),
(99, 38, 'fa-fax', 'Fax', '<a href="tel:+ 44 (0)20 7730 9209">+ 44 (0)20 7730 9209</a>', 3),
(100, 38, 'fa-envelope', 'Email', '<a href="mailto:plus@plus-ed.com">plus@plus-ed.com</a>', 4);

/*!40101 SET CHARACTER_SET_CLIENT=@OLD_CHARACTER_SET_CLIENT */;
/*!40101 SET CHARACTER_SET_RESULTS=@OLD_CHARACTER_SET_RESULTS */;
/*!40101 SET COLLATION_CONNECTION=@OLD_COLLATION_CONNECTION */;
